launch_day,has_twitter,has_website,market_cap_decile,description_bin,treated_n,treated_graduation_mean,control_n,control_graduation_mean,att_cell
2026-05-08,0,0,0,long,1,0.0,17.0,0.0,0.0
2026-05-08,0,0,1,very_long,2,0.0,17.0,0.0,0.0
2026-05-08,0,0,2,long,1,0.0,13.0,0.0,0.0
2026-05-08,0,0,2,medium,1,0.0,78.0,0.0,0.0
2026-05-08,0,0,2,very_long,2,0.0,24.0,0.0,0.0
2026-05-08,0,0,2,zero,3,0.0,89.0,0.0,0.0
2026-05-08,0,0,3,zero,1,0.0,25.0,0.0,0.0
2026-05-08,0,0,6,long,1,0.0,13.0,0.0,0.0
2026-05-08,0,0,6,medium,1,0.0,37.0,0.0,0.0
2026-05-08,0,0,7,zero,1,0.0,54.0,0.0,0.0
2026-05-08,0,0,8,long,1,0.0,2.0,0.0,0.0
2026-05-08,0,0,8,medium,1,0.0,23.0,0.0,0.0
2026-05-08,0,0,9,short,1,0.0,45.0,0.0,0.0
2026-05-08,0,0,9,zero,1,0.0,157.0,0.0,0.0
2026-05-08,0,1,0,medium,1,0.0,1.0,0.0,0.0
2026-05-08,0,1,6,medium,1,0.0,17.0,0.0,0.0
2026-05-08,0,1,7,medium,1,0.0,8.0,0.0,0.0
2026-05-08,0,1,7,very_long,1,0.0,5.0,0.0,0.0
2026-05-08,0,1,9,medium,3,0.0,2.0,0.0,0.0
2026-05-08,1,0,0,short,2,0.0,33.0,0.0,0.0
2026-05-08,1,0,1,zero,1,0.0,31.0,0.0,0.0
2026-05-08,1,0,4,long,1,0.0,1.0,0.0,0.0
2026-05-08,1,0,4,short,1,0.0,10.0,0.0,0.0
2026-05-08,1,0,5,very_long,1,0.0,8.0,0.0,0.0
2026-05-08,1,0,6,medium,1,0.0,212.0,0.0,0.0
2026-05-08,1,0,6,very_long,1,0.0,11.0,0.0,0.0
2026-05-08,1,0,7,long,1,0.0,12.0,0.0,0.0
2026-05-08,1,0,7,zero,1,0.0,80.0,0.0,0.0
2026-05-08,1,0,8,medium,1,0.0,70.0,0.0,0.0
2026-05-08,1,0,9,medium,1,0.0,40.0,0.0,0.0
2026-05-08,1,0,9,zero,1,0.0,84.0,0.0,0.0
2026-05-08,1,1,0,medium,1,0.0,30.0,0.0,0.0
2026-05-08,1,1,0,zero,2,0.0,20.0,0.0,0.0
2026-05-08,1,1,1,long,5,0.0,3.0,0.0,0.0
2026-05-08,1,1,1,medium,1,0.0,43.0,0.0,0.0
2026-05-08,1,1,2,short,2,0.0,13.0,0.0,0.0
2026-05-08,1,1,2,very_long,1,0.0,11.0,0.0,0.0
2026-05-08,1,1,2,zero,1,0.0,83.0,0.0,0.0
2026-05-08,1,1,3,short,1,0.0,3.0,0.0,0.0
2026-05-08,1,1,5,long,1,0.0,22.0,0.0,0.0
2026-05-08,1,1,5,medium,1,0.0,127.0,0.0,0.0
2026-05-08,1,1,5,short,2,0.0,27.0,0.0,0.0
2026-05-08,1,1,5,zero,3,0.0,151.0,0.0,0.0
2026-05-08,1,1,6,long,3,0.0,16.0,0.0,0.0
2026-05-08,1,1,6,medium,3,0.0,119.0,0.0,0.0
2026-05-08,1,1,6,short,3,0.0,15.0,0.0,0.0
2026-05-08,1,1,6,very_long,3,0.0,12.0,0.0,0.0
2026-05-08,1,1,6,zero,2,0.0,169.0,0.0,0.0
2026-05-08,1,1,7,long,1,0.0,30.0,0.0,0.0
2026-05-08,1,1,7,medium,5,0.0,81.0,0.0,0.0
2026-05-08,1,1,7,short,2,0.0,8.0,0.0,0.0
2026-05-08,1,1,7,very_long,1,0.0,9.0,0.0,0.0
2026-05-08,1,1,8,long,3,0.0,12.0,0.0,0.0
2026-05-08,1,1,8,medium,1,0.0,78.0,0.0,0.0
2026-05-08,1,1,8,very_long,1,0.0,5.0,0.0,0.0
2026-05-08,1,1,8,zero,1,0.0,81.0,0.0,0.0
2026-05-08,1,1,9,long,1,0.0,13.0,0.0,0.0
2026-05-08,1,1,9,medium,4,0.0,66.0,0.0,0.0
2026-05-08,1,1,9,short,1,0.0,15.0,0.0,0.0
2026-05-08,1,1,9,very_long,2,0.0,14.0,0.0,0.0
2026-05-08,1,1,9,zero,1,0.0,67.0,0.0,0.0
2026-05-09,0,0,0,long,1,0.0,91.0,0.0,0.0
2026-05-09,0,0,0,very_long,1,0.0,98.0,0.0,0.0
2026-05-09,0,0,0,zero,1,0.0,1333.0,0.0,0.0
2026-05-09,0,0,1,long,1,0.0,62.0,0.0,0.0
2026-05-09,0,0,2,medium,1,0.0,123.0,0.0,0.0
2026-05-09,0,0,2,very_long,1,0.0,40.0,0.0,0.0
2026-05-09,0,0,2,zero,2,0.0,236.0,0.0,0.0
2026-05-09,0,0,3,short,1,0.0,26.0,0.0,0.0
2026-05-09,0,0,3,zero,2,0.0,86.0,0.0,0.0
2026-05-09,0,0,5,long,3,0.0,47.0,0.0,0.0
2026-05-09,0,0,5,medium,1,0.0,111.0,0.0,0.0
2026-05-09,0,0,5,short,3,0.0,108.0,0.0,0.0
2026-05-09,0,0,6,long,2,0.0,33.0,0.0,0.0
2026-05-09,0,0,6,medium,2,0.0,115.0,0.0,0.0
2026-05-09,0,0,6,short,2,0.0,72.0,0.0,0.0
2026-05-09,0,0,6,zero,4,0.0,134.0,0.0,0.0
2026-05-09,0,0,7,long,1,0.0,45.0,0.0,0.0
2026-05-09,0,0,7,short,1,0.0,65.0,0.0,0.0
2026-05-09,0,0,7,very_long,5,0.0,51.0,0.0,0.0
2026-05-09,0,0,8,medium,1,0.0,66.0,0.0,0.0
2026-05-09,0,0,8,short,2,0.0,50.0,0.0,0.0
2026-05-09,0,0,9,short,6,0.0,176.0,0.0,0.0
2026-05-09,0,0,9,very_long,2,0.0,28.0,0.0,0.0
2026-05-09,0,0,9,zero,19,0.0,500.0,0.0,0.0
2026-05-09,0,1,2,long,3,0.0,5.0,0.0,0.0
2026-05-09,0,1,2,zero,1,0.0,15.0,0.0,0.0
2026-05-09,0,1,4,long,1,0.0,2.0,0.0,0.0
2026-05-09,0,1,5,long,1,0.0,4.0,0.0,0.0
2026-05-09,0,1,5,medium,1,0.0,39.0,0.0,0.0
2026-05-09,0,1,6,long,1,0.0,4.0,0.0,0.0
2026-05-09,0,1,7,long,1,0.0,10.0,0.0,0.0
2026-05-09,0,1,7,very_long,2,0.0,19.0,0.0,0.0
2026-05-09,1,0,0,long,2,0.0,28.0,0.0,0.0
2026-05-09,1,0,0,short,2,0.0,94.0,0.0,0.0
2026-05-09,1,0,0,very_long,1,0.0,6.0,0.0,0.0
2026-05-09,1,0,0,zero,2,0.0,106.0,0.0,0.0
2026-05-09,1,0,1,medium,1,0.0,94.0,0.0,0.0
2026-05-09,1,0,1,short,1,0.0,65.0,0.0,0.0
2026-05-09,1,0,1,very_long,1,0.0,1.0,0.0,0.0
2026-05-09,1,0,1,zero,1,0.0,89.0,0.0,0.0
2026-05-09,1,0,2,long,2,0.0,19.0,0.0,0.0
2026-05-09,1,0,2,very_long,2,0.0,13.0,0.0,0.0
2026-05-09,1,0,3,short,1,0.0,14.0,0.0,0.0
2026-05-09,1,0,4,zero,2,0.0,269.0,0.0,0.0
2026-05-09,1,0,5,medium,4,0.0,554.0,0.0,0.0
2026-05-09,1,0,5,zero,1,0.0,596.0,0.0,0.0
2026-05-09,1,0,6,long,4,0.0,22.0,0.0,0.0
2026-05-09,1,0,6,medium,2,0.0,426.0,0.0,0.0
2026-05-09,1,0,6,short,1,0.0,81.0,0.0,0.0
2026-05-09,1,0,6,very_long,3,0.0,17.0,0.0,0.0
2026-05-09,1,0,6,zero,2,0.0,525.0,0.0,0.0
2026-05-09,1,0,7,long,9,0.0,38.0,0.0,0.0
2026-05-09,1,0,7,medium,2,0.0,269.0,0.0,0.0
2026-05-09,1,0,7,short,2,0.0,48.0,0.0,0.0
2026-05-09,1,0,7,very_long,3,0.0,16.0,0.0,0.0
2026-05-09,1,0,7,zero,1,0.0,275.0,0.0,0.0
2026-05-09,1,0,8,long,1,0.0,15.0,0.0,0.0
2026-05-09,1,0,8,medium,1,0.0,188.0,0.0,0.0
2026-05-09,1,0,8,short,3,0.0,45.0,0.0,0.0
2026-05-09,1,0,8,very_long,3,0.0,7.0,0.0,0.0
2026-05-09,1,0,8,zero,1,0.0,220.0,0.0,0.0
2026-05-09,1,0,9,long,1,0.0,24.0,0.0,0.0
2026-05-09,1,0,9,medium,4,0.0,152.0,0.006578947368421,-0.006578947368421
2026-05-09,1,0,9,zero,3,0.0,168.0,0.0059523809523809,-0.0059523809523809
2026-05-09,1,1,0,medium,1,0.0,100.0,0.0,0.0
2026-05-09,1,1,0,very_long,1,0.0,11.0,0.0,0.0
2026-05-09,1,1,0,zero,7,0.0,77.0,0.0,0.0
2026-05-09,1,1,1,medium,1,0.0,61.0,0.0,0.0
2026-05-09,1,1,1,zero,2,0.0,50.0,0.0,0.0
2026-05-09,1,1,2,long,1,0.0,11.0,0.0,0.0
2026-05-09,1,1,2,medium,4,0.0,713.0,0.0,0.0
2026-05-09,1,1,2,short,4,0.0,16.0,0.0,0.0
2026-05-09,1,1,2,very_long,3,0.0,12.0,0.0,0.0
2026-05-09,1,1,2,zero,2,0.0,263.0,0.0,0.0
2026-05-09,1,1,3,medium,5,0.0,391.0,0.0,0.0
2026-05-09,1,1,3,short,1,0.0,10.0,0.0,0.0
2026-05-09,1,1,3,zero,11,0.0,231.0,0.0,0.0
2026-05-09,1,1,4,medium,3,0.0,342.0,0.0,0.0
2026-05-09,1,1,4,short,1,0.0,35.0,0.0,0.0
2026-05-09,1,1,4,zero,3,0.0,214.0,0.0,0.0
2026-05-09,1,1,5,long,3,0.0,44.0,0.0,0.0
2026-05-09,1,1,5,medium,4,0.25,673.0,0.0,0.25
2026-05-09,1,1,5,short,6,0.0,67.0,0.0,0.0
2026-05-09,1,1,5,very_long,3,0.0,16.0,0.0,0.0
2026-05-09,1,1,5,zero,16,0.0,533.0,0.0,0.0
2026-05-09,1,1,6,long,9,0.0,39.0,0.0,0.0
2026-05-09,1,1,6,medium,6,0.0,420.0,0.0,0.0
2026-05-09,1,1,6,short,9,0.0,50.0,0.0,0.0
2026-05-09,1,1,6,very_long,3,0.0,16.0,0.0,0.0
2026-05-09,1,1,6,zero,3,0.0,359.0,0.0,0.0
2026-05-09,1,1,7,long,9,0.0,48.0,0.0,0.0
2026-05-09,1,1,7,medium,8,0.0,314.0,0.0,0.0
2026-05-09,1,1,7,short,2,0.0,36.0,0.0,0.0
2026-05-09,1,1,7,very_long,12,0.0,27.0,0.0,0.0
2026-05-09,1,1,7,zero,4,0.0,248.0,0.0,0.0
2026-05-09,1,1,8,long,6,0.0,45.0,0.0,0.0
2026-05-09,1,1,8,medium,3,0.0,262.0,0.0,0.0
2026-05-09,1,1,8,short,1,0.0,34.0,0.0,0.0
2026-05-09,1,1,8,very_long,5,0.0,13.0,0.0,0.0
2026-05-09,1,1,8,zero,3,0.0,260.0,0.0,0.0
2026-05-09,1,1,9,long,1,0.0,22.0,0.0,0.0
2026-05-09,1,1,9,medium,11,0.0,220.0,0.0045454545454545,-0.0045454545454545
2026-05-09,1,1,9,short,5,0.0,41.0,0.0,0.0
2026-05-09,1,1,9,very_long,5,0.0,20.0,0.0,0.0
2026-05-09,1,1,9,zero,3,0.0,232.0,0.0,0.0
2026-05-10,0,0,0,long,1,0.0,44.0,0.0,0.0
2026-05-10,0,0,0,very_long,2,0.0,100.0,0.0,0.0
2026-05-10,0,0,0,zero,4,0.0,1020.0,0.0,0.0
2026-05-10,0,0,1,zero,6,0.0,777.0,0.0,0.0
2026-05-10,0,0,2,long,1,0.0,40.0,0.0,0.0
2026-05-10,0,0,2,medium,3,0.0,160.0,0.00625,-0.00625
2026-05-10,0,0,2,zero,2,0.0,207.0,0.0,0.0
2026-05-10,0,0,3,zero,1,0.0,119.0,0.0,0.0
2026-05-10,0,0,5,medium,5,0.0,120.0,0.0,0.0
2026-05-10,0,0,5,very_long,1,0.0,39.0,0.0,0.0
2026-05-10,0,0,5,zero,2,0.0,135.0,0.0,0.0
2026-05-10,0,0,6,long,3,0.0,23.0,0.0,0.0
2026-05-10,0,0,6,medium,3,0.0,107.0,0.0,0.0
2026-05-10,0,0,6,very_long,1,0.0,40.0,0.0,0.0
2026-05-10,0,0,7,long,1,0.0,31.0,0.0,0.0
2026-05-10,0,0,7,medium,5,0.0,95.0,0.0,0.0
2026-05-10,0,0,7,zero,1,0.0,123.0,0.0,0.0
2026-05-10,0,0,9,short,3,0.0,194.0,0.0,0.0
2026-05-10,0,0,9,zero,24,0.0,482.0,0.0,0.0
2026-05-10,0,1,0,medium,3,0.0,38.0,0.0,0.0
2026-05-10,0,1,1,long,2,0.0,1.0,0.0,0.0
2026-05-10,0,1,1,medium,3,0.0,34.0,0.0,0.0
2026-05-10,0,1,1,zero,1,0.0,15.0,0.0,0.0
2026-05-10,0,1,2,medium,1,0.0,75.0,0.0,0.0
2026-05-10,0,1,2,very_long,2,0.0,9.0,0.0,0.0
2026-05-10,0,1,3,short,1,0.0,4.0,0.0,0.0
2026-05-10,0,1,6,long,1,0.0,3.0,0.0,0.0
2026-05-10,0,1,7,short,1,0.0,15.0,0.0,0.0
2026-05-10,0,1,7,very_long,2,0.0,5.0,0.0,0.0
2026-05-10,0,1,7,zero,1,0.0,39.0,0.0,0.0
2026-05-10,0,1,8,long,2,0.0,2.0,0.0,0.0
2026-05-10,0,1,8,medium,1,0.0,19.0,0.0,0.0
2026-05-10,0,1,8,very_long,1,0.0,3.0,0.0,0.0
2026-05-10,0,1,9,medium,2,0.0,17.0,0.0,0.0
2026-05-10,0,1,9,very_long,1,0.0,1.0,0.0,0.0
2026-05-10,0,1,9,zero,1,0.0,29.0,0.0344827586206896,-0.0344827586206896
2026-05-10,1,0,0,long,2,0.0,15.0,0.0,0.0
2026-05-10,1,0,0,medium,1,0.0,98.0,0.0,0.0
2026-05-10,1,0,0,very_long,2,0.0,20.0,0.0,0.0
2026-05-10,1,0,0,zero,24,0.0,103.0,0.0,0.0
2026-05-10,1,0,1,zero,11,0.0,72.0,0.0,0.0
2026-05-10,1,0,2,very_long,1,0.0,19.0,0.0,0.0
2026-05-10,1,0,2,zero,2,0.0,781.0,0.0,0.0
2026-05-10,1,0,5,long,1,0.0,28.0,0.0,0.0
2026-05-10,1,0,5,medium,1,0.0,470.0,0.0,0.0
2026-05-10,1,0,5,short,1,0.0,79.0,0.0,0.0
2026-05-10,1,0,5,very_long,2,0.0,18.0,0.0,0.0
2026-05-10,1,0,5,zero,1,0.0,452.0,0.0,0.0
2026-05-10,1,0,6,long,1,0.0,21.0,0.0,0.0
2026-05-10,1,0,6,very_long,4,0.0,20.0,0.0,0.0
2026-05-10,1,0,6,zero,1,0.0,414.0,0.0,0.0
2026-05-10,1,0,7,long,5,0.0,33.0,0.0,0.0
2026-05-10,1,0,7,medium,7,0.0,326.0,0.0,0.0
2026-05-10,1,0,7,very_long,4,0.0,16.0,0.0,0.0
2026-05-10,1,0,8,long,3,0.0,18.0,0.0,0.0
2026-05-10,1,0,8,medium,1,0.0,151.0,0.0,0.0
2026-05-10,1,0,8,zero,5,0.0,192.0,0.0,0.0
2026-05-10,1,0,9,long,4,0.0,11.0,0.0,0.0
2026-05-10,1,0,9,medium,1,0.0,136.0,0.0,0.0
2026-05-10,1,0,9,very_long,1,0.0,16.0,0.0,0.0
2026-05-10,1,0,9,zero,7,0.0,149.0,0.0134228187919463,-0.0134228187919463
2026-05-10,1,1,0,long,1,0.0,11.0,0.0,0.0
2026-05-10,1,1,0,medium,15,0.0,31.0,0.0,0.0
2026-05-10,1,1,0,short,2,0.0,1.0,0.0,0.0
2026-05-10,1,1,0,very_long,1,0.0,7.0,0.0,0.0
2026-05-10,1,1,0,zero,84,0.0,97.0,0.0,0.0
2026-05-10,1,1,1,medium,17,0.0,40.0,0.0,0.0
2026-05-10,1,1,1,short,1,0.0,3.0,0.0,0.0
2026-05-10,1,1,1,very_long,1,0.0,7.0,0.0,0.0
2026-05-10,1,1,1,zero,56,0.0,84.0,0.0,0.0
2026-05-10,1,1,2,medium,30,0.0,689.0,0.0,0.0
2026-05-10,1,1,2,short,3,0.0,21.0,0.0,0.0
2026-05-10,1,1,2,very_long,1,0.0,14.0,0.0,0.0
2026-05-10,1,1,2,zero,8,0.0,334.0,0.0,0.0
2026-05-10,1,1,3,medium,11,0.0,378.0,0.0,0.0
2026-05-10,1,1,3,short,10,0.0,18.0,0.0,0.0
2026-05-10,1,1,3,zero,2,0.0,236.0,0.0,0.0
2026-05-10,1,1,4,long,4,0.0,34.0,0.0,0.0
2026-05-10,1,1,4,medium,6,0.0,268.0,0.0,0.0
2026-05-10,1,1,4,short,1,0.0,31.0,0.0,0.0
2026-05-10,1,1,5,long,2,0.0,45.0,0.0,0.0
2026-05-10,1,1,5,medium,15,0.0,558.0,0.0,0.0
2026-05-10,1,1,5,short,4,0.0,51.0,0.0,0.0
2026-05-10,1,1,5,very_long,5,0.0,11.0,0.0,0.0
2026-05-10,1,1,5,zero,21,0.0,465.0,0.0,0.0
2026-05-10,1,1,6,long,5,0.0,43.0,0.0,0.0
2026-05-10,1,1,6,medium,17,0.0,353.0,0.0,0.0
2026-05-10,1,1,6,short,4,0.0,50.0,0.0,0.0
2026-05-10,1,1,6,very_long,2,0.0,10.0,0.0,0.0
2026-05-10,1,1,6,zero,7,0.0,287.0,0.0,0.0
2026-05-10,1,1,7,long,10,0.0,56.0,0.0,0.0
2026-05-10,1,1,7,medium,13,0.0,318.0,0.0,0.0
2026-05-10,1,1,7,short,4,0.0,49.0,0.0,0.0
2026-05-10,1,1,7,very_long,11,0.0,24.0,0.0,0.0
2026-05-10,1,1,7,zero,6,0.0,262.0,0.0,0.0
2026-05-10,1,1,8,long,7,0.0,22.0,0.0,0.0
2026-05-10,1,1,8,medium,13,0.0,234.0,0.0,0.0
2026-05-10,1,1,8,short,5,0.0,36.0,0.0,0.0
2026-05-10,1,1,8,very_long,2,0.0,12.0,0.0,0.0
2026-05-10,1,1,8,zero,14,0.0,245.0,0.0,0.0
2026-05-10,1,1,9,long,7,0.0,23.0,0.0,0.0
2026-05-10,1,1,9,medium,27,0.037037037037037,172.0,0.0,0.037037037037037
2026-05-10,1,1,9,short,5,0.2,24.0,0.0,0.2
2026-05-10,1,1,9,very_long,5,0.2,9.0,0.0,0.2
2026-05-10,1,1,9,zero,20,0.0,202.0,0.0,0.0
2026-05-11,0,0,0,very_long,7,0.0,59.0,0.0,0.0
2026-05-11,0,0,0,zero,2,0.0,930.0,0.0,0.0
2026-05-11,0,0,1,very_long,3,0.0,49.0,0.0,0.0
2026-05-11,0,0,2,long,1,0.0,41.0,0.0,0.0
2026-05-11,0,0,2,medium,1,0.0,171.0,0.0,0.0
2026-05-11,0,0,2,short,2,0.0,97.0,0.0,0.0
2026-05-11,0,0,2,very_long,3,0.0,53.0,0.0,0.0
2026-05-11,0,0,3,short,1,0.0,21.0,0.0,0.0
2026-05-11,0,0,4,zero,1,0.0,28.0,0.0,0.0
2026-05-11,0,0,5,medium,2,0.0,110.0,0.0,0.0
2026-05-11,0,0,5,short,6,0.0,79.0,0.0,0.0
2026-05-11,0,0,5,zero,2,0.0,137.0,0.0,0.0
2026-05-11,0,0,6,long,3,0.0,35.0,0.0,0.0
2026-05-11,0,0,6,short,6,0.0,59.0,0.0,0.0
2026-05-11,0,0,6,very_long,2,0.0,48.0,0.0,0.0
2026-05-11,0,0,6,zero,4,0.0,116.0,0.0,0.0
2026-05-11,0,0,7,long,1,0.0,25.0,0.0,0.0
2026-05-11,0,0,7,medium,3,0.0,72.0,0.0,0.0
2026-05-11,0,0,7,very_long,3,0.0,25.0,0.0,0.0
2026-05-11,0,0,7,zero,5,0.0,143.0,0.0,0.0
2026-05-11,0,0,8,medium,2,0.0,71.0,0.0,0.0
2026-05-11,0,0,8,short,4,0.0,72.0,0.0,0.0
2026-05-11,0,0,8,very_long,1,0.0,21.0,0.0,0.0
2026-05-11,0,0,8,zero,1,0.0,203.0,0.0,0.0
2026-05-11,0,0,9,short,17,0.0,184.0,0.0,0.0
2026-05-11,0,0,9,very_long,5,0.0,38.0,0.0,0.0
2026-05-11,0,0,9,zero,14,0.0,603.0,0.0016583747927031,-0.0016583747927031
2026-05-11,0,1,0,zero,4,0.0,15.0,0.0,0.0
2026-05-11,0,1,1,short,1,0.0,2.0,0.0,0.0
2026-05-11,0,1,1,very_long,2,0.0,2.0,0.0,0.0
2026-05-11,0,1,1,zero,1,0.0,11.0,0.0,0.0
2026-05-11,0,1,2,short,6,0.0,10.0,0.0,0.0
2026-05-11,0,1,2,very_long,1,0.0,6.0,0.0,0.0
2026-05-11,0,1,4,short,1,0.0,3.0,0.0,0.0
2026-05-11,0,1,6,medium,1,0.0,41.0,0.0,0.0
2026-05-11,0,1,6,short,3,0.0,8.0,0.0,0.0
2026-05-11,0,1,7,medium,1,0.0,44.0,0.0,0.0
2026-05-11,0,1,7,very_long,1,0.0,9.0,0.0,0.0
2026-05-11,0,1,9,short,3,0.0,2.0,0.0,0.0
2026-05-11,0,1,9,very_long,1,0.0,3.0,0.0,0.0
2026-05-11,0,1,9,zero,1,0.0,24.0,0.0416666666666666,-0.0416666666666666
2026-05-11,1,0,0,long,1,0.0,7.0,0.0,0.0
2026-05-11,1,0,0,medium,4,0.0,92.0,0.0,0.0
2026-05-11,1,0,0,short,1,0.0,14.0,0.0,0.0
2026-05-11,1,0,0,very_long,2,0.0,5.0,0.0,0.0
2026-05-11,1,0,0,zero,2,0.0,172.0,0.0,0.0
2026-05-11,1,0,1,short,3,0.0,20.0,0.0,0.0
2026-05-11,1,0,1,zero,2,0.0,203.0,0.0,0.0
2026-05-11,1,0,2,medium,2,0.0,599.0,0.0,0.0
2026-05-11,1,0,2,short,1,0.0,22.0,0.0,0.0
2026-05-11,1,0,2,very_long,1,0.0,27.0,0.0,0.0
2026-05-11,1,0,2,zero,1,0.0,812.0,0.0,0.0
2026-05-11,1,0,3,zero,1,0.0,216.0,0.0,0.0
2026-05-11,1,0,5,long,2,0.0,21.0,0.0,0.0
2026-05-11,1,0,5,medium,3,0.0,506.0,0.0,0.0
2026-05-11,1,0,5,zero,1,0.0,558.0,0.0,0.0
2026-05-11,1,0,6,long,2,0.0,16.0,0.0,0.0
2026-05-11,1,0,6,short,3,0.0,71.0,0.0,0.0
2026-05-11,1,0,6,very_long,3,0.0,12.0,0.0,0.0
2026-05-11,1,0,6,zero,3,0.0,519.0,0.0,0.0
2026-05-11,1,0,7,long,1,0.0,23.0,0.0,0.0
2026-05-11,1,0,7,medium,3,0.0,409.0,0.0,0.0
2026-05-11,1,0,7,short,1,0.0,66.0,0.0,0.0
2026-05-11,1,0,7,very_long,1,0.0,13.0,0.0,0.0
2026-05-11,1,0,7,zero,4,0.0,357.0,0.0,0.0
2026-05-11,1,0,8,long,1,0.0,13.0,0.0,0.0
2026-05-11,1,0,8,medium,4,0.0,252.0,0.0,0.0
2026-05-11,1,0,8,short,2,0.0,32.0,0.0,0.0
2026-05-11,1,0,8,very_long,2,0.0,12.0,0.0,0.0
2026-05-11,1,0,8,zero,3,0.0,309.0,0.0,0.0
2026-05-11,1,0,9,medium,5,0.0,174.0,0.0057471264367816,-0.0057471264367816
2026-05-11,1,0,9,zero,1,0.0,280.0,0.0,0.0
2026-05-11,1,1,0,medium,3,0.0,62.0,0.0,0.0
2026-05-11,1,1,0,very_long,1,0.0,1.0,0.0,0.0
2026-05-11,1,1,0,zero,8,0.0,66.0,0.0,0.0
2026-05-11,1,1,1,medium,3,0.0,92.0,0.0,0.0
2026-05-11,1,1,1,short,2,0.0,17.0,0.0,0.0
2026-05-11,1,1,1,very_long,6,0.0,4.0,0.0,0.0
2026-05-11,1,1,1,zero,10,0.0,42.0,0.0238095238095238,-0.0238095238095238
2026-05-11,1,1,2,long,3,0.0,21.0,0.0,0.0
2026-05-11,1,1,2,medium,53,0.0,720.0,0.0,0.0
2026-05-11,1,1,2,short,12,0.0,37.0,0.0,0.0
2026-05-11,1,1,2,very_long,5,0.0,17.0,0.0,0.0
2026-05-11,1,1,2,zero,6,0.0,283.0,0.0,0.0
2026-05-11,1,1,3,long,1,0.0,11.0,0.0,0.0
2026-05-11,1,1,3,short,7,0.0,21.0,0.0,0.0
2026-05-11,1,1,3,very_long,2,0.0,1.0,0.0,0.0
2026-05-11,1,1,3,zero,2,0.0,205.0,0.0,0.0
2026-05-11,1,1,4,long,1,0.0,19.0,0.0,0.0
2026-05-11,1,1,4,very_long,2,0.0,7.0,0.0,0.0
2026-05-11,1,1,4,zero,1,0.0,185.0,0.0,0.0
2026-05-11,1,1,5,long,7,0.0,37.0,0.0,0.0
2026-05-11,1,1,5,medium,18,0.0,549.0,0.0,0.0
2026-05-11,1,1,5,short,5,0.0,69.0,0.0,0.0
2026-05-11,1,1,5,very_long,2,0.0,9.0,0.0,0.0
2026-05-11,1,1,5,zero,8,0.0,524.0,0.0,0.0
2026-05-11,1,1,6,long,6,0.0,32.0,0.0,0.0
2026-05-11,1,1,6,medium,8,0.0,372.0,0.0,0.0
2026-05-11,1,1,6,short,9,0.0,54.0,0.0,0.0
2026-05-11,1,1,6,very_long,4,0.0,25.0,0.0,0.0
2026-05-11,1,1,6,zero,6,0.0,406.0,0.0,0.0
2026-05-11,1,1,7,long,10,0.0,68.0,0.0,0.0
2026-05-11,1,1,7,medium,10,0.0,345.0,0.0,0.0
2026-05-11,1,1,7,short,4,0.0,62.0,0.0,0.0
2026-05-11,1,1,7,very_long,8,0.0,27.0,0.0,0.0
2026-05-11,1,1,7,zero,6,0.0,331.0,0.0,0.0
2026-05-11,1,1,8,long,7,0.0,30.0,0.0,0.0
2026-05-11,1,1,8,medium,6,0.0,320.0,0.0,0.0
2026-05-11,1,1,8,short,4,0.0,40.0,0.0,0.0
2026-05-11,1,1,8,very_long,5,0.0,16.0,0.0,0.0
2026-05-11,1,1,8,zero,2,0.0,347.0,0.0,0.0
2026-05-11,1,1,9,long,21,0.1428571428571428,30.0,0.0,0.1428571428571428
2026-05-11,1,1,9,medium,15,0.0,235.0,0.0042553191489361,-0.0042553191489361
2026-05-11,1,1,9,short,3,0.0,35.0,0.0,0.0
2026-05-11,1,1,9,very_long,7,0.0,14.0,0.0,0.0
2026-05-11,1,1,9,zero,9,0.0,238.0,0.0,0.0
2026-05-12,0,0,0,very_long,1,0.0,87.0,0.0,0.0
2026-05-12,0,0,0,zero,1,0.0,596.0,0.0,0.0
2026-05-12,0,0,1,very_long,1,0.0,107.0,0.0,0.0
2026-05-12,0,0,2,long,4,0.0,85.0,0.0117647058823529,-0.0117647058823529
2026-05-12,0,0,2,medium,1,0.0,422.0,0.0,0.0
2026-05-12,0,0,2,very_long,4,0.0,107.0,0.0,0.0
2026-05-12,0,0,2,zero,1,0.0,436.0,0.0,0.0
2026-05-12,0,0,3,long,2,0.0,7.0,0.0,0.0
2026-05-12,0,0,4,zero,1,0.0,42.0,0.0,0.0
2026-05-12,0,0,5,long,1,0.0,53.0,0.0,0.0
2026-05-12,0,0,5,medium,2,0.0,132.0,0.0,0.0
2026-05-12,0,0,5,short,2,0.0,91.0,0.0,0.0
2026-05-12,0,0,6,long,3,0.0,51.0,0.0,0.0
2026-05-12,0,0,6,medium,2,0.0,126.0,0.0,0.0
2026-05-12,0,0,6,short,2,0.0,83.0,0.0,0.0
2026-05-12,0,0,6,zero,3,0.0,167.0,0.0,0.0
2026-05-12,0,0,7,long,3,0.0,47.0,0.0,0.0
2026-05-12,0,0,7,medium,1,0.0,113.0,0.0,0.0
2026-05-12,0,0,7,short,3,0.0,95.0,0.0,0.0
2026-05-12,0,0,7,very_long,1,0.0,40.0,0.0,0.0
2026-05-12,0,0,7,zero,4,0.0,219.0,0.0,0.0
2026-05-12,0,0,8,long,1,0.0,21.0,0.0,0.0
2026-05-12,0,0,8,short,2,0.0,90.0,0.0,0.0
2026-05-12,0,0,8,zero,4,0.0,247.0,0.0,0.0
2026-05-12,0,0,9,medium,1,0.0,128.0,0.0078125,-0.0078125
2026-05-12,0,0,9,short,11,0.0,170.0,0.0,0.0
2026-05-12,0,0,9,zero,12,0.0833333333333333,444.0,0.0067567567567567,0.0765765765765765
2026-05-12,0,1,0,zero,1,0.0,7.0,0.0,0.0
2026-05-12,0,1,1,zero,3,0.0,14.0,0.0,0.0
2026-05-12,0,1,2,long,1,0.0,30.0,0.0,0.0
2026-05-12,0,1,2,medium,1,0.0,194.0,0.0051546391752577,-0.0051546391752577
2026-05-12,0,1,2,zero,2,0.0,90.0,0.0,0.0
2026-05-12,0,1,6,medium,3,0.0,71.0,0.0,0.0
2026-05-12,0,1,6,short,1,0.0,11.0,0.0,0.0
2026-05-12,0,1,6,zero,2,0.0,134.0,0.0,0.0
2026-05-12,0,1,7,long,1,0.0,7.0,0.0,0.0
2026-05-12,0,1,7,medium,2,0.0,71.0,0.0,0.0
2026-05-12,0,1,7,very_long,2,0.0,11.0,0.0,0.0
2026-05-12,0,1,8,long,1,0.0,4.0,0.0,0.0
2026-05-12,0,1,8,medium,2,0.0,50.0,0.0,0.0
2026-05-12,0,1,8,short,1,0.0,12.0,0.0,0.0
2026-05-12,0,1,8,very_long,1,0.0,8.0,0.0,0.0
2026-05-12,0,1,9,long,2,0.0,1.0,0.0,0.0
2026-05-12,0,1,9,medium,2,0.0,32.0,0.03125,-0.03125
2026-05-12,0,1,9,zero,1,0.0,76.0,0.0921052631578947,-0.0921052631578947
2026-05-12,1,0,0,short,4,0.0,81.0,0.0,0.0
2026-05-12,1,0,0,very_long,5,0.0,11.0,0.0,0.0
2026-05-12,1,0,0,zero,1,0.0,145.0,0.0,0.0
2026-05-12,1,0,1,medium,1,0.0,122.0,0.0,0.0
2026-05-12,1,0,1,short,1,0.0,70.0,0.0,0.0
2026-05-12,1,0,1,very_long,5,0.0,13.0,0.0,0.0
2026-05-12,1,0,1,zero,3,0.0,185.0,0.0,0.0
2026-05-12,1,0,2,long,1,0.0,41.0,0.0,0.0
2026-05-12,1,0,2,medium,1,0.0,961.0,0.0010405827263267,-0.0010405827263267
2026-05-12,1,0,2,zero,1,0.0,857.0,0.0011668611435239,-0.0011668611435239
2026-05-12,1,0,3,long,1,0.0,11.0,0.0,0.0
2026-05-12,1,0,3,medium,1,0.0,377.0,0.0,0.0
2026-05-12,1,0,3,zero,1,0.0,251.0,0.0,0.0
2026-05-12,1,0,4,medium,1,0.0,652.0,0.0,0.0
2026-05-12,1,0,4,short,1,0.0,34.0,0.0,0.0
2026-05-12,1,0,4,zero,2,0.0,386.0,0.0,0.0
2026-05-12,1,0,5,medium,3,0.0,460.0,0.0,0.0
2026-05-12,1,0,5,very_long,1,0.0,14.0,0.0,0.0
2026-05-12,1,0,6,long,10,0.0,24.0,0.0,0.0
2026-05-12,1,0,6,medium,1,0.0,698.0,0.0,0.0
2026-05-12,1,0,6,short,1,0.0,147.0,0.0,0.0
2026-05-12,1,0,6,very_long,5,0.0,21.0,0.0,0.0
2026-05-12,1,0,6,zero,1,0.0,743.0,0.0,0.0
2026-05-12,1,0,7,long,5,0.0,39.0,0.0,0.0
2026-05-12,1,0,7,medium,11,0.0,687.0,0.0,0.0
2026-05-12,1,0,7,short,1,0.0,141.0,0.0,0.0
2026-05-12,1,0,7,very_long,2,0.0,30.0,0.0,0.0
2026-05-12,1,0,7,zero,1,0.0,604.0,0.0049668874172185,-0.0049668874172185
2026-05-12,1,0,8,long,4,0.0,22.0,0.0,0.0
2026-05-12,1,0,8,medium,2,0.0,435.0,0.0,0.0
2026-05-12,1,0,8,very_long,3,0.0,9.0,0.0,0.0
2026-05-12,1,0,8,zero,4,0.0,557.0,0.0,0.0
2026-05-12,1,0,9,long,2,0.0,19.0,0.0526315789473684,-0.0526315789473684
2026-05-12,1,0,9,medium,2,0.5,240.0,0.0333333333333333,0.4666666666666667
2026-05-12,1,0,9,short,1,1.0,97.0,0.0206185567010309,0.979381443298969
2026-05-12,1,0,9,very_long,5,0.0,16.0,0.0,0.0
2026-05-12,1,0,9,zero,3,0.0,358.0,0.0167597765363128,-0.0167597765363128
2026-05-12,1,1,0,long,1,0.0,1.0,0.0,0.0
2026-05-12,1,1,0,medium,1,0.0,23.0,0.0,0.0
2026-05-12,1,1,0,short,1,0.0,16.0,0.0,0.0
2026-05-12,1,1,0,very_long,5,0.0,7.0,0.0,0.0
2026-05-12,1,1,0,zero,11,0.0,41.0,0.0,0.0
2026-05-12,1,1,1,long,1,0.0,4.0,0.0,0.0
2026-05-12,1,1,1,short,2,0.0,20.0,0.0,0.0
2026-05-12,1,1,1,very_long,8,0.0,22.0,0.0,0.0
2026-05-12,1,1,1,zero,17,0.0,68.0,0.0,0.0
2026-05-12,1,1,2,long,5,0.2,45.0,0.0,0.2
2026-05-12,1,1,2,medium,47,0.0,1470.0,0.0,0.0
2026-05-12,1,1,2,short,4,0.0,77.0,0.0,0.0
2026-05-12,1,1,2,very_long,7,0.0,41.0,0.0,0.0
2026-05-12,1,1,2,zero,7,0.0,593.0,0.0,0.0
2026-05-12,1,1,3,medium,81,0.0,563.0,0.0,0.0
2026-05-12,1,1,3,short,11,0.0,78.0,0.0,0.0
2026-05-12,1,1,3,zero,1,0.0,345.0,0.0,0.0
2026-05-12,1,1,4,long,3,0.0,28.0,0.0,0.0
2026-05-12,1,1,4,medium,25,0.0,447.0,0.0,0.0
2026-05-12,1,1,4,short,2,0.0,40.0,0.0,0.0
2026-05-12,1,1,4,zero,3,0.0,238.0,0.0,0.0
2026-05-12,1,1,5,long,4,0.0,51.0,0.0,0.0
2026-05-12,1,1,5,medium,23,0.0,513.0,0.0,0.0
2026-05-12,1,1,5,short,17,0.0,74.0,0.0,0.0
2026-05-12,1,1,5,very_long,3,0.0,22.0,0.0,0.0
2026-05-12,1,1,6,long,11,0.0,45.0,0.0,0.0
2026-05-12,1,1,6,medium,11,0.0,475.0,0.0,0.0
2026-05-12,1,1,6,short,4,0.0,78.0,0.0,0.0
2026-05-12,1,1,6,very_long,2,0.0,31.0,0.0,0.0
2026-05-12,1,1,6,zero,6,0.0,519.0,0.0,0.0
2026-05-12,1,1,7,long,19,0.0,74.0,0.0,0.0
2026-05-12,1,1,7,medium,11,0.0,606.0,0.0,0.0
2026-05-12,1,1,7,short,9,0.0,103.0,0.0,0.0
2026-05-12,1,1,7,very_long,6,0.0,27.0,0.0,0.0
2026-05-12,1,1,7,zero,8,0.0,587.0,0.0,0.0
2026-05-12,1,1,8,long,9,0.0,58.0,0.0,0.0
2026-05-12,1,1,8,medium,12,0.0,586.0,0.0,0.0
2026-05-12,1,1,8,short,3,0.0,77.0,0.0,0.0
2026-05-12,1,1,8,very_long,7,0.0,27.0,0.0,0.0
2026-05-12,1,1,8,zero,5,0.0,587.0,0.0,0.0
2026-05-12,1,1,9,long,19,0.1052631578947368,38.0,0.0263157894736842,0.0789473684210526
2026-05-12,1,1,9,medium,14,0.2142857142857142,327.0,0.0091743119266055,0.2051114023591087
2026-05-12,1,1,9,short,1,0.0,79.0,0.0126582278481012,-0.0126582278481012
2026-05-12,1,1,9,very_long,7,0.0,23.0,0.0,0.0
2026-05-12,1,1,9,zero,11,0.0909090909090909,366.0,0.0081967213114754,0.0827123695976155
2026-05-13,0,0,0,medium,1,0.0,137.0,0.0,0.0
2026-05-13,0,0,0,very_long,5,0.0,72.0,0.0,0.0
2026-05-13,0,0,0,zero,1,0.0,837.0,0.0,0.0
2026-05-13,0,0,1,very_long,3,0.0,99.0,0.0,0.0
2026-05-13,0,0,2,long,4,0.0,90.0,0.0,0.0
2026-05-13,0,0,2,medium,5,0.0,291.0,0.0,0.0
2026-05-13,0,0,2,short,2,0.0,185.0,0.0,0.0
2026-05-13,0,0,2,very_long,3,0.0,170.0,0.0,0.0
2026-05-13,0,0,2,zero,2,0.0,561.0,0.0035650623885918,-0.0035650623885918
2026-05-13,0,0,4,short,3,0.0,46.0,0.0,0.0
2026-05-13,0,0,5,medium,2,0.0,99.0,0.0,0.0
2026-05-13,0,0,5,short,5,0.0,75.0,0.0,0.0
2026-05-13,0,0,5,very_long,1,0.0,42.0,0.0,0.0
2026-05-13,0,0,5,zero,2,0.0,154.0,0.0,0.0
2026-05-13,0,0,6,long,6,0.0,44.0,0.0,0.0
2026-05-13,0,0,6,medium,3,0.0,146.0,0.0,0.0
2026-05-13,0,0,6,short,2,0.0,95.0,0.0,0.0
2026-05-13,0,0,6,very_long,1,0.0,53.0,0.0,0.0
2026-05-13,0,0,6,zero,1,0.0,173.0,0.0,0.0
2026-05-13,0,0,7,long,2,0.0,70.0,0.0,0.0
2026-05-13,0,0,7,medium,7,0.0,129.0,0.0,0.0
2026-05-13,0,0,7,very_long,2,0.0,62.0,0.0,0.0
2026-05-13,0,0,7,zero,2,0.0,234.0,0.0,0.0
2026-05-13,0,0,8,medium,2,0.0,90.0,0.0,0.0
2026-05-13,0,0,8,short,3,0.0,105.0,0.0,0.0
2026-05-13,0,0,9,medium,1,0.0,99.0,0.0,0.0
2026-05-13,0,0,9,short,7,0.0,183.0,0.0218579234972677,-0.0218579234972677
2026-05-13,0,0,9,very_long,3,0.0,75.0,0.0,0.0
2026-05-13,0,0,9,zero,10,0.0,624.0,0.0048076923076923,-0.0048076923076923
2026-05-13,0,1,0,very_long,1,0.0,4.0,0.0,0.0
2026-05-13,0,1,1,medium,1,0.0,6.0,0.0,0.0
2026-05-13,0,1,2,medium,3,0.0,370.0,0.0,0.0
2026-05-13,0,1,2,very_long,7,0.0,116.0,0.0,0.0
2026-05-13,0,1,2,zero,1,0.0,104.0,0.0096153846153846,-0.0096153846153846
2026-05-13,0,1,4,long,1,0.0,4.0,0.0,0.0
2026-05-13,0,1,4,medium,2,0.0,63.0,0.0,0.0
2026-05-13,0,1,4,zero,1,0.0,121.0,0.0,0.0
2026-05-13,0,1,5,medium,1,0.0,39.0,0.0,0.0
2026-05-13,0,1,5,short,1,0.0,5.0,0.0,0.0
2026-05-13,0,1,5,very_long,5,0.0,15.0,0.0,0.0
2026-05-13,0,1,6,long,1,0.0,9.0,0.0,0.0
2026-05-13,0,1,6,short,1,0.0,12.0,0.0,0.0
2026-05-13,0,1,7,very_long,2,0.0,11.0,0.0,0.0
2026-05-13,0,1,8,medium,1,0.0,30.0,0.0,0.0
2026-05-13,0,1,8,short,1,0.0,23.0,0.0,0.0
2026-05-13,0,1,9,short,2,0.0,2.0,0.0,0.0
2026-05-13,1,0,0,long,1,0.0,5.0,0.0,0.0
2026-05-13,1,0,0,medium,1,0.0,26.0,0.0,0.0
2026-05-13,1,0,0,very_long,3,0.0,22.0,0.0,0.0
2026-05-13,1,0,0,zero,1,0.0,102.0,0.0,0.0
2026-05-13,1,0,1,long,1,0.0,14.0,0.0,0.0
2026-05-13,1,0,1,very_long,1,0.0,17.0,0.0,0.0
2026-05-13,1,0,2,long,16,0.0,29.0,0.0,0.0
2026-05-13,1,0,2,medium,2,0.0,1063.0,0.0,0.0
2026-05-13,1,0,2,short,1,0.0,54.0,0.0,0.0
2026-05-13,1,0,2,very_long,2,0.0,25.0,0.0,0.0
2026-05-13,1,0,2,zero,1,0.0,643.0,0.0031104199066874,-0.0031104199066874
2026-05-13,1,0,4,long,1,0.0,6.0,0.0,0.0
2026-05-13,1,0,5,long,2,0.0,19.0,0.0,0.0
2026-05-13,1,0,5,medium,1,0.0,471.0,0.0,0.0
2026-05-13,1,0,5,zero,1,0.0,454.0,0.0,0.0
2026-05-13,1,0,6,long,4,0.0,41.0,0.0,0.0
2026-05-13,1,0,6,medium,3,0.0,678.0,0.0,0.0
2026-05-13,1,0,6,short,1,0.0,148.0,0.0,0.0
2026-05-13,1,0,6,very_long,5,0.0,32.0,0.0,0.0
2026-05-13,1,0,7,long,4,0.0,70.0,0.0,0.0
2026-05-13,1,0,7,medium,6,0.0,540.0,0.0,0.0
2026-05-13,1,0,7,short,2,0.0,128.0,0.0,0.0
2026-05-13,1,0,7,very_long,10,0.0,26.0,0.0,0.0
2026-05-13,1,0,7,zero,2,0.0,630.0,0.0,0.0
2026-05-13,1,0,8,long,2,0.0,29.0,0.0,0.0
2026-05-13,1,0,8,very_long,2,0.0,18.0,0.0,0.0
2026-05-13,1,0,9,long,3,0.0,19.0,0.0526315789473684,-0.0526315789473684
2026-05-13,1,0,9,medium,3,0.3333333333333333,210.0,0.0428571428571428,0.2904761904761904
2026-05-13,1,0,9,short,1,0.0,53.0,0.0,0.0
2026-05-13,1,0,9,very_long,2,0.0,17.0,0.0,0.0
2026-05-13,1,1,0,long,4,0.0,9.0,0.0,0.0
2026-05-13,1,1,0,medium,3,0.0,25.0,0.0,0.0
2026-05-13,1,1,0,zero,89,0.0,24.0,0.0,0.0
2026-05-13,1,1,1,long,3,0.0,16.0,0.0,0.0
2026-05-13,1,1,1,very_long,2,0.0,5.0,0.0,0.0
2026-05-13,1,1,1,zero,92,0.0,69.0,0.0,0.0
2026-05-13,1,1,2,long,5,0.0,576.0,0.0,0.0
2026-05-13,1,1,2,medium,23,0.0434782608695652,1567.0,0.0006381620931716,0.0428400987763935
2026-05-13,1,1,2,short,11,0.0,56.0,0.0,0.0
2026-05-13,1,1,2,very_long,6,0.0,31.0,0.0,0.0
2026-05-13,1,1,2,zero,19,0.0,554.0,0.0,0.0
2026-05-13,1,1,4,medium,30,0.0,1000.0,0.0,0.0
2026-05-13,1,1,4,short,99,0.0,43.0,0.0,0.0
2026-05-13,1,1,4,very_long,2,0.0,5.0,0.0,0.0
2026-05-13,1,1,4,zero,15,0.0,506.0,0.0,0.0
2026-05-13,1,1,5,long,2,0.5,240.0,0.0,0.5
2026-05-13,1,1,5,medium,18,0.0,559.0,0.0,0.0
2026-05-13,1,1,5,short,14,0.0,78.0,0.0,0.0
2026-05-13,1,1,5,very_long,5,0.0,25.0,0.0,0.0
2026-05-13,1,1,5,zero,3,0.0,375.0,0.0,0.0
2026-05-13,1,1,6,long,9,0.0,64.0,0.0,0.0
2026-05-13,1,1,6,medium,15,0.0,481.0,0.0,0.0
2026-05-13,1,1,6,short,13,0.0,87.0,0.0,0.0
2026-05-13,1,1,6,very_long,6,0.0,25.0,0.0,0.0
2026-05-13,1,1,6,zero,1,0.0,437.0,0.0,0.0
2026-05-13,1,1,7,long,17,0.0588235294117647,90.0,0.0,0.0588235294117647
2026-05-13,1,1,7,medium,9,0.0,528.0,0.0,0.0
2026-05-13,1,1,7,short,6,0.0,83.0,0.0,0.0
2026-05-13,1,1,7,very_long,20,0.0,37.0,0.0,0.0
2026-05-13,1,1,7,zero,12,0.0,487.0,0.0,0.0
2026-05-13,1,1,8,long,7,0.0,51.0,0.0,0.0
2026-05-13,1,1,8,medium,15,0.0,459.0,0.0,0.0
2026-05-13,1,1,8,short,1,0.0,68.0,0.0,0.0
2026-05-13,1,1,8,very_long,8,0.0,36.0,0.0,0.0
2026-05-13,1,1,8,zero,25,0.0,551.0,0.0018148820326678,-0.0018148820326678
2026-05-13,1,1,9,long,11,0.2727272727272727,38.0,0.0789473684210526,0.19377990430622
2026-05-13,1,1,9,medium,10,0.2,302.0,0.0132450331125827,0.1867549668874172
2026-05-13,1,1,9,short,5,0.2,59.0,0.0,0.2
2026-05-13,1,1,9,very_long,10,0.1,25.0,0.08,0.02
2026-05-13,1,1,9,zero,44,0.0,316.0,0.0158227848101265,-0.0158227848101265
2026-05-14,0,0,0,medium,2,0.0,212.0,0.0,0.0
2026-05-14,0,0,0,short,1,0.0,374.0,0.0,0.0
2026-05-14,0,0,0,very_long,5,0.0,45.0,0.0,0.0
2026-05-14,0,0,1,long,1,0.0,78.0,0.0,0.0
2026-05-14,0,0,1,medium,1,0.0,276.0,0.0,0.0
2026-05-14,0,0,1,short,1,0.0,533.0,0.0018761726078799,-0.0018761726078799
2026-05-14,0,0,1,very_long,8,0.0,80.0,0.0,0.0
2026-05-14,0,0,1,zero,2,0.0,1107.0,0.000903342366757,-0.000903342366757
2026-05-14,0,0,2,long,2,0.0,95.0,0.0,0.0
2026-05-14,0,0,2,medium,1,0.0,380.0,0.0026315789473684,-0.0026315789473684
2026-05-14,0,0,2,very_long,4,0.0,96.0,0.0,0.0
2026-05-14,0,0,2,zero,4,0.25,394.0,0.0,0.25
2026-05-14,0,0,5,long,5,0.0,38.0,0.0,0.0
2026-05-14,0,0,5,medium,1,0.0,140.0,0.0,0.0
2026-05-14,0,0,5,short,1,0.0,128.0,0.0,0.0
2026-05-14,0,0,5,very_long,1,0.0,53.0,0.0,0.0
2026-05-14,0,0,5,zero,4,0.0,147.0,0.0,0.0
2026-05-14,0,0,6,long,1,0.0,48.0,0.0,0.0
2026-05-14,0,0,6,short,3,0.0,82.0,0.0,0.0
2026-05-14,0,0,6,very_long,2,0.0,52.0,0.0,0.0
2026-05-14,0,0,6,zero,2,0.0,212.0,0.0,0.0
2026-05-14,0,0,7,long,2,0.0,76.0,0.0131578947368421,-0.0131578947368421
2026-05-14,0,0,7,medium,4,0.0,130.0,0.0,0.0
2026-05-14,0,0,7,short,2,0.0,128.0,0.0,0.0
2026-05-14,0,0,7,very_long,4,0.0,46.0,0.0,0.0
2026-05-14,0,0,7,zero,6,0.0,230.0,0.0,0.0
2026-05-14,0,0,8,medium,4,0.0,101.0,0.0,0.0
2026-05-14,0,0,8,short,1,0.0,155.0,0.0064516129032258,-0.0064516129032258
2026-05-14,0,0,8,very_long,2,0.0,27.0,0.0,0.0
2026-05-14,0,0,8,zero,1,0.0,304.0,0.0,0.0
2026-05-14,0,0,9,long,2,0.0,47.0,0.0212765957446808,-0.0212765957446808
2026-05-14,0,0,9,short,11,0.1818181818181818,333.0,0.0,0.1818181818181818
2026-05-14,0,0,9,very_long,3,0.0,42.0,0.0,0.0
2026-05-14,0,0,9,zero,12,0.25,588.0,0.0017006802721088,0.2482993197278911
2026-05-14,0,1,2,long,2,0.0,4.0,0.0,0.0
2026-05-14,0,1,2,very_long,1,0.0,36.0,0.0,0.0
2026-05-14,0,1,4,medium,3,0.0,76.0,0.0,0.0
2026-05-14,0,1,5,very_long,1,0.0,18.0,0.0,0.0
2026-05-14,0,1,6,long,2,0.0,10.0,0.0,0.0
2026-05-14,0,1,6,very_long,1,0.0,9.0,0.0,0.0
2026-05-14,0,1,7,long,1,0.0,16.0,0.0,0.0
2026-05-14,0,1,7,zero,3,0.0,81.0,0.0,0.0
2026-05-14,0,1,9,medium,1,0.0,15.0,0.0666666666666666,-0.0666666666666666
2026-05-14,1,0,0,medium,1,0.0,20.0,0.0,0.0
2026-05-14,1,0,0,very_long,1,0.0,12.0,0.0,0.0
2026-05-14,1,0,1,long,1,0.0,27.0,0.0,0.0
2026-05-14,1,0,1,very_long,3,0.0,7.0,0.0,0.0
2026-05-14,1,0,1,zero,1,0.0,49.0,0.0,0.0
2026-05-14,1,0,2,long,3,0.0,60.0,0.0,0.0
2026-05-14,1,0,2,medium,2,0.0,895.0,0.0011173184357541,-0.0011173184357541
2026-05-14,1,0,2,very_long,2,0.0,21.0,0.0,0.0
2026-05-14,1,0,2,zero,3,0.0,784.0,0.0025510204081632,-0.0025510204081632
2026-05-14,1,0,4,short,1,0.0,47.0,0.0,0.0
2026-05-14,1,0,5,long,4,0.0,21.0,0.0,0.0
2026-05-14,1,0,5,medium,1,0.0,444.0,0.0,0.0
2026-05-14,1,0,5,very_long,1,0.0,19.0,0.0,0.0
2026-05-14,1,0,6,long,4,0.0,46.0,0.0,0.0
2026-05-14,1,0,6,medium,5,0.0,656.0,0.0,0.0
2026-05-14,1,0,6,short,1,0.0,151.0,0.0,0.0
2026-05-14,1,0,6,very_long,4,0.0,27.0,0.0,0.0
2026-05-14,1,0,6,zero,1,0.0,830.0,0.0,0.0
2026-05-14,1,0,7,medium,9,0.0,556.0,0.0,0.0
2026-05-14,1,0,7,short,2,0.0,125.0,0.0,0.0
2026-05-14,1,0,7,very_long,6,0.0,29.0,0.0,0.0
2026-05-14,1,0,7,zero,3,0.0,627.0,0.0,0.0
2026-05-14,1,0,8,long,1,0.0,18.0,0.0,0.0
2026-05-14,1,0,8,medium,2,0.0,392.0,0.0,0.0
2026-05-14,1,0,8,short,1,0.0,103.0,0.0,0.0
2026-05-14,1,0,8,very_long,1,0.0,22.0,0.0,0.0
2026-05-14,1,0,8,zero,2,0.0,629.0,0.0,0.0
2026-05-14,1,0,9,medium,1,0.0,210.0,0.0666666666666666,-0.0666666666666666
2026-05-14,1,0,9,very_long,4,0.0,18.0,0.0,0.0
2026-05-14,1,0,9,zero,2,0.0,308.0,0.0259740259740259,-0.0259740259740259
2026-05-14,1,1,0,long,3,0.0,27.0,0.0,0.0
2026-05-14,1,1,0,medium,7,0.0,71.0,0.0,0.0
2026-05-14,1,1,0,short,2,0.0,29.0,0.0,0.0
2026-05-14,1,1,0,very_long,6,0.0,18.0,0.0,0.0
2026-05-14,1,1,0,zero,1,0.0,16.0,0.0,0.0
2026-05-14,1,1,1,long,4,0.0,32.0,0.0,0.0
2026-05-14,1,1,1,medium,2,0.0,144.0,0.0,0.0
2026-05-14,1,1,1,short,1,0.0,32.0,0.0,0.0
2026-05-14,1,1,1,very_long,5,0.0,18.0,0.0,0.0
2026-05-14,1,1,1,zero,1,0.0,26.0,0.0,0.0
2026-05-14,1,1,2,long,6,0.3333333333333333,68.0,0.0147058823529411,0.3186274509803921
2026-05-14,1,1,2,medium,16,0.0,1166.0,0.0,0.0
2026-05-14,1,1,2,short,2,0.0,24.0,0.0,0.0
2026-05-14,1,1,2,very_long,9,0.0,22.0,0.0,0.0
2026-05-14,1,1,2,zero,4,0.0,661.0,0.0,0.0
2026-05-14,1,1,4,long,1,0.0,24.0,0.0,0.0
2026-05-14,1,1,4,medium,2,0.0,920.0,0.0,0.0
2026-05-14,1,1,4,short,36,0.0,74.0,0.0,0.0
2026-05-14,1,1,4,very_long,2,0.0,5.0,0.0,0.0
2026-05-14,1,1,4,zero,4,0.0,527.0,0.0,0.0
2026-05-14,1,1,5,long,3,0.0,39.0,0.0,0.0
2026-05-14,1,1,5,medium,9,0.0,496.0,0.0,0.0
2026-05-14,1,1,5,short,6,0.0,39.0,0.0,0.0
2026-05-14,1,1,5,very_long,7,0.0,14.0,0.0,0.0
2026-05-14,1,1,5,zero,3,0.0,354.0,0.0,0.0
2026-05-14,1,1,6,long,8,0.0,65.0,0.0,0.0
2026-05-14,1,1,6,medium,11,0.0,544.0,0.0018382352941176,-0.0018382352941176
2026-05-14,1,1,6,short,3,0.0,57.0,0.0,0.0
2026-05-14,1,1,6,very_long,13,0.0,42.0,0.0,0.0
2026-05-14,1,1,6,zero,2,0.0,474.0,0.0,0.0
2026-05-14,1,1,7,long,14,0.0,124.0,0.0,0.0
2026-05-14,1,1,7,medium,4,0.0,589.0,0.0,0.0
2026-05-14,1,1,7,short,6,0.0,81.0,0.0,0.0
2026-05-14,1,1,7,very_long,13,0.0,44.0,0.0,0.0
2026-05-14,1,1,7,zero,4,0.0,508.0,0.0019685039370078,-0.0019685039370078
2026-05-14,1,1,8,long,8,0.0,66.0,0.0,0.0
2026-05-14,1,1,8,medium,8,0.0,548.0,0.0,0.0
2026-05-14,1,1,8,short,4,0.0,82.0,0.0,0.0
2026-05-14,1,1,8,very_long,13,0.0,35.0,0.0,0.0
2026-05-14,1,1,8,zero,4,0.0,618.0,0.0,0.0
2026-05-14,1,1,9,long,15,0.2,67.0,0.044776119402985,0.1552238805970149
2026-05-14,1,1,9,medium,11,0.1818181818181818,339.0,0.0088495575221238,0.1729686242960579
2026-05-14,1,1,9,short,10,0.2,65.0,0.0153846153846153,0.1846153846153846
2026-05-14,1,1,9,very_long,7,0.0,35.0,0.0,0.0
2026-05-14,1,1,9,zero,5,0.0,303.0,0.0264026402640264,-0.0264026402640264
2026-05-15,0,0,0,long,1,0.0,45.0,0.0,0.0
2026-05-15,0,0,0,medium,4,0.0,206.0,0.0,0.0
2026-05-15,0,0,0,very_long,6,0.1666666666666666,36.0,0.0,0.1666666666666666
2026-05-15,0,0,1,very_long,1,0.0,66.0,0.0,0.0
2026-05-15,0,0,2,long,1,0.0,104.0,0.0,0.0
2026-05-15,0,0,2,medium,4,0.0,299.0,0.0066889632107023,-0.0066889632107023
2026-05-15,0,0,2,short,3,0.0,187.0,0.0,0.0
2026-05-15,0,0,2,very_long,2,0.0,108.0,0.0,0.0
2026-05-15,0,0,2,zero,3,0.0,526.0,0.0,0.0
2026-05-15,0,0,4,medium,3,0.0,95.0,0.0,0.0
2026-05-15,0,0,4,short,1,0.0,27.0,0.0,0.0
2026-05-15,0,0,5,long,2,0.0,44.0,0.0,0.0
2026-05-15,0,0,5,medium,2,0.0,140.0,0.0,0.0
2026-05-15,0,0,6,long,1,0.0,42.0,0.0,0.0
2026-05-15,0,0,6,medium,7,0.0,140.0,0.0,0.0
2026-05-15,0,0,6,short,1,0.0,66.0,0.0,0.0
2026-05-15,0,0,6,very_long,2,0.0,56.0,0.0,0.0
2026-05-15,0,0,6,zero,5,0.0,241.0,0.0,0.0
2026-05-15,0,0,7,long,2,0.0,76.0,0.0,0.0
2026-05-15,0,0,7,medium,1,0.0,118.0,0.0,0.0
2026-05-15,0,0,7,short,2,0.0,90.0,0.0,0.0
2026-05-15,0,0,7,very_long,2,0.0,56.0,0.0,0.0
2026-05-15,0,0,7,zero,2,0.0,240.0,0.0,0.0
2026-05-15,0,0,8,long,2,0.0,27.0,0.0,0.0
2026-05-15,0,0,8,medium,1,0.0,88.0,0.0,0.0
2026-05-15,0,0,8,short,3,0.0,124.0,0.0,0.0
2026-05-15,0,0,8,very_long,3,0.0,17.0,0.0,0.0
2026-05-15,0,0,8,zero,3,0.0,273.0,0.0,0.0
2026-05-15,0,0,9,medium,1,0.0,155.0,0.0,0.0
2026-05-15,0,0,9,short,8,0.0,237.0,0.0042194092827004,-0.0042194092827004
2026-05-15,0,0,9,very_long,1,0.0,25.0,0.0,0.0
2026-05-15,0,0,9,zero,11,0.0,575.0,0.0069565217391304,-0.0069565217391304
2026-05-15,0,1,1,medium,1,0.0,12.0,0.0,0.0
2026-05-15,0,1,1,very_long,1,0.0,11.0,0.0,0.0
2026-05-15,0,1,2,long,1,0.0,12.0,0.0833333333333333,-0.0833333333333333
2026-05-15,0,1,2,medium,9,0.0,1176.0,0.0,0.0
2026-05-15,0,1,2,short,1,0.0,29.0,0.0,0.0
2026-05-15,0,1,2,very_long,1,0.0,9.0,0.0,0.0
2026-05-15,0,1,2,zero,1,0.0,42.0,0.0,0.0
2026-05-15,0,1,4,medium,12,0.0,92.0,0.0,0.0
2026-05-15,0,1,5,long,1,0.0,4.0,0.0,0.0
2026-05-15,0,1,5,medium,3,0.0,52.0,0.0,0.0
2026-05-15,0,1,6,zero,3,0.0,74.0,0.0,0.0
2026-05-15,0,1,7,long,1,0.0,11.0,0.0,0.0
2026-05-15,0,1,7,medium,2,0.0,43.0,0.0,0.0
2026-05-15,0,1,7,very_long,1,0.0,6.0,0.0,0.0
2026-05-15,0,1,8,long,2,0.0,1.0,0.0,0.0
2026-05-15,0,1,8,short,3,0.0,16.0,0.0,0.0
2026-05-15,0,1,9,medium,1,0.0,16.0,0.0,0.0
2026-05-15,0,1,9,very_long,2,0.0,4.0,0.0,0.0
2026-05-15,0,1,9,zero,1,0.0,89.0,0.0112359550561797,-0.0112359550561797
2026-05-15,1,0,0,long,1,0.0,18.0,0.0,0.0
2026-05-15,1,0,0,very_long,2,0.0,4.0,0.0,0.0
2026-05-15,1,0,1,long,2,0.0,21.0,0.0,0.0
2026-05-15,1,0,1,medium,1,0.0,39.0,0.0,0.0
2026-05-15,1,0,2,long,2,0.0,52.0,0.0,0.0
2026-05-15,1,0,2,medium,1,0.0,933.0,0.0,0.0
2026-05-15,1,0,2,short,2,0.0,81.0,0.0,0.0
2026-05-15,1,0,2,very_long,2,0.0,34.0,0.0,0.0
2026-05-15,1,0,2,zero,7,0.0,723.0,0.0027662517289073,-0.0027662517289073
2026-05-15,1,0,4,long,1,0.0,6.0,0.0,0.0
2026-05-15,1,0,5,medium,3,0.0,408.0,0.0,0.0
2026-05-15,1,0,5,short,2,0.0,89.0,0.0,0.0
2026-05-15,1,0,5,very_long,1,0.0,24.0,0.0,0.0
2026-05-15,1,0,5,zero,6,0.0,498.0,0.0,0.0
2026-05-15,1,0,6,long,4,0.0,39.0,0.0,0.0
2026-05-15,1,0,6,medium,5,0.0,444.0,0.0,0.0
2026-05-15,1,0,6,short,1,0.0,129.0,0.0,0.0
2026-05-15,1,0,6,very_long,4,0.0,20.0,0.0,0.0
2026-05-15,1,0,6,zero,2,0.0,658.0,0.0,0.0
2026-05-15,1,0,7,long,8,0.0,40.0,0.0,0.0
2026-05-15,1,0,7,medium,6,0.0,437.0,0.0,0.0
2026-05-15,1,0,7,very_long,3,0.0,29.0,0.0,0.0
2026-05-15,1,0,7,zero,1,0.0,521.0,0.0,0.0
2026-05-15,1,0,8,long,3,0.0,23.0,0.0,0.0
2026-05-15,1,0,8,medium,1,0.0,311.0,0.0032154340836012,-0.0032154340836012
2026-05-15,1,0,8,short,1,0.0,75.0,0.0,0.0
2026-05-15,1,0,8,very_long,1,0.0,15.0,0.0,0.0
2026-05-15,1,0,8,zero,1,0.0,537.0,0.0,0.0
2026-05-15,1,0,9,long,1,0.0,26.0,0.0,0.0
2026-05-15,1,0,9,medium,4,0.25,152.0,0.0263157894736842,0.2236842105263158
2026-05-15,1,0,9,short,10,0.0,53.0,0.0377358490566037,-0.0377358490566037
2026-05-15,1,0,9,very_long,1,0.0,17.0,0.0588235294117647,-0.0588235294117647
2026-05-15,1,0,9,zero,1,0.0,299.0,0.0367892976588628,-0.0367892976588628
2026-05-15,1,1,0,long,16,0.0,38.0,0.0,0.0
2026-05-15,1,1,0,medium,1,0.0,95.0,0.0,0.0
2026-05-15,1,1,0,short,1,0.0,19.0,0.0,0.0
2026-05-15,1,1,0,very_long,18,0.0,18.0,0.0,0.0
2026-05-15,1,1,0,zero,8,0.0,20.0,0.0,0.0
2026-05-15,1,1,1,long,39,0.0,60.0,0.0,0.0
2026-05-15,1,1,1,medium,2,0.0,120.0,0.0,0.0
2026-05-15,1,1,1,very_long,26,0.0,30.0,0.0,0.0
2026-05-15,1,1,1,zero,9,0.0,21.0,0.0,0.0
2026-05-15,1,1,2,long,5,0.0,39.0,0.0256410256410256,-0.0256410256410256
2026-05-15,1,1,2,medium,12,0.0,1254.0,0.0,0.0
2026-05-15,1,1,2,short,3,0.0,31.0,0.0,0.0
2026-05-15,1,1,2,very_long,14,0.0,31.0,0.0,0.0
2026-05-15,1,1,2,zero,5,0.0,551.0,0.0,0.0
2026-05-15,1,1,4,long,1,0.0,29.0,0.0,0.0
2026-05-15,1,1,4,medium,53,0.0,854.0,0.0,0.0
2026-05-15,1,1,4,short,1,0.0,38.0,0.0,0.0
2026-05-15,1,1,4,very_long,2,0.0,7.0,0.0,0.0
2026-05-15,1,1,4,zero,10,0.0,448.0,0.0,0.0
2026-05-15,1,1,5,long,7,0.0,31.0,0.0,0.0
2026-05-15,1,1,5,medium,12,0.0,456.0,0.0,0.0
2026-05-15,1,1,5,short,3,0.0,59.0,0.0,0.0
2026-05-15,1,1,5,very_long,13,0.0,17.0,0.0,0.0
2026-05-15,1,1,5,zero,2,0.0,392.0,0.0,0.0
2026-05-15,1,1,6,long,6,0.0,26.0,0.0,0.0
2026-05-15,1,1,6,medium,6,0.0,372.0,0.0,0.0
2026-05-15,1,1,6,short,4,0.0,73.0,0.0,0.0
2026-05-15,1,1,6,very_long,12,0.0,31.0,0.0,0.0
2026-05-15,1,1,6,zero,6,0.0,406.0,0.0,0.0
2026-05-15,1,1,7,long,22,0.0,87.0,0.0,0.0
2026-05-15,1,1,7,medium,16,0.0625,422.0,0.0,0.0625
2026-05-15,1,1,7,short,6,0.0,55.0,0.0,0.0
2026-05-15,1,1,7,very_long,19,0.0,59.0,0.0,0.0
2026-05-15,1,1,7,zero,6,0.0,480.0,0.0020833333333333,-0.0020833333333333
2026-05-15,1,1,8,long,13,0.0,56.0,0.0,0.0
2026-05-15,1,1,8,medium,6,0.0,531.0,0.0037664783427495,-0.0037664783427495
2026-05-15,1,1,8,short,3,0.0,78.0,0.0,0.0
2026-05-15,1,1,8,very_long,11,0.0,31.0,0.0,0.0
2026-05-15,1,1,8,zero,2,0.0,556.0,0.0017985611510791,-0.0017985611510791
2026-05-15,1,1,9,long,38,0.1052631578947368,62.0,0.032258064516129,0.0730050933786078
2026-05-15,1,1,9,medium,18,0.1666666666666666,373.0,0.0107238605898123,0.1559428060768543
2026-05-15,1,1,9,short,4,0.0,70.0,0.0285714285714285,-0.0285714285714285
2026-05-15,1,1,9,very_long,17,0.0,46.0,0.0217391304347826,-0.0217391304347826
2026-05-15,1,1,9,zero,9,0.1111111111111111,289.0,0.0415224913494809,0.0695886197616301
2026-05-16,0,0,0,long,1,0.0,40.0,0.0,0.0
2026-05-16,0,0,0,medium,1,0.0,281.0,0.0,0.0
2026-05-16,0,0,0,very_long,10,0.0,45.0,0.0,0.0
2026-05-16,0,0,0,zero,2,0.0,690.0,0.0,0.0
2026-05-16,0,0,1,medium,1,0.0,447.0,0.0,0.0
2026-05-16,0,0,1,short,1,0.0,431.0,0.0,0.0
2026-05-16,0,0,1,very_long,2,0.0,58.0,0.0,0.0
2026-05-16,0,0,1,zero,3,0.0,1105.0,0.0,0.0
2026-05-16,0,0,2,long,5,0.0,75.0,0.0,0.0
2026-05-16,0,0,2,short,4,0.0,178.0,0.0,0.0
2026-05-16,0,0,2,very_long,2,0.0,85.0,0.0,0.0
2026-05-16,0,0,2,zero,10,0.0,493.0,0.0,0.0
2026-05-16,0,0,4,short,1,0.0,25.0,0.0,0.0
2026-05-16,0,0,5,long,1,0.0,40.0,0.0,0.0
2026-05-16,0,0,5,very_long,2,0.0,46.0,0.0,0.0
2026-05-16,0,0,5,zero,2,0.0,199.0,0.0,0.0
2026-05-16,0,0,6,long,3,0.0,40.0,0.0,0.0
2026-05-16,0,0,6,short,2,0.0,84.0,0.0,0.0
2026-05-16,0,0,6,very_long,3,0.0,50.0,0.0,0.0
2026-05-16,0,0,6,zero,2,0.0,192.0,0.0,0.0
2026-05-16,0,0,7,medium,2,0.0,130.0,0.0,0.0
2026-05-16,0,0,7,short,2,0.0,102.0,0.0,0.0
2026-05-16,0,0,7,very_long,3,0.0,52.0,0.0,0.0
2026-05-16,0,0,7,zero,6,0.0,251.0,0.0,0.0
2026-05-16,0,0,8,medium,4,0.0,136.0,0.0,0.0
2026-05-16,0,0,8,short,1,0.0,134.0,0.0,0.0
2026-05-16,0,0,8,very_long,3,0.0,30.0,0.0,0.0
2026-05-16,0,0,8,zero,2,0.0,307.0,0.0,0.0
2026-05-16,0,0,9,very_long,1,0.0,41.0,0.0,0.0
2026-05-16,0,0,9,zero,20,0.15,676.0,0.0014792899408284,0.1485207100591715
2026-05-16,0,1,2,long,1,0.0,13.0,0.0,0.0
2026-05-16,0,1,2,medium,4,0.0,124.0,0.0,0.0
2026-05-16,0,1,2,very_long,2,0.0,14.0,0.0,0.0
2026-05-16,0,1,5,long,2,0.0,15.0,0.0,0.0
2026-05-16,0,1,5,medium,3,0.0,43.0,0.0,0.0
2026-05-16,0,1,6,long,1,0.0,7.0,0.0,0.0
2026-05-16,0,1,6,medium,1,0.0,62.0,0.0,0.0
2026-05-16,0,1,6,very_long,2,0.0,7.0,0.0,0.0
2026-05-16,0,1,7,very_long,3,0.0,13.0,0.0,0.0
2026-05-16,0,1,7,zero,2,0.0,56.0,0.0,0.0
2026-05-16,0,1,8,zero,1,0.0,49.0,0.0,0.0
2026-05-16,0,1,9,very_long,1,0.0,12.0,0.0,0.0
2026-05-16,1,0,0,long,2,0.0,4.0,0.0,0.0
2026-05-16,1,0,0,zero,1,0.0,59.0,0.0,0.0
2026-05-16,1,0,1,long,4,0.0,11.0,0.0,0.0
2026-05-16,1,0,1,very_long,5,0.0,11.0,0.0,0.0
2026-05-16,1,0,1,zero,1,0.0,176.0,0.0,0.0
2026-05-16,1,0,2,long,4,0.0,24.0,0.0,0.0
2026-05-16,1,0,2,medium,3,0.0,895.0,0.0,0.0
2026-05-16,1,0,2,very_long,1,0.0,23.0,0.0,0.0
2026-05-16,1,0,2,zero,1,0.0,624.0,0.0032051282051282,-0.0032051282051282
2026-05-16,1,0,4,short,1,0.0,34.0,0.0,0.0
2026-05-16,1,0,4,zero,1,0.0,386.0,0.0,0.0
2026-05-16,1,0,5,long,2,0.0,18.0,0.0,0.0
2026-05-16,1,0,5,medium,3,0.0,346.0,0.0,0.0
2026-05-16,1,0,5,zero,5,0.0,371.0,0.0026954177897574,-0.0026954177897574
2026-05-16,1,0,6,long,1,0.0,38.0,0.0,0.0
2026-05-16,1,0,6,medium,1,0.0,418.0,0.0,0.0
2026-05-16,1,0,6,short,1,0.0,82.0,0.0,0.0
2026-05-16,1,0,6,very_long,3,0.0,31.0,0.0,0.0
2026-05-16,1,0,6,zero,2,0.0,544.0,0.0,0.0
2026-05-16,1,0,7,long,4,0.0,33.0,0.0,0.0
2026-05-16,1,0,7,medium,1,0.0,326.0,0.0,0.0
2026-05-16,1,0,7,short,2,0.0,70.0,0.0,0.0
2026-05-16,1,0,7,very_long,4,0.0,29.0,0.0,0.0
2026-05-16,1,0,7,zero,3,0.0,398.0,0.0,0.0
2026-05-16,1,0,8,long,4,0.0,13.0,0.0,0.0
2026-05-16,1,0,8,medium,2,0.0,281.0,0.0,0.0
2026-05-16,1,0,8,very_long,2,0.0,12.0,0.0,0.0
2026-05-16,1,0,8,zero,3,0.0,434.0,0.0,0.0
2026-05-16,1,0,9,long,2,0.0,10.0,0.0,0.0
2026-05-16,1,0,9,medium,2,0.0,175.0,0.0285714285714285,-0.0285714285714285
2026-05-16,1,0,9,short,3,0.0,72.0,0.0,0.0
2026-05-16,1,0,9,zero,8,0.0,283.0,0.0247349823321554,-0.0247349823321554
2026-05-16,1,1,0,long,3,0.0,6.0,0.0,0.0
2026-05-16,1,1,0,medium,50,0.0,66.0,0.0,0.0
2026-05-16,1,1,0,short,2,0.0,28.0,0.0,0.0
2026-05-16,1,1,0,very_long,6,0.0,12.0,0.0,0.0
2026-05-16,1,1,0,zero,7,0.0,37.0,0.0,0.0
2026-05-16,1,1,1,long,14,0.0,6.0,0.0,0.0
2026-05-16,1,1,1,medium,69,0.0,104.0,0.0,0.0
2026-05-16,1,1,1,short,5,0.0,26.0,0.0,0.0
2026-05-16,1,1,1,very_long,4,0.0,28.0,0.0,0.0
2026-05-16,1,1,1,zero,9,0.0,54.0,0.0,0.0
2026-05-16,1,1,2,long,13,0.0769230769230769,28.0,0.0357142857142857,0.0412087912087912
2026-05-16,1,1,2,medium,39,0.0,1411.0,0.0007087172218284,-0.0007087172218284
2026-05-16,1,1,2,short,9,0.1111111111111111,97.0,0.0,0.1111111111111111
2026-05-16,1,1,2,very_long,5,0.0,17.0,0.0,0.0
2026-05-16,1,1,2,zero,7,0.0,808.0,0.0,0.0
2026-05-16,1,1,4,long,2,0.0,20.0,0.0,0.0
2026-05-16,1,1,4,short,1,0.0,29.0,0.0,0.0
2026-05-16,1,1,4,zero,9,0.0,399.0,0.0,0.0
2026-05-16,1,1,5,long,14,0.0,31.0,0.0,0.0
2026-05-16,1,1,5,medium,27,0.0,443.0,0.0,0.0
2026-05-16,1,1,5,short,3,0.0,55.0,0.0,0.0
2026-05-16,1,1,5,very_long,4,0.0,12.0,0.0,0.0
2026-05-16,1,1,5,zero,6,0.0,326.0,0.0,0.0
2026-05-16,1,1,6,long,17,0.0,36.0,0.0,0.0
2026-05-16,1,1,6,medium,9,0.0,383.0,0.0,0.0
2026-05-16,1,1,6,short,5,0.0,48.0,0.0,0.0
2026-05-16,1,1,6,very_long,7,0.0,25.0,0.0,0.0
2026-05-16,1,1,6,zero,3,0.0,383.0,0.0,0.0
2026-05-16,1,1,7,long,13,0.0,80.0,0.0,0.0
2026-05-16,1,1,7,medium,17,0.0,422.0,0.0,0.0
2026-05-16,1,1,7,short,13,0.0,53.0,0.0,0.0
2026-05-16,1,1,7,very_long,16,0.0,35.0,0.0,0.0
2026-05-16,1,1,7,zero,11,0.0,367.0,0.0,0.0
2026-05-16,1,1,8,long,16,0.0,47.0,0.0,0.0
2026-05-16,1,1,8,medium,26,0.0,423.0,0.0023640661938534,-0.0023640661938534
2026-05-16,1,1,8,short,5,0.0,64.0,0.0,0.0
2026-05-16,1,1,8,very_long,6,0.0,29.0,0.0,0.0
2026-05-16,1,1,8,zero,4,0.0,554.0,0.0,0.0
2026-05-16,1,1,9,long,24,0.2083333333333333,42.0,0.0476190476190476,0.1607142857142857
2026-05-16,1,1,9,medium,52,0.0384615384615384,304.0,0.0197368421052631,0.0187246963562753
2026-05-16,1,1,9,short,5,0.2,89.0,0.0112359550561797,0.1887640449438202
2026-05-16,1,1,9,very_long,11,0.0909090909090909,42.0,0.0,0.0909090909090909
2026-05-16,1,1,9,zero,2,0.5,287.0,0.0174216027874564,0.4825783972125435
2026-05-17,0,0,0,zero,1,0.0,657.0,0.0,0.0
2026-05-17,0,0,1,long,1,0.0,41.0,0.0,0.0
2026-05-17,0,0,1,medium,1,0.0,214.0,0.0,0.0
2026-05-17,0,0,1,very_long,1,0.0,140.0,0.0,0.0
2026-05-17,0,0,1,zero,1,0.0,1043.0,0.0,0.0
2026-05-17,0,0,2,long,10,0.0,56.0,0.0,0.0
2026-05-17,0,0,2,very_long,3,0.0,94.0,0.0,0.0
2026-05-17,0,0,5,long,5,0.0,31.0,0.0,0.0
2026-05-17,0,0,5,medium,3,0.0,119.0,0.0,0.0
2026-05-17,0,0,5,short,1,0.0,75.0,0.0,0.0
2026-05-17,0,0,5,very_long,2,0.0,35.0,0.0,0.0
2026-05-17,0,0,5,zero,2,0.0,174.0,0.0,0.0
2026-05-17,0,0,6,long,2,0.0,55.0,0.0,0.0
2026-05-17,0,0,6,medium,1,0.0,120.0,0.0,0.0
2026-05-17,0,0,6,zero,4,0.0,165.0,0.0,0.0
2026-05-17,0,0,7,long,2,0.0,39.0,0.0,0.0
2026-05-17,0,0,7,medium,3,0.0,127.0,0.0,0.0
2026-05-17,0,0,7,zero,2,0.0,260.0,0.0,0.0
2026-05-17,0,0,8,short,2,0.0,113.0,0.0,0.0
2026-05-17,0,0,8,zero,5,0.0,263.0,0.0,0.0
2026-05-17,0,0,9,short,3,0.0,163.0,0.0,0.0
2026-05-17,0,0,9,zero,14,0.0,621.0,0.0064412238325281,-0.0064412238325281
2026-05-17,0,1,0,medium,2,0.0,6.0,0.0,0.0
2026-05-17,0,1,0,very_long,1,0.0,16.0,0.0,0.0
2026-05-17,0,1,1,long,1,0.0,2.0,0.0,0.0
2026-05-17,0,1,1,medium,2,0.0,20.0,0.0,0.0
2026-05-17,0,1,1,short,1,0.0,7.0,0.0,0.0
2026-05-17,0,1,2,long,2,0.0,11.0,0.0,0.0
2026-05-17,0,1,2,medium,3,0.0,108.0,0.0,0.0
2026-05-17,0,1,5,medium,1,0.0,23.0,0.0,0.0
2026-05-17,0,1,6,long,1,0.0,7.0,0.0,0.0
2026-05-17,0,1,6,medium,1,0.0,30.0,0.0,0.0
2026-05-17,0,1,7,medium,2,0.0,18.0,0.0,0.0
2026-05-17,0,1,7,zero,1,0.0,47.0,0.0,0.0
2026-05-17,0,1,9,short,1,0.0,8.0,0.0,0.0
2026-05-17,1,0,0,medium,1,0.0,62.0,0.0,0.0
2026-05-17,1,0,0,very_long,1,0.0,3.0,0.0,0.0
2026-05-17,1,0,1,very_long,2,0.0,7.0,0.0,0.0
2026-05-17,1,0,1,zero,1,0.0,114.0,0.0,0.0
2026-05-17,1,0,2,long,1,0.0,45.0,0.0,0.0
2026-05-17,1,0,2,medium,1,0.0,654.0,0.0,0.0
2026-05-17,1,0,2,very_long,5,0.0,21.0,0.0,0.0
2026-05-17,1,0,2,zero,1,0.0,673.0,0.0029717682020802,-0.0029717682020802
2026-05-17,1,0,4,zero,1,0.0,553.0,0.0,0.0
2026-05-17,1,0,5,medium,7,0.0,292.0,0.0,0.0
2026-05-17,1,0,5,very_long,2,0.0,8.0,0.0,0.0
2026-05-17,1,0,5,zero,1,0.0,527.0,0.0,0.0
2026-05-17,1,0,6,long,10,0.0,41.0,0.0,0.0
2026-05-17,1,0,6,medium,2,0.0,410.0,0.0,0.0
2026-05-17,1,0,6,short,1,0.0,108.0,0.0,0.0
2026-05-17,1,0,6,very_long,3,0.0,26.0,0.0,0.0
2026-05-17,1,0,6,zero,1,0.0,794.0,0.0,0.0
2026-05-17,1,0,7,long,5,0.0,37.0,0.0,0.0
2026-05-17,1,0,7,medium,4,0.0,290.0,0.0,0.0
2026-05-17,1,0,7,short,3,0.0,63.0,0.0,0.0
2026-05-17,1,0,7,very_long,5,0.0,30.0,0.0,0.0
2026-05-17,1,0,7,zero,2,0.0,390.0,0.0,0.0
2026-05-17,1,0,8,long,1,0.0,14.0,0.0,0.0
2026-05-17,1,0,8,very_long,2,0.0,6.0,0.0,0.0
2026-05-17,1,0,8,zero,3,0.0,553.0,0.0,0.0
2026-05-17,1,0,9,medium,1,0.0,211.0,0.0284360189573459,-0.0284360189573459
2026-05-17,1,0,9,short,1,0.0,69.0,0.0144927536231884,-0.0144927536231884
2026-05-17,1,0,9,very_long,1,0.0,9.0,0.0,0.0
2026-05-17,1,1,0,long,9,0.0,4.0,0.0,0.0
2026-05-17,1,1,0,medium,3,0.0,59.0,0.0,0.0
2026-05-17,1,1,0,very_long,4,0.0,6.0,0.0,0.0
2026-05-17,1,1,0,zero,6,0.0,54.0,0.0,0.0
2026-05-17,1,1,1,long,30,0.0,4.0,0.0,0.0
2026-05-17,1,1,1,medium,5,0.0,142.0,0.0,0.0
2026-05-17,1,1,1,very_long,1,0.0,6.0,0.0,0.0
2026-05-17,1,1,1,zero,4,0.0,100.0,0.0,0.0
2026-05-17,1,1,2,long,9,0.1111111111111111,32.0,0.03125,0.0798611111111111
2026-05-17,1,1,2,medium,54,0.0185185185185185,1082.0,0.0,0.0185185185185185
2026-05-17,1,1,2,short,3,0.0,62.0,0.0,0.0
2026-05-17,1,1,2,very_long,4,0.0,19.0,0.0,0.0
2026-05-17,1,1,2,zero,4,0.0,827.0,0.0012091898428053,-0.0012091898428053
2026-05-17,1,1,4,long,1,0.0,18.0,0.0,0.0
2026-05-17,1,1,4,medium,1,0.0,679.0,0.0,0.0
2026-05-17,1,1,4,zero,5,0.0,589.0,0.0,0.0
2026-05-17,1,1,5,long,4,0.0,47.0,0.0,0.0
2026-05-17,1,1,5,medium,28,0.0,421.0,0.0,0.0
2026-05-17,1,1,5,short,4,0.0,41.0,0.0,0.0
2026-05-17,1,1,5,very_long,5,0.0,27.0,0.0,0.0
2026-05-17,1,1,6,long,6,0.0,41.0,0.0,0.0
2026-05-17,1,1,6,medium,17,0.0,391.0,0.0,0.0
2026-05-17,1,1,6,short,2,0.0,57.0,0.0,0.0
2026-05-17,1,1,6,very_long,10,0.0,23.0,0.0,0.0
2026-05-17,1,1,6,zero,2,0.0,477.0,0.0,0.0
2026-05-17,1,1,7,long,16,0.0,70.0,0.0,0.0
2026-05-17,1,1,7,medium,16,0.0,346.0,0.0,0.0
2026-05-17,1,1,7,short,2,0.0,41.0,0.0,0.0
2026-05-17,1,1,7,very_long,11,0.0,36.0,0.0,0.0
2026-05-17,1,1,7,zero,4,0.0,417.0,0.0,0.0
2026-05-17,1,1,8,long,16,0.0,37.0,0.0,0.0
2026-05-17,1,1,8,medium,6,0.0,432.0,0.0023148148148148,-0.0023148148148148
2026-05-17,1,1,8,short,2,0.0,53.0,0.0,0.0
2026-05-17,1,1,8,very_long,8,0.0,13.0,0.0,0.0
2026-05-17,1,1,8,zero,4,0.25,663.0,0.0,0.25
2026-05-17,1,1,9,long,26,0.2307692307692307,30.0,0.0666666666666666,0.1641025641025641
2026-05-17,1,1,9,medium,9,0.2222222222222222,298.0,0.0033557046979865,0.2188665175242356
2026-05-17,1,1,9,short,1,1.0,40.0,0.0,1.0
2026-05-17,1,1,9,very_long,6,0.5,16.0,0.0,0.5
2026-05-17,1,1,9,zero,4,0.0,395.0,0.0126582278481012,-0.0126582278481012
2026-05-18,0,0,0,very_long,2,0.0,108.0,0.0,0.0
2026-05-18,0,0,0,zero,4,0.0,805.0,0.0,0.0
2026-05-18,0,0,1,short,1,0.0,393.0,0.0,0.0
2026-05-18,0,0,1,very_long,2,0.0,142.0,0.0,0.0
2026-05-18,0,0,1,zero,4,0.0,1204.0,0.0,0.0
2026-05-18,0,0,2,long,6,0.0,68.0,0.0,0.0
2026-05-18,0,0,2,medium,6,0.1666666666666666,279.0,0.0,0.1666666666666666
2026-05-18,0,0,2,very_long,2,0.0,75.0,0.0,0.0
2026-05-18,0,0,2,zero,3,0.0,421.0,0.0,0.0
2026-05-18,0,0,4,long,2,0.0,3.0,0.0,0.0
2026-05-18,0,0,4,medium,3,0.0,54.0,0.0,0.0
2026-05-18,0,0,4,zero,2,0.0,128.0,0.0,0.0
2026-05-18,0,0,5,long,4,0.0,26.0,0.0,0.0
2026-05-18,0,0,5,medium,2,0.0,112.0,0.0,0.0
2026-05-18,0,0,6,medium,2,0.0,102.0,0.0,0.0
2026-05-18,0,0,6,very_long,1,0.0,37.0,0.0,0.0
2026-05-18,0,0,7,medium,6,0.0,108.0,0.0,0.0
2026-05-18,0,0,7,short,2,0.0,93.0,0.0,0.0
2026-05-18,0,0,7,very_long,1,0.0,46.0,0.0,0.0
2026-05-18,0,0,7,zero,4,0.0,237.0,0.0,0.0
2026-05-18,0,0,8,long,1,0.0,25.0,0.0,0.0
2026-05-18,0,0,8,very_long,1,0.0,54.0,0.0,0.0
2026-05-18,0,0,8,zero,4,0.0,311.0,0.0,0.0
2026-05-18,0,0,9,very_long,1,0.0,130.0,0.0076923076923076,-0.0076923076923076
2026-05-18,0,0,9,zero,5,0.0,645.0,0.0,0.0
2026-05-18,0,1,0,long,2,0.0,1.0,0.0,0.0
2026-05-18,0,1,0,zero,2,0.0,42.0,0.0,0.0
2026-05-18,0,1,1,zero,1,0.0,45.0,0.0,0.0
2026-05-18,0,1,2,very_long,1,0.0,7.0,0.0,0.0
2026-05-18,0,1,6,long,1,0.0,9.0,0.0,0.0
2026-05-18,0,1,6,very_long,8,0.0,10.0,0.0,0.0
2026-05-18,0,1,7,long,1,0.0,14.0,0.0,0.0
2026-05-18,0,1,7,very_long,10,0.0,13.0,0.0,0.0
2026-05-18,0,1,7,zero,1,0.0,73.0,0.0,0.0
2026-05-18,0,1,8,medium,1,0.0,17.0,0.0,0.0
2026-05-18,0,1,8,short,2,0.0,11.0,0.0,0.0
2026-05-18,0,1,8,very_long,24,0.0,19.0,0.0,0.0
2026-05-18,0,1,9,long,1,0.0,1.0,0.0,0.0
2026-05-18,0,1,9,very_long,3,0.0,9.0,0.0,0.0
2026-05-18,1,0,0,very_long,3,0.0,11.0,0.0,0.0
2026-05-18,1,0,0,zero,1,0.0,77.0,0.0,0.0
2026-05-18,1,0,1,medium,1,0.0,59.0,0.0,0.0
2026-05-18,1,0,1,short,3,0.0,25.0,0.0,0.0
2026-05-18,1,0,1,very_long,3,0.0,11.0,0.0,0.0
2026-05-18,1,0,1,zero,1,0.0,97.0,0.0,0.0
2026-05-18,1,0,2,long,1,0.0,70.0,0.0,0.0
2026-05-18,1,0,2,medium,2,0.0,670.0,0.0014925373134328,-0.0014925373134328
2026-05-18,1,0,2,short,3,0.0,55.0,0.0,0.0
2026-05-18,1,0,2,very_long,3,0.0,19.0,0.0,0.0
2026-05-18,1,0,2,zero,1,0.0,1250.0,0.0032,-0.0032
2026-05-18,1,0,4,long,1,0.0,45.0,0.0,0.0
2026-05-18,1,0,4,zero,1,0.0,862.0,0.0,0.0
2026-05-18,1,0,6,long,4,0.0,31.0,0.0,0.0
2026-05-18,1,0,6,medium,5,0.0,363.0,0.0,0.0
2026-05-18,1,0,6,very_long,4,0.0,19.0,0.0,0.0
2026-05-18,1,0,6,zero,2,0.0,929.0,0.0,0.0
2026-05-18,1,0,7,long,6,0.0,47.0,0.0,0.0
2026-05-18,1,0,7,medium,4,0.0,269.0,0.0,0.0
2026-05-18,1,0,7,short,1,0.0,78.0,0.0,0.0
2026-05-18,1,0,7,very_long,9,0.0,21.0,0.0,0.0
2026-05-18,1,0,7,zero,1,0.0,634.0,0.0,0.0
2026-05-18,1,0,8,long,3,0.0,11.0,0.0,0.0
2026-05-18,1,0,8,medium,1,0.0,235.0,0.0,0.0
2026-05-18,1,0,8,short,2,0.0,112.0,0.0,0.0
2026-05-18,1,0,8,zero,2,0.0,709.0,0.002820874471086,-0.002820874471086
2026-05-18,1,0,9,medium,2,0.0,139.0,0.0719424460431654,-0.0719424460431654
2026-05-18,1,0,9,short,1,0.0,59.0,0.0,0.0
2026-05-18,1,0,9,very_long,4,0.0,17.0,0.0,0.0
2026-05-18,1,0,9,zero,4,0.0,373.0,0.032171581769437,-0.032171581769437
2026-05-18,1,1,0,long,5,0.0,7.0,0.0,0.0
2026-05-18,1,1,0,medium,7,0.0,20.0,0.0,0.0
2026-05-18,1,1,0,short,1,0.0,6.0,0.0,0.0
2026-05-18,1,1,0,very_long,3,0.0,2.0,0.0,0.0
2026-05-18,1,1,0,zero,7,0.0,60.0,0.0,0.0
2026-05-18,1,1,1,long,4,0.0,10.0,0.0,0.0
2026-05-18,1,1,1,medium,4,0.0,17.0,0.0,0.0
2026-05-18,1,1,1,short,2,0.0,16.0,0.0,0.0
2026-05-18,1,1,1,very_long,3,0.0,12.0,0.0,0.0
2026-05-18,1,1,1,zero,7,0.0,85.0,0.0,0.0
2026-05-18,1,1,2,long,6,0.0,26.0,0.0,0.0
2026-05-18,1,1,2,medium,86,0.0,763.0,0.0,0.0
2026-05-18,1,1,2,short,7,0.0,37.0,0.0,0.0
2026-05-18,1,1,2,very_long,5,0.0,24.0,0.0,0.0
2026-05-18,1,1,2,zero,6,0.0,1604.0,0.0,0.0
2026-05-18,1,1,4,long,2,0.0,24.0,0.0,0.0
2026-05-18,1,1,4,medium,8,0.0,629.0,0.0,0.0
2026-05-18,1,1,4,short,3,0.0,35.0,0.0,0.0
2026-05-18,1,1,4,zero,5,0.0,839.0,0.0,0.0
2026-05-18,1,1,5,long,10,0.0,43.0,0.0,0.0
2026-05-18,1,1,5,medium,57,0.0,364.0,0.0,0.0
2026-05-18,1,1,5,short,10,0.0,51.0,0.0,0.0
2026-05-18,1,1,5,very_long,3,0.0,42.0,0.0,0.0
2026-05-18,1,1,5,zero,3,0.0,525.0,0.0019047619047619,-0.0019047619047619
2026-05-18,1,1,6,long,10,0.0,54.0,0.0,0.0
2026-05-18,1,1,6,medium,13,0.0,391.0,0.0,0.0
2026-05-18,1,1,6,short,4,0.0,78.0,0.0,0.0
2026-05-18,1,1,6,very_long,7,0.0,41.0,0.0,0.0
2026-05-18,1,1,6,zero,3,0.0,612.0,0.0,0.0
2026-05-18,1,1,7,long,30,0.0,112.0,0.0,0.0
2026-05-18,1,1,7,medium,17,0.0,361.0,0.0,0.0
2026-05-18,1,1,7,short,4,0.0,65.0,0.0,0.0
2026-05-18,1,1,7,very_long,12,0.0,34.0,0.0,0.0
2026-05-18,1,1,7,zero,4,0.0,512.0,0.001953125,-0.001953125
2026-05-18,1,1,8,long,14,0.0,48.0,0.0,0.0
2026-05-18,1,1,8,medium,10,0.0,327.0,0.0030581039755351,-0.0030581039755351
2026-05-18,1,1,8,short,5,0.0,71.0,0.0,0.0
2026-05-18,1,1,8,very_long,5,0.0,36.0,0.0,0.0
2026-05-18,1,1,8,zero,5,0.0,770.0,0.0,0.0
2026-05-18,1,1,9,long,11,0.1818181818181818,37.0,0.054054054054054,0.1277641277641277
2026-05-18,1,1,9,medium,15,0.0,218.0,0.0275229357798165,-0.0275229357798165
2026-05-18,1,1,9,short,6,0.0,57.0,0.0175438596491228,-0.0175438596491228
2026-05-18,1,1,9,very_long,7,0.0,18.0,0.0555555555555555,-0.0555555555555555
2026-05-18,1,1,9,zero,8,0.0,417.0,0.0119904076738609,-0.0119904076738609
2026-05-19,0,0,0,medium,1,0.0,172.0,0.0,0.0
2026-05-19,0,0,1,long,1,0.0,87.0,0.0,0.0
2026-05-19,0,0,1,medium,1,0.0,223.0,0.0,0.0
2026-05-19,0,0,1,very_long,1,0.0,108.0,0.0,0.0
2026-05-19,0,0,2,long,1,0.0,76.0,0.0,0.0
2026-05-19,0,0,2,medium,4,0.0,204.0,0.0,0.0
2026-05-19,0,0,2,short,3,0.0,165.0,0.0,0.0
2026-05-19,0,0,2,very_long,1,0.0,56.0,0.0,0.0
2026-05-19,0,0,2,zero,3,0.3333333333333333,380.0,0.0,0.3333333333333333
2026-05-19,0,0,4,zero,1,0.0,91.0,0.0,0.0
2026-05-19,0,0,5,long,1,0.0,32.0,0.0,0.0
2026-05-19,0,0,5,medium,1,0.0,105.0,0.0,0.0
2026-05-19,0,0,5,short,1,0.0,89.0,0.0,0.0
2026-05-19,0,0,5,zero,3,0.6666666666666666,191.0,0.0,0.6666666666666666
2026-05-19,0,0,6,long,2,0.0,46.0,0.0,0.0
2026-05-19,0,0,6,medium,1,0.0,120.0,0.0,0.0
2026-05-19,0,0,6,short,2,0.5,77.0,0.0,0.5
2026-05-19,0,0,6,zero,1,0.0,204.0,0.0,0.0
2026-05-19,0,0,7,medium,3,0.0,109.0,0.0,0.0
2026-05-19,0,0,7,short,2,0.0,97.0,0.0,0.0
2026-05-19,0,0,7,zero,2,0.0,226.0,0.0,0.0
2026-05-19,0,0,8,medium,4,0.0,87.0,0.0,0.0
2026-05-19,0,0,8,zero,2,0.0,252.0,0.0039682539682539,-0.0039682539682539
2026-05-19,0,0,9,long,2,0.0,50.0,0.02,-0.02
2026-05-19,0,0,9,short,7,0.0,208.0,0.0,0.0
2026-05-19,0,0,9,zero,5,0.2,531.0,0.0188323917137476,0.1811676082862523
2026-05-19,0,1,0,long,1,0.0,1.0,0.0,0.0
2026-05-19,0,1,2,medium,2,0.0,69.0,0.0,0.0
2026-05-19,0,1,5,very_long,1,0.0,9.0,0.0,0.0
2026-05-19,0,1,6,long,5,0.0,11.0,0.0,0.0
2026-05-19,0,1,6,short,1,0.0,14.0,0.0,0.0
2026-05-19,0,1,6,zero,1,0.0,51.0,0.0,0.0
2026-05-19,0,1,7,long,5,0.0,11.0,0.0,0.0
2026-05-19,0,1,7,medium,1,0.0,33.0,0.0,0.0
2026-05-19,0,1,7,very_long,1,0.0,17.0,0.0,0.0
2026-05-19,0,1,7,zero,1,0.0,60.0,0.0,0.0
2026-05-19,0,1,8,long,15,0.0,1.0,0.0,0.0
2026-05-19,0,1,8,very_long,3,0.0,9.0,0.0,0.0
2026-05-19,0,1,9,long,3,0.0,2.0,0.5,-0.5
2026-05-19,0,1,9,short,1,1.0,10.0,0.0,1.0
2026-05-19,0,1,9,very_long,2,0.0,14.0,0.0,0.0
2026-05-19,1,0,0,long,4,0.0,3.0,0.0,0.0
2026-05-19,1,0,0,short,1,0.0,8.0,0.0,0.0
2026-05-19,1,0,1,very_long,1,0.0,9.0,0.0,0.0
2026-05-19,1,0,2,medium,2,0.0,660.0,0.0015151515151515,-0.0015151515151515
2026-05-19,1,0,2,short,4,0.0,77.0,0.0,0.0
2026-05-19,1,0,2,very_long,3,0.0,30.0,0.0,0.0
2026-05-19,1,0,4,long,3,0.0,9.0,0.0,0.0
2026-05-19,1,0,5,long,2,0.0,32.0,0.0,0.0
2026-05-19,1,0,5,medium,2,0.0,441.0,0.0,0.0
2026-05-19,1,0,5,short,1,0.0,88.0,0.0,0.0
2026-05-19,1,0,5,very_long,1,0.0,14.0,0.0,0.0
2026-05-19,1,0,5,zero,4,0.0,870.0,0.0,0.0
2026-05-19,1,0,6,long,2,0.0,30.0,0.0,0.0
2026-05-19,1,0,6,medium,1,0.0,264.0,0.0037878787878787,-0.0037878787878787
2026-05-19,1,0,6,short,1,0.0,113.0,0.0,0.0
2026-05-19,1,0,6,very_long,1,0.0,27.0,0.0,0.0
2026-05-19,1,0,6,zero,2,0.0,880.0,0.0,0.0
2026-05-19,1,0,7,long,5,0.0,36.0,0.0,0.0
2026-05-19,1,0,7,medium,3,0.0,247.0,0.0,0.0
2026-05-19,1,0,7,short,1,0.0,73.0,0.0,0.0
2026-05-19,1,0,7,very_long,2,0.0,22.0,0.0,0.0
2026-05-19,1,0,7,zero,3,0.0,548.0,0.0,0.0
2026-05-19,1,0,8,long,3,0.0,18.0,0.0,0.0
2026-05-19,1,0,8,medium,3,0.0,238.0,0.0,0.0
2026-05-19,1,0,8,short,3,0.0,116.0,0.0,0.0
2026-05-19,1,0,8,zero,4,0.0,662.0,0.0,0.0
2026-05-19,1,0,9,long,1,1.0,17.0,0.0,1.0
2026-05-19,1,0,9,short,13,0.0,73.0,0.0684931506849315,-0.0684931506849315
2026-05-19,1,0,9,zero,4,0.0,320.0,0.0125,-0.0125
2026-05-19,1,1,0,medium,4,0.0,49.0,0.0,0.0
2026-05-19,1,1,0,short,1,0.0,15.0,0.0,0.0
2026-05-19,1,1,0,very_long,2,0.0,4.0,0.0,0.0
2026-05-19,1,1,1,long,4,0.0,11.0,0.0,0.0
2026-05-19,1,1,1,medium,2,0.0,71.0,0.0,0.0
2026-05-19,1,1,1,short,1,0.0,24.0,0.0,0.0
2026-05-19,1,1,1,very_long,4,0.0,5.0,0.0,0.0
2026-05-19,1,1,1,zero,2,0.0,25.0,0.0,0.0
2026-05-19,1,1,2,long,9,0.0,32.0,0.0,0.0
2026-05-19,1,1,2,medium,84,0.0238095238095238,747.0,0.001338688085676,0.0224708357238477
2026-05-19,1,1,2,short,5,0.0,68.0,0.0,0.0
2026-05-19,1,1,2,very_long,4,0.0,41.0,0.024390243902439,-0.024390243902439
2026-05-19,1,1,2,zero,4,0.0,1029.0,0.0,0.0
2026-05-19,1,1,4,long,4,0.0,10.0,0.0,0.0
2026-05-19,1,1,4,short,6,0.0,23.0,0.0,0.0
2026-05-19,1,1,4,very_long,1,0.0,2.0,0.0,0.0
2026-05-19,1,1,5,long,10,0.0,36.0,0.0,0.0
2026-05-19,1,1,5,medium,49,0.0,437.0,0.0,0.0
2026-05-19,1,1,5,short,20,0.0,85.0,0.0,0.0
2026-05-19,1,1,5,very_long,4,0.0,21.0,0.0,0.0
2026-05-19,1,1,5,zero,6,0.0,674.0,0.0,0.0
2026-05-19,1,1,6,long,15,0.0,58.0,0.0,0.0
2026-05-19,1,1,6,medium,13,0.0,295.0,0.0,0.0
2026-05-19,1,1,6,short,7,0.0,75.0,0.0,0.0
2026-05-19,1,1,6,very_long,10,0.0,20.0,0.0,0.0
2026-05-19,1,1,6,zero,4,0.0,515.0,0.0,0.0
2026-05-19,1,1,7,long,15,0.0,80.0,0.0,0.0
2026-05-19,1,1,7,medium,14,0.0,302.0,0.0,0.0
2026-05-19,1,1,7,short,6,0.0,59.0,0.0,0.0
2026-05-19,1,1,7,very_long,11,0.0,34.0,0.0,0.0
2026-05-19,1,1,7,zero,7,0.0,450.0,0.0022222222222222,-0.0022222222222222
2026-05-19,1,1,8,long,8,0.125,47.0,0.0,0.125
2026-05-19,1,1,8,medium,12,0.0,327.0,0.0,0.0
2026-05-19,1,1,8,short,4,0.0,63.0,0.0,0.0
2026-05-19,1,1,8,very_long,6,0.0,41.0,0.0,0.0
2026-05-19,1,1,8,zero,3,0.0,652.0,0.0,0.0
2026-05-19,1,1,9,long,24,0.2083333333333333,36.0,0.0277777777777777,0.1805555555555555
2026-05-19,1,1,9,medium,14,0.1428571428571428,224.0,0.03125,0.1116071428571428
2026-05-19,1,1,9,very_long,11,0.0,32.0,0.03125,-0.03125
2026-05-19,1,1,9,zero,1,0.0,363.0,0.0192837465564738,-0.0192837465564738
2026-05-20,0,0,2,long,2,0.0,118.0,0.0084745762711864,-0.0084745762711864
2026-05-20,0,0,2,medium,2,0.0,213.0,0.0,0.0
2026-05-20,0,0,2,zero,1,0.0,442.0,0.0,0.0
2026-05-20,0,0,4,short,1,0.0,33.0,0.0,0.0
2026-05-20,0,0,5,medium,1,0.0,91.0,0.0,0.0
2026-05-20,0,0,5,short,1,0.0,62.0,0.0,0.0
2026-05-20,0,0,6,medium,3,0.0,89.0,0.0,0.0
2026-05-20,0,0,6,short,2,0.0,69.0,0.0,0.0
2026-05-20,0,0,6,very_long,2,0.0,34.0,0.0,0.0
2026-05-20,0,0,6,zero,3,0.0,169.0,0.0,0.0
2026-05-20,0,0,7,long,2,0.0,52.0,0.0,0.0
2026-05-20,0,0,7,medium,4,0.0,95.0,0.0,0.0
2026-05-20,0,0,7,short,2,0.0,123.0,0.0,0.0
2026-05-20,0,0,7,zero,3,0.0,244.0,0.0,0.0
2026-05-20,0,0,8,long,1,0.0,32.0,0.0,0.0
2026-05-20,0,0,8,medium,3,0.0,90.0,0.0,0.0
2026-05-20,0,0,8,short,2,0.0,153.0,0.0,0.0
2026-05-20,0,0,8,very_long,2,0.0,24.0,0.0,0.0
2026-05-20,0,0,9,short,22,0.0454545454545454,351.0,0.0,0.0454545454545454
2026-05-20,0,0,9,very_long,1,0.0,63.0,0.0,0.0
2026-05-20,0,0,9,zero,3,0.0,606.0,0.0049504950495049,-0.0049504950495049
2026-05-20,0,1,0,zero,1,0.0,32.0,0.0,0.0
2026-05-20,0,1,1,zero,3,0.0,39.0,0.0,0.0
2026-05-20,0,1,2,very_long,3,0.0,22.0,0.0,0.0
2026-05-20,0,1,2,zero,1,0.0,70.0,0.0,0.0
2026-05-20,0,1,4,zero,1,0.0,47.0,0.0,0.0
2026-05-20,0,1,5,medium,2,0.0,32.0,0.0,0.0
2026-05-20,0,1,5,short,1,0.0,4.0,0.0,0.0
2026-05-20,0,1,5,very_long,1,0.0,13.0,0.0,0.0
2026-05-20,0,1,5,zero,3,0.0,45.0,0.0,0.0
2026-05-20,0,1,6,long,3,0.0,8.0,0.0,0.0
2026-05-20,0,1,6,medium,1,0.0,24.0,0.0,0.0
2026-05-20,0,1,6,very_long,1,0.0,13.0,0.0,0.0
2026-05-20,0,1,7,long,1,0.0,20.0,0.0,0.0
2026-05-20,0,1,7,medium,1,0.0,29.0,0.0,0.0
2026-05-20,0,1,7,very_long,2,0.0,19.0,0.0,0.0
2026-05-20,0,1,7,zero,2,0.0,41.0,0.0,0.0
2026-05-20,0,1,8,long,18,0.0,16.0,0.0,0.0
2026-05-20,0,1,8,medium,1,0.0,19.0,0.0,0.0
2026-05-20,0,1,8,very_long,6,0.0,16.0,0.0,0.0
2026-05-20,0,1,9,long,5,0.0,2.0,0.0,0.0
2026-05-20,0,1,9,very_long,1,0.0,21.0,0.0,0.0
2026-05-20,1,0,0,long,1,0.0,7.0,0.0,0.0
2026-05-20,1,0,0,medium,1,0.0,25.0,0.0,0.0
2026-05-20,1,0,0,short,2,0.0,13.0,0.0,0.0
2026-05-20,1,0,0,zero,1,0.0,45.0,0.0,0.0
2026-05-20,1,0,1,medium,2,0.0,38.0,0.0,0.0
2026-05-20,1,0,1,short,1,0.0,12.0,0.0,0.0
2026-05-20,1,0,1,zero,3,0.0,38.0,0.0,0.0
2026-05-20,1,0,2,long,4,0.0,48.0,0.0,0.0
2026-05-20,1,0,2,medium,1,0.0,562.0,0.0017793594306049,-0.0017793594306049
2026-05-20,1,0,2,very_long,2,0.0,19.0,0.0,0.0
2026-05-20,1,0,2,zero,1,0.0,787.0,0.0063532401524777,-0.0063532401524777
2026-05-20,1,0,5,long,1,0.0,32.0,0.0,0.0
2026-05-20,1,0,5,medium,2,0.0,364.0,0.0,0.0
2026-05-20,1,0,5,short,1,0.0,98.0,0.0,0.0
2026-05-20,1,0,5,zero,3,0.0,645.0,0.0,0.0
2026-05-20,1,0,6,long,3,0.0,30.0,0.0,0.0
2026-05-20,1,0,6,medium,4,0.0,176.0,0.0,0.0
2026-05-20,1,0,6,very_long,3,0.0,24.0,0.0,0.0
2026-05-20,1,0,6,zero,1,0.0,508.0,0.0,0.0
2026-05-20,1,0,7,long,6,0.0,46.0,0.0,0.0
2026-05-20,1,0,7,medium,10,0.0,165.0,0.0,0.0
2026-05-20,1,0,7,short,1,0.0,58.0,0.0,0.0
2026-05-20,1,0,7,very_long,2,0.0,32.0,0.0,0.0
2026-05-20,1,0,8,long,3,0.0,30.0,0.0,0.0
2026-05-20,1,0,8,medium,5,0.0,198.0,0.0,0.0
2026-05-20,1,0,8,short,3,0.0,93.0,0.0,0.0
2026-05-20,1,0,8,very_long,1,0.0,13.0,0.0,0.0
2026-05-20,1,0,8,zero,2,0.0,559.0,0.0,0.0
2026-05-20,1,0,9,long,2,0.0,12.0,0.0833333333333333,-0.0833333333333333
2026-05-20,1,0,9,medium,2,0.0,114.0,0.0175438596491228,-0.0175438596491228
2026-05-20,1,0,9,zero,2,0.0,285.0,0.0070175438596491,-0.0070175438596491
2026-05-20,1,1,0,long,1,0.0,6.0,0.0,0.0
2026-05-20,1,1,0,medium,2,0.0,36.0,0.0,0.0
2026-05-20,1,1,0,short,7,0.0,6.0,0.0,0.0
2026-05-20,1,1,0,very_long,2,0.0,8.0,0.0,0.0
2026-05-20,1,1,0,zero,3,0.0,46.0,0.0,0.0
2026-05-20,1,1,1,long,4,0.0,4.0,0.0,0.0
2026-05-20,1,1,1,medium,4,0.0,68.0,0.0,0.0
2026-05-20,1,1,1,short,2,0.0,4.0,0.0,0.0
2026-05-20,1,1,1,very_long,5,0.0,6.0,0.0,0.0
2026-05-20,1,1,1,zero,6,0.0,44.0,0.0,0.0
2026-05-20,1,1,2,long,6,0.0,27.0,0.0,0.0
2026-05-20,1,1,2,medium,106,0.0,966.0,0.0,0.0
2026-05-20,1,1,2,short,8,0.0,30.0,0.0,0.0
2026-05-20,1,1,2,very_long,18,0.0,31.0,0.0,0.0
2026-05-20,1,1,2,zero,14,0.0,778.0,0.0,0.0
2026-05-20,1,1,4,long,2,0.0,23.0,0.0,0.0
2026-05-20,1,1,4,medium,5,0.0,1022.0,0.0,0.0
2026-05-20,1,1,4,short,1,0.0,54.0,0.0,0.0
2026-05-20,1,1,4,zero,24,0.0,697.0,0.0,0.0
2026-05-20,1,1,5,long,5,0.2,51.0,0.0,0.2
2026-05-20,1,1,5,medium,52,0.0,490.0,0.0020408163265306,-0.0020408163265306
2026-05-20,1,1,5,short,3,0.0,64.0,0.0,0.0
2026-05-20,1,1,5,very_long,18,0.0,30.0,0.0,0.0
2026-05-20,1,1,5,zero,6,0.0,552.0,0.0,0.0
2026-05-20,1,1,6,long,10,0.0,48.0,0.0,0.0
2026-05-20,1,1,6,medium,13,0.0,258.0,0.0,0.0
2026-05-20,1,1,6,short,2,0.0,46.0,0.0,0.0
2026-05-20,1,1,6,very_long,8,0.0,27.0,0.0,0.0
2026-05-20,1,1,6,zero,8,0.0,399.0,0.0,0.0
2026-05-20,1,1,7,long,16,0.0,86.0,0.0,0.0
2026-05-20,1,1,7,medium,14,0.0,266.0,0.0,0.0
2026-05-20,1,1,7,short,5,0.0,57.0,0.0,0.0
2026-05-20,1,1,7,very_long,14,0.0,34.0,0.0,0.0
2026-05-20,1,1,7,zero,11,0.0,407.0,0.0,0.0
2026-05-20,1,1,8,long,18,0.0,64.0,0.015625,-0.015625
2026-05-20,1,1,8,medium,7,0.0,323.0,0.0,0.0
2026-05-20,1,1,8,short,3,0.0,77.0,0.0,0.0
2026-05-20,1,1,8,very_long,17,0.0,29.0,0.0,0.0
2026-05-20,1,1,8,zero,4,0.0,671.0,0.0,0.0
2026-05-20,1,1,9,long,18,0.1666666666666666,48.0,0.0208333333333333,0.1458333333333333
2026-05-20,1,1,9,medium,16,0.0625,241.0,0.0248962655601659,0.037603734439834
2026-05-20,1,1,9,short,9,0.0,53.0,0.0,0.0
2026-05-20,1,1,9,very_long,7,0.0,31.0,0.0,0.0
2026-05-20,1,1,9,zero,3,0.0,408.0,0.0122549019607843,-0.0122549019607843
2026-05-21,0,0,0,long,1,0.0,42.0,0.0,0.0
2026-05-21,0,0,0,zero,5,0.0,1188.0,0.0,0.0
2026-05-21,0,0,1,very_long,1,0.0,101.0,0.0,0.0
2026-05-21,0,0,1,zero,1,0.0,1892.0,0.0005285412262156,-0.0005285412262156
2026-05-21,0,0,2,long,3,0.0,146.0,0.0136986301369863,-0.0136986301369863
2026-05-21,0,0,2,medium,5,0.0,332.0,0.0,0.0
2026-05-21,0,0,2,very_long,9,0.0,134.0,0.0,0.0
2026-05-21,0,0,2,zero,8,0.0,1527.0,0.0,0.0
2026-05-21,0,0,5,long,1,0.0,65.0,0.0153846153846153,-0.0153846153846153
2026-05-21,0,0,5,medium,1,0.0,105.0,0.0,0.0
2026-05-21,0,0,5,short,1,0.0,101.0,0.0,0.0
2026-05-21,0,0,5,very_long,2,0.0,38.0,0.0,0.0
2026-05-21,0,0,5,zero,1,0.0,201.0,0.0,0.0
2026-05-21,0,0,6,long,2,0.0,45.0,0.0,0.0
2026-05-21,0,0,6,medium,2,0.0,88.0,0.0,0.0
2026-05-21,0,0,6,short,2,0.0,78.0,0.0,0.0
2026-05-21,0,0,6,very_long,3,0.0,35.0,0.0,0.0
2026-05-21,0,0,6,zero,4,0.0,184.0,0.0,0.0
2026-05-21,0,0,7,long,2,0.0,40.0,0.0,0.0
2026-05-21,0,0,7,medium,4,0.0,102.0,0.0,0.0
2026-05-21,0,0,7,short,1,0.0,84.0,0.0,0.0
2026-05-21,0,0,7,very_long,3,0.0,45.0,0.0,0.0
2026-05-21,0,0,7,zero,5,0.0,319.0,0.0,0.0
2026-05-21,0,0,8,medium,1,0.0,79.0,0.0,0.0
2026-05-21,0,0,8,short,1,0.0,126.0,0.0,0.0
2026-05-21,0,0,8,very_long,2,0.0,25.0,0.0,0.0
2026-05-21,0,0,8,zero,5,0.0,496.0,0.0,0.0
2026-05-21,0,0,9,short,10,0.0,307.0,0.0,0.0
2026-05-21,0,0,9,very_long,1,0.0,72.0,0.0277777777777777,-0.0277777777777777
2026-05-21,0,0,9,zero,7,0.0,1080.0,0.0074074074074074,-0.0074074074074074
2026-05-21,0,1,0,very_long,1,0.0,13.0,0.0,0.0
2026-05-21,0,1,2,long,2,0.0,23.0,0.0,0.0
2026-05-21,0,1,2,zero,3,0.0,162.0,0.0,0.0
2026-05-21,0,1,4,medium,1,0.0,56.0,0.0,0.0
2026-05-21,0,1,4,zero,2,0.0,49.0,0.0,0.0
2026-05-21,0,1,5,long,1,0.0,8.0,0.0,0.0
2026-05-21,0,1,5,medium,1,0.0,19.0,0.0,0.0
2026-05-21,0,1,6,long,2,0.0,8.0,0.0,0.0
2026-05-21,0,1,6,medium,1,0.0,14.0,0.0,0.0
2026-05-21,0,1,6,very_long,6,0.0,9.0,0.0,0.0
2026-05-21,0,1,6,zero,1,0.0,21.0,0.0,0.0
2026-05-21,0,1,7,long,3,0.0,11.0,0.0,0.0
2026-05-21,0,1,7,medium,1,0.0,21.0,0.0,0.0
2026-05-21,0,1,7,short,1,0.0,22.0,0.0,0.0
2026-05-21,0,1,8,long,5,0.0,7.0,0.0,0.0
2026-05-21,0,1,8,short,1,0.0,13.0,0.0,0.0
2026-05-21,0,1,8,very_long,7,0.0,9.0,0.0,0.0
2026-05-21,0,1,9,long,6,0.0,4.0,0.0,0.0
2026-05-21,0,1,9,short,4,0.0,5.0,0.0,0.0
2026-05-21,0,1,9,very_long,5,0.0,11.0,0.0,0.0
2026-05-21,0,1,9,zero,1,0.0,45.0,0.0,0.0
2026-05-21,1,0,0,long,3,0.0,19.0,0.0,0.0
2026-05-21,1,0,0,medium,2,0.0,219.0,0.0,0.0
2026-05-21,1,0,0,short,3,0.0,96.0,0.0,0.0
2026-05-21,1,0,0,very_long,1,0.0,17.0,0.0,0.0
2026-05-21,1,0,1,very_long,1,0.0,10.0,0.0,0.0
2026-05-21,1,0,1,zero,3,0.0,56.0,0.0,0.0
2026-05-21,1,0,2,long,5,0.0,48.0,0.0,0.0
2026-05-21,1,0,2,medium,1,0.0,801.0,0.0,0.0
2026-05-21,1,0,2,short,1,0.0,66.0,0.0,0.0
2026-05-21,1,0,2,very_long,4,0.0,32.0,0.0,0.0
2026-05-21,1,0,2,zero,3,0.0,838.0,0.0035799522673031,-0.0035799522673031
2026-05-21,1,0,4,medium,4,0.0,500.0,0.0,0.0
2026-05-21,1,0,4,zero,1,0.0,627.0,0.0,0.0
2026-05-21,1,0,5,medium,2,0.0,282.0,0.0,0.0
2026-05-21,1,0,5,short,1,0.0,75.0,0.0,0.0
2026-05-21,1,0,5,very_long,1,0.0,21.0,0.0,0.0
2026-05-21,1,0,6,long,2,0.0,40.0,0.0,0.0
2026-05-21,1,0,6,medium,3,0.0,121.0,0.0,0.0
2026-05-21,1,0,6,very_long,2,0.0,22.0,0.0,0.0
2026-05-21,1,0,6,zero,1,0.0,301.0,0.0,0.0
2026-05-21,1,0,7,long,5,0.0,36.0,0.0,0.0
2026-05-21,1,0,7,medium,4,0.0,172.0,0.0,0.0
2026-05-21,1,0,7,short,2,0.0,86.0,0.0,0.0
2026-05-21,1,0,7,very_long,10,0.0,26.0,0.0,0.0
2026-05-21,1,0,7,zero,4,0.0,447.0,0.0,0.0
2026-05-21,1,0,8,long,4,0.0,11.0,0.0,0.0
2026-05-21,1,0,8,medium,1,0.0,150.0,0.0,0.0
2026-05-21,1,0,8,short,1,0.0,56.0,0.0,0.0
2026-05-21,1,0,8,very_long,1,0.0,17.0,0.0,0.0
2026-05-21,1,0,8,zero,1,0.0,481.0,0.0,0.0
2026-05-21,1,0,9,medium,4,0.0,96.0,0.0104166666666666,-0.0104166666666666
2026-05-21,1,0,9,short,2,0.0,40.0,0.025,-0.025
2026-05-21,1,0,9,very_long,1,0.0,20.0,0.0,0.0
2026-05-21,1,0,9,zero,5,0.0,235.0,0.0170212765957446,-0.0170212765957446
2026-05-21,1,1,0,long,8,0.0,18.0,0.0,0.0
2026-05-21,1,1,0,medium,8,0.0,109.0,0.0,0.0
2026-05-21,1,1,0,short,3,0.0,39.0,0.0,0.0
2026-05-21,1,1,0,very_long,3,0.0,10.0,0.0,0.0
2026-05-21,1,1,0,zero,13,0.0,463.0,0.0,0.0
2026-05-21,1,1,1,long,4,0.0,13.0,0.0,0.0
2026-05-21,1,1,1,medium,4,0.0,32.0,0.03125,-0.03125
2026-05-21,1,1,1,very_long,7,0.0,5.0,0.0,0.0
2026-05-21,1,1,1,zero,10,0.0,63.0,0.0,0.0
2026-05-21,1,1,2,long,13,0.0,68.0,0.0,0.0
2026-05-21,1,1,2,medium,38,0.0,1131.0,0.0,0.0
2026-05-21,1,1,2,short,3,0.0,44.0,0.0,0.0
2026-05-21,1,1,2,very_long,17,0.0,58.0,0.0,0.0
2026-05-21,1,1,2,zero,24,0.0,680.0,0.0,0.0
2026-05-21,1,1,4,long,1,0.0,21.0,0.0,0.0
2026-05-21,1,1,4,medium,3,0.0,781.0,0.0,0.0
2026-05-21,1,1,4,short,2,0.0,62.0,0.0,0.0
2026-05-21,1,1,4,very_long,1,0.0,6.0,0.0,0.0
2026-05-21,1,1,4,zero,3,0.0,471.0,0.0,0.0
2026-05-21,1,1,5,long,14,0.0,43.0,0.0,0.0
2026-05-21,1,1,5,medium,15,0.0666666666666666,410.0,0.0,0.0666666666666666
2026-05-21,1,1,5,short,3,0.0,40.0,0.0,0.0
2026-05-21,1,1,5,very_long,18,0.0,31.0,0.0,0.0
2026-05-21,1,1,5,zero,4,0.0,489.0,0.0,0.0
2026-05-21,1,1,6,long,6,0.0,52.0,0.0,0.0
2026-05-21,1,1,6,medium,12,0.0,126.0,0.0079365079365079,-0.0079365079365079
2026-05-21,1,1,6,short,2,0.0,21.0,0.0,0.0
2026-05-21,1,1,6,very_long,12,0.0,35.0,0.0,0.0
2026-05-21,1,1,7,long,12,0.0,80.0,0.0,0.0
2026-05-21,1,1,7,medium,12,0.0,240.0,0.0,0.0
2026-05-21,1,1,7,short,7,0.0,61.0,0.0,0.0
2026-05-21,1,1,7,very_long,9,0.0,64.0,0.0,0.0
2026-05-21,1,1,7,zero,3,0.0,365.0,0.0,0.0
2026-05-21,1,1,8,long,14,0.0,43.0,0.0,0.0
2026-05-21,1,1,8,medium,11,0.0,236.0,0.0,0.0
2026-05-21,1,1,8,short,3,0.0,53.0,0.0,0.0
2026-05-21,1,1,8,very_long,24,0.0,64.0,0.0,0.0
2026-05-21,1,1,8,zero,5,0.0,504.0,0.0,0.0
2026-05-21,1,1,9,long,9,0.1111111111111111,32.0,0.0,0.1111111111111111
2026-05-21,1,1,9,medium,17,0.1176470588235294,158.0,0.0,0.1176470588235294
2026-05-21,1,1,9,short,3,0.0,36.0,0.0,0.0
2026-05-21,1,1,9,very_long,3,0.0,24.0,0.0,0.0
2026-05-21,1,1,9,zero,8,0.0,274.0,0.010948905109489,-0.010948905109489
2026-05-22,0,0,0,very_long,2,0.0,70.0,0.0,0.0
2026-05-22,0,0,0,zero,3,0.0,948.0,0.0,0.0
2026-05-22,0,0,1,short,1,0.0,568.0,0.0,0.0
2026-05-22,0,0,1,very_long,1,0.0,74.0,0.0,0.0
2026-05-22,0,0,2,long,6,0.0,89.0,0.0,0.0
2026-05-22,0,0,2,medium,3,0.0,234.0,0.0,0.0
2026-05-22,0,0,2,short,1,0.0,197.0,0.0,0.0
2026-05-22,0,0,2,very_long,9,0.0,99.0,0.0,0.0
2026-05-22,0,0,2,zero,13,0.0,855.0,0.0035087719298245,-0.0035087719298245
2026-05-22,0,0,4,zero,1,0.0,112.0,0.0089285714285714,-0.0089285714285714
2026-05-22,0,0,5,long,1,0.0,29.0,0.0,0.0
2026-05-22,0,0,5,short,1,0.0,82.0,0.0,0.0
2026-05-22,0,0,6,long,1,0.0,36.0,0.0,0.0
2026-05-22,0,0,6,medium,2,0.0,85.0,0.0,0.0
2026-05-22,0,0,6,short,5,0.0,66.0,0.0,0.0
2026-05-22,0,0,6,very_long,2,0.0,37.0,0.0,0.0
2026-05-22,0,0,6,zero,4,0.0,147.0,0.0,0.0
2026-05-22,0,0,7,long,2,0.0,29.0,0.0,0.0
2026-05-22,0,0,7,medium,2,0.0,111.0,0.0,0.0
2026-05-22,0,0,7,very_long,4,0.0,36.0,0.0,0.0
2026-05-22,0,0,7,zero,14,0.0,216.0,0.0,0.0
2026-05-22,0,0,8,medium,2,0.0,54.0,0.0,0.0
2026-05-22,0,0,8,short,3,0.0,124.0,0.0,0.0
2026-05-22,0,0,8,zero,6,0.0,358.0,0.0,0.0
2026-05-22,0,0,9,medium,2,0.0,107.0,0.0186915887850467,-0.0186915887850467
2026-05-22,0,0,9,short,9,0.1111111111111111,331.0,0.0030211480362537,0.1080899630748573
2026-05-22,0,0,9,very_long,1,0.0,57.0,0.0,0.0
2026-05-22,0,0,9,zero,18,0.0,699.0,0.0014306151645207,-0.0014306151645207
2026-05-22,0,1,0,long,2,0.0,5.0,0.0,0.0
2026-05-22,0,1,0,very_long,2,0.0,15.0,0.0,0.0
2026-05-22,0,1,1,medium,3,0.0,13.0,0.0,0.0
2026-05-22,0,1,1,short,1,0.0,1.0,0.0,0.0
2026-05-22,0,1,1,very_long,1,0.0,16.0,0.0,0.0
2026-05-22,0,1,2,long,1,0.0,22.0,0.0454545454545454,-0.0454545454545454
2026-05-22,0,1,2,very_long,1,0.0,18.0,0.0,0.0
2026-05-22,0,1,2,zero,2,0.0,58.0,0.0172413793103448,-0.0172413793103448
2026-05-22,0,1,5,very_long,1,0.0,3.0,0.0,0.0
2026-05-22,0,1,6,medium,2,0.0,15.0,0.0,0.0
2026-05-22,0,1,6,short,3,0.0,4.0,0.0,0.0
2026-05-22,0,1,6,very_long,1,0.0,7.0,0.0,0.0
2026-05-22,0,1,7,long,1,0.0,17.0,0.0,0.0
2026-05-22,0,1,7,medium,1,0.0,19.0,0.0,0.0
2026-05-22,0,1,7,short,3,0.0,14.0,0.0,0.0
2026-05-22,0,1,7,very_long,4,0.0,11.0,0.0,0.0
2026-05-22,0,1,7,zero,1,0.0,36.0,0.0,0.0
2026-05-22,0,1,8,long,1,0.0,12.0,0.0,0.0
2026-05-22,0,1,8,very_long,5,0.0,8.0,0.0,0.0
2026-05-22,0,1,9,very_long,5,0.0,13.0,0.0,0.0
2026-05-22,1,0,0,long,4,0.0,15.0,0.0,0.0
2026-05-22,1,0,0,medium,3,0.0,141.0,0.0,0.0
2026-05-22,1,0,0,very_long,1,0.0,22.0,0.0,0.0
2026-05-22,1,0,0,zero,2,0.0,288.0,0.0,0.0
2026-05-22,1,0,1,long,3,0.0,5.0,0.0,0.0
2026-05-22,1,0,1,medium,1,0.0,135.0,0.0,0.0
2026-05-22,1,0,1,very_long,2,0.0,19.0,0.0,0.0
2026-05-22,1,0,1,zero,4,0.0,80.0,0.0,0.0
2026-05-22,1,0,2,medium,4,0.0,652.0,0.0030674846625766,-0.0030674846625766
2026-05-22,1,0,2,very_long,1,0.0,32.0,0.0,0.0
2026-05-22,1,0,2,zero,1,0.0,780.0,0.0025641025641025,-0.0025641025641025
2026-05-22,1,0,4,medium,1,0.0,510.0,0.0,0.0
2026-05-22,1,0,4,short,1,0.0,103.0,0.0,0.0
2026-05-22,1,0,5,long,1,0.0,32.0,0.0,0.0
2026-05-22,1,0,5,very_long,2,0.0,19.0,0.0,0.0
2026-05-22,1,0,5,zero,1,0.0,682.0,0.0,0.0
2026-05-22,1,0,6,long,2,0.0,40.0,0.0,0.0
2026-05-22,1,0,6,medium,1,0.0,188.0,0.0053191489361702,-0.0053191489361702
2026-05-22,1,0,6,short,1,0.0,73.0,0.0,0.0
2026-05-22,1,0,6,very_long,6,0.0,31.0,0.0,0.0
2026-05-22,1,0,7,long,6,0.0,39.0,0.0,0.0
2026-05-22,1,0,7,medium,4,0.0,183.0,0.0,0.0
2026-05-22,1,0,7,very_long,3,0.0,30.0,0.0,0.0
2026-05-22,1,0,7,zero,1,0.0,364.0,0.0,0.0
2026-05-22,1,0,8,long,1,0.0,14.0,0.0,0.0
2026-05-22,1,0,8,medium,17,0.0,199.0,0.0,0.0
2026-05-22,1,0,8,very_long,3,0.0,16.0,0.0,0.0
2026-05-22,1,0,8,zero,1,0.0,467.0,0.0,0.0
2026-05-22,1,0,9,long,1,0.0,12.0,0.0833333333333333,-0.0833333333333333
2026-05-22,1,0,9,medium,8,0.0,147.0,0.0612244897959183,-0.0612244897959183
2026-05-22,1,0,9,short,1,0.0,56.0,0.0,0.0
2026-05-22,1,0,9,very_long,1,0.0,16.0,0.0,0.0
2026-05-22,1,0,9,zero,2,0.0,327.0,0.036697247706422,-0.036697247706422
2026-05-22,1,1,0,long,5,0.0,30.0,0.0,0.0
2026-05-22,1,1,0,medium,2,0.0,87.0,0.0,0.0
2026-05-22,1,1,0,short,2,0.0,24.0,0.0,0.0
2026-05-22,1,1,0,very_long,10,0.0,10.0,0.0,0.0
2026-05-22,1,1,0,zero,6,0.0,171.0,0.0,0.0
2026-05-22,1,1,1,long,6,0.0,12.0,0.0,0.0
2026-05-22,1,1,1,medium,2,0.0,55.0,0.0,0.0
2026-05-22,1,1,1,short,1,0.0,12.0,0.0,0.0
2026-05-22,1,1,1,very_long,3,0.0,2.0,0.0,0.0
2026-05-22,1,1,1,zero,1,1.0,39.0,0.0,1.0
2026-05-22,1,1,2,long,16,0.0625,92.0,0.0,0.0625
2026-05-22,1,1,2,medium,81,0.0,1145.0,0.0008733624454148,-0.0008733624454148
2026-05-22,1,1,2,short,15,0.0,47.0,0.0,0.0
2026-05-22,1,1,2,very_long,24,0.0416666666666666,72.0,0.0,0.0416666666666666
2026-05-22,1,1,2,zero,28,0.0,1171.0,0.0,0.0
2026-05-22,1,1,4,long,2,0.0,26.0,0.0,0.0
2026-05-22,1,1,4,medium,2,0.0,778.0,0.0,0.0
2026-05-22,1,1,4,short,1,0.0,67.0,0.0,0.0
2026-05-22,1,1,4,very_long,2,0.0,9.0,0.0,0.0
2026-05-22,1,1,4,zero,5,0.0,656.0,0.0,0.0
2026-05-22,1,1,5,long,3,0.0,29.0,0.0,0.0
2026-05-22,1,1,5,medium,35,0.0,538.0,0.0,0.0
2026-05-22,1,1,5,short,6,0.0,54.0,0.0,0.0
2026-05-22,1,1,5,very_long,5,0.0,39.0,0.0,0.0
2026-05-22,1,1,5,zero,7,0.0,506.0,0.0,0.0
2026-05-22,1,1,6,long,7,0.0,34.0,0.0,0.0
2026-05-22,1,1,6,medium,9,0.0,224.0,0.0,0.0
2026-05-22,1,1,6,short,3,0.0,53.0,0.0,0.0
2026-05-22,1,1,6,very_long,13,0.0,30.0,0.0,0.0
2026-05-22,1,1,6,zero,2,0.0,379.0,0.0,0.0
2026-05-22,1,1,7,long,13,0.0,99.0,0.0,0.0
2026-05-22,1,1,7,medium,18,0.0,268.0,0.0,0.0
2026-05-22,1,1,7,short,2,0.0,47.0,0.0,0.0
2026-05-22,1,1,7,very_long,11,0.0,50.0,0.0,0.0
2026-05-22,1,1,7,zero,4,0.0,396.0,0.0025252525252525,-0.0025252525252525
2026-05-22,1,1,8,long,19,0.0,34.0,0.0,0.0
2026-05-22,1,1,8,medium,4,0.0,292.0,0.0034246575342465,-0.0034246575342465
2026-05-22,1,1,8,short,5,0.0,47.0,0.0,0.0
2026-05-22,1,1,8,very_long,8,0.0,29.0,0.0,0.0
2026-05-22,1,1,8,zero,4,0.0,613.0,0.0,0.0
2026-05-22,1,1,9,long,16,0.125,42.0,0.0238095238095238,0.1011904761904761
2026-05-22,1,1,9,medium,12,0.0833333333333333,196.0,0.0306122448979591,0.0527210884353741
2026-05-22,1,1,9,short,2,0.5,46.0,0.0217391304347826,0.4782608695652174
2026-05-22,1,1,9,very_long,13,0.0769230769230769,33.0,0.0303030303030303,0.0466200466200466
2026-05-22,1,1,9,zero,9,0.1111111111111111,328.0,0.0121951219512195,0.0989159891598916
2026-05-23,0,0,0,very_long,2,0.0,54.0,0.0,0.0
2026-05-23,0,0,0,zero,4,0.0,765.0,0.0,0.0
2026-05-23,0,0,1,long,1,0.0,45.0,0.0,0.0
2026-05-23,0,0,1,medium,1,0.0,164.0,0.0,0.0
2026-05-23,0,0,1,very_long,3,0.0,55.0,0.0181818181818181,-0.0181818181818181
2026-05-23,0,0,2,long,1,0.0,62.0,0.0,0.0
2026-05-23,0,0,2,medium,3,0.0,292.0,0.0,0.0
2026-05-23,0,0,2,very_long,1,0.0,120.0,0.0083333333333333,-0.0083333333333333
2026-05-23,0,0,2,zero,2,0.0,378.0,0.0,0.0
2026-05-23,0,0,4,zero,1,0.0,83.0,0.0,0.0
2026-05-23,0,0,5,long,1,0.0,27.0,0.0,0.0
2026-05-23,0,0,5,medium,3,0.0,114.0,0.0,0.0
2026-05-23,0,0,5,short,1,0.0,70.0,0.0,0.0
2026-05-23,0,0,5,zero,4,0.0,141.0,0.0,0.0
2026-05-23,0,0,6,medium,3,0.0,116.0,0.0,0.0
2026-05-23,0,0,6,short,3,0.0,65.0,0.0,0.0
2026-05-23,0,0,6,very_long,7,0.0,35.0,0.0,0.0
2026-05-23,0,0,6,zero,1,0.0,130.0,0.0,0.0
2026-05-23,0,0,7,long,2,0.0,48.0,0.0,0.0
2026-05-23,0,0,7,medium,3,0.0,108.0,0.0,0.0
2026-05-23,0,0,7,short,6,0.0,86.0,0.0,0.0
2026-05-23,0,0,7,very_long,3,0.0,43.0,0.0,0.0
2026-05-23,0,0,7,zero,3,0.0,182.0,0.0,0.0
2026-05-23,0,0,8,long,2,0.0,17.0,0.0,0.0
2026-05-23,0,0,8,zero,5,0.0,215.0,0.0,0.0
2026-05-23,0,0,9,long,1,0.0,59.0,0.0,0.0
2026-05-23,0,0,9,zero,21,0.0,453.0,0.0022075055187637,-0.0022075055187637
2026-05-23,0,1,0,short,1,0.0,12.0,0.0,0.0
2026-05-23,0,1,2,medium,1,0.0,195.0,0.0,0.0
2026-05-23,0,1,2,very_long,2,0.0,13.0,0.0,0.0
2026-05-23,0,1,4,zero,1,0.0,80.0,0.0,0.0
2026-05-23,0,1,6,very_long,1,0.0,7.0,0.0,0.0
2026-05-23,0,1,7,long,1,0.0,7.0,0.0,0.0
2026-05-23,0,1,7,medium,3,0.0,28.0,0.0,0.0
2026-05-23,0,1,7,very_long,1,0.0,14.0,0.0,0.0
2026-05-23,0,1,8,very_long,4,0.0,7.0,0.0,0.0
2026-05-23,0,1,9,long,1,0.0,2.0,0.0,0.0
2026-05-23,0,1,9,very_long,1,0.0,11.0,0.0,0.0
2026-05-23,1,0,0,long,1,0.0,13.0,0.0,0.0
2026-05-23,1,0,0,short,1,0.0,43.0,0.0,0.0
2026-05-23,1,0,1,medium,1,0.0,22.0,0.0,0.0
2026-05-23,1,0,2,medium,2,0.0,467.0,0.0,0.0
2026-05-23,1,0,2,short,1,0.0,26.0,0.0,0.0
2026-05-23,1,0,2,very_long,2,0.0,34.0,0.0,0.0
2026-05-23,1,0,6,long,1,0.0,38.0,0.0,0.0
2026-05-23,1,0,6,medium,2,0.0,193.0,0.0,0.0
2026-05-23,1,0,6,very_long,6,0.0,26.0,0.0,0.0
2026-05-23,1,0,6,zero,1,0.0,384.0,0.0,0.0
2026-05-23,1,0,7,long,4,0.0,53.0,0.0,0.0
2026-05-23,1,0,7,medium,6,0.0,122.0,0.0,0.0
2026-05-23,1,0,7,short,1,0.0,61.0,0.0,0.0
2026-05-23,1,0,7,very_long,6,0.0,24.0,0.0,0.0
2026-05-23,1,0,8,medium,1,0.0,145.0,0.0,0.0
2026-05-23,1,0,8,short,1,0.0,63.0,0.0,0.0
2026-05-23,1,0,8,very_long,1,0.0,16.0,0.0,0.0
2026-05-23,1,0,8,zero,1,0.0,434.0,0.0,0.0
2026-05-23,1,0,9,long,1,0.0,7.0,0.1428571428571428,-0.1428571428571428
2026-05-23,1,0,9,medium,1,0.0,89.0,0.0224719101123595,-0.0224719101123595
2026-05-23,1,1,0,long,1,0.0,21.0,0.0,0.0
2026-05-23,1,1,0,medium,1,0.0,80.0,0.0,0.0
2026-05-23,1,1,0,short,2,0.0,23.0,0.0,0.0
2026-05-23,1,1,0,very_long,1,0.0,15.0,0.0,0.0
2026-05-23,1,1,0,zero,5,0.0,168.0,0.0,0.0
2026-05-23,1,1,1,long,5,0.0,3.0,0.0,0.0
2026-05-23,1,1,1,short,1,0.0,19.0,0.0,0.0
2026-05-23,1,1,1,very_long,4,0.0,9.0,0.0,0.0
2026-05-23,1,1,2,long,3,0.3333333333333333,81.0,0.0,0.3333333333333333
2026-05-23,1,1,2,medium,29,0.0,756.0,0.0,0.0
2026-05-23,1,1,2,short,3,0.0,22.0,0.0,0.0
2026-05-23,1,1,2,very_long,6,0.0,44.0,0.0,0.0
2026-05-23,1,1,2,zero,17,0.0,489.0,0.0,0.0
2026-05-23,1,1,4,medium,2,0.0,498.0,0.0,0.0
2026-05-23,1,1,4,short,1,0.0,39.0,0.0,0.0
2026-05-23,1,1,5,long,7,0.1428571428571428,31.0,0.0,0.1428571428571428
2026-05-23,1,1,5,medium,18,0.0555555555555555,378.0,0.0,0.0555555555555555
2026-05-23,1,1,5,short,5,0.0,76.0,0.0,0.0
2026-05-23,1,1,5,very_long,3,0.0,60.0,0.0,0.0
2026-05-23,1,1,6,long,5,0.0,52.0,0.0,0.0
2026-05-23,1,1,6,medium,4,0.0,193.0,0.0,0.0
2026-05-23,1,1,6,short,3,0.0,62.0,0.0,0.0
2026-05-23,1,1,6,very_long,10,0.0,26.0,0.0,0.0
2026-05-23,1,1,6,zero,7,0.0,312.0,0.0,0.0
2026-05-23,1,1,7,long,10,0.0,93.0,0.0,0.0
2026-05-23,1,1,7,medium,12,0.0,245.0,0.0,0.0
2026-05-23,1,1,7,short,5,0.0,50.0,0.0,0.0
2026-05-23,1,1,7,very_long,9,0.0,32.0,0.0,0.0
2026-05-23,1,1,7,zero,4,0.0,363.0,0.0,0.0
2026-05-23,1,1,8,long,11,0.0,60.0,0.0,0.0
2026-05-23,1,1,8,medium,5,0.0,265.0,0.0037735849056603,-0.0037735849056603
2026-05-23,1,1,8,short,1,0.0,52.0,0.0,0.0
2026-05-23,1,1,8,very_long,1,0.0,46.0,0.0,0.0
2026-05-23,1,1,8,zero,2,0.0,544.0,0.0,0.0
2026-05-23,1,1,9,long,17,0.2352941176470588,49.0,0.0,0.2352941176470588
2026-05-23,1,1,9,medium,18,0.0555555555555555,165.0,0.0303030303030303,0.0252525252525252
2026-05-23,1,1,9,short,6,0.1666666666666666,61.0,0.0163934426229508,0.1502732240437158
2026-05-23,1,1,9,very_long,15,0.1333333333333333,62.0,0.0161290322580645,0.1172043010752688
2026-05-23,1,1,9,zero,1,0.0,304.0,0.0098684210526315,-0.0098684210526315
2026-05-24,0,0,0,medium,24,0.0,196.0,0.0,0.0
2026-05-24,0,0,0,short,1,0.0,432.0,0.0,0.0
2026-05-24,0,0,0,very_long,1,0.0,66.0,0.0,0.0
2026-05-24,0,0,1,medium,39,0.0,209.0,0.0,0.0
2026-05-24,0,0,1,very_long,4,0.0,53.0,0.0,0.0
2026-05-24,0,0,2,long,3,0.0,59.0,0.0,0.0
2026-05-24,0,0,2,medium,4,0.0,146.0,0.0,0.0
2026-05-24,0,0,2,short,1,0.0,123.0,0.0,0.0
2026-05-24,0,0,2,very_long,1,0.0,180.0,0.0,0.0
2026-05-24,0,0,2,zero,2,0.0,350.0,0.0,0.0
2026-05-24,0,0,3,short,1,0.0,19.0,0.0,0.0
2026-05-24,0,0,4,zero,1,0.0,82.0,0.0,0.0
2026-05-24,0,0,5,long,1,0.0,19.0,0.0,0.0
2026-05-24,0,0,5,short,1,0.0,70.0,0.0,0.0
2026-05-24,0,0,5,zero,4,0.0,156.0,0.0,0.0
2026-05-24,0,0,6,long,2,0.0,35.0,0.0,0.0
2026-05-24,0,0,6,medium,3,0.0,115.0,0.008695652173913,-0.008695652173913
2026-05-24,0,0,6,short,3,0.0,94.0,0.0,0.0
2026-05-24,0,0,6,very_long,4,0.0,47.0,0.0,0.0
2026-05-24,0,0,6,zero,2,0.0,159.0,0.0,0.0
2026-05-24,0,0,7,long,4,0.0,46.0,0.0,0.0
2026-05-24,0,0,7,medium,4,0.0,100.0,0.0,0.0
2026-05-24,0,0,7,short,3,0.0,100.0,0.0,0.0
2026-05-24,0,0,7,very_long,3,0.0,49.0,0.0,0.0
2026-05-24,0,0,7,zero,3,0.0,194.0,0.0,0.0
2026-05-24,0,0,8,medium,4,0.0,66.0,0.0,0.0
2026-05-24,0,0,8,zero,3,0.0,278.0,0.0,0.0
2026-05-24,0,0,9,medium,9,0.0,135.0,0.0074074074074074,-0.0074074074074074
2026-05-24,0,0,9,short,4,0.0,345.0,0.0,0.0
2026-05-24,0,0,9,very_long,1,0.0,27.0,0.0,0.0
2026-05-24,0,0,9,zero,21,0.0,571.0,0.0087565674255691,-0.0087565674255691
2026-05-24,0,1,0,very_long,1,0.0,8.0,0.0,0.0
2026-05-24,0,1,1,medium,1,0.0,12.0,0.0,0.0
2026-05-24,0,1,1,very_long,1,0.0,6.0,0.0,0.0
2026-05-24,0,1,2,long,1,0.0,10.0,0.0,0.0
2026-05-24,0,1,2,very_long,2,0.0,23.0,0.0,0.0
2026-05-24,0,1,2,zero,3,0.0,35.0,0.0,0.0
2026-05-24,0,1,3,long,1,0.0,1.0,0.0,0.0
2026-05-24,0,1,5,very_long,1,0.0,5.0,0.0,0.0
2026-05-24,0,1,6,long,2,0.0,9.0,0.0,0.0
2026-05-24,0,1,6,very_long,2,0.0,16.0,0.0,0.0
2026-05-24,0,1,7,very_long,2,0.0,17.0,0.0,0.0
2026-05-24,0,1,7,zero,3,0.0,55.0,0.0181818181818181,-0.0181818181818181
2026-05-24,0,1,8,very_long,1,0.0,4.0,0.0,0.0
2026-05-24,0,1,9,very_long,2,0.0,4.0,0.0,0.0
2026-05-24,1,0,0,medium,1,0.0,91.0,0.0,0.0
2026-05-24,1,0,0,very_long,1,0.0,16.0,0.0,0.0
2026-05-24,1,0,0,zero,1,0.0,179.0,0.0,0.0
2026-05-24,1,0,1,long,1,0.0,10.0,0.0,0.0
2026-05-24,1,0,1,very_long,1,0.0,16.0,0.0,0.0
2026-05-24,1,0,1,zero,1,0.0,105.0,0.0,0.0
2026-05-24,1,0,2,long,1,0.0,20.0,0.0,0.0
2026-05-24,1,0,2,medium,3,0.0,565.0,0.0017699115044247,-0.0017699115044247
2026-05-24,1,0,2,short,5,0.0,44.0,0.0,0.0
2026-05-24,1,0,2,zero,18,0.0,646.0,0.0046439628482972,-0.0046439628482972
2026-05-24,1,0,3,medium,1,0.0,108.0,0.0,0.0
2026-05-24,1,0,4,medium,3,0.0,370.0,0.0,0.0
2026-05-24,1,0,4,zero,4,0.0,480.0,0.0,0.0
2026-05-24,1,0,5,long,1,0.0,22.0,0.0,0.0
2026-05-24,1,0,5,medium,1,0.0,293.0,0.0,0.0
2026-05-24,1,0,5,short,1,0.0,49.0,0.0,0.0
2026-05-24,1,0,5,very_long,3,0.0,13.0,0.0,0.0
2026-05-24,1,0,5,zero,34,0.0,464.0,0.0,0.0
2026-05-24,1,0,6,long,2,0.0,20.0,0.0,0.0
2026-05-24,1,0,6,medium,2,0.0,198.0,0.0,0.0
2026-05-24,1,0,6,short,1,0.0,82.0,0.0,0.0
2026-05-24,1,0,6,very_long,3,0.0,20.0,0.0,0.0
2026-05-24,1,0,6,zero,6,0.0,480.0,0.0,0.0
2026-05-24,1,0,7,long,2,0.0,43.0,0.0,0.0
2026-05-24,1,0,7,medium,3,0.0,182.0,0.0,0.0
2026-05-24,1,0,7,short,1,0.0,51.0,0.0,0.0
2026-05-24,1,0,7,very_long,2,0.0,24.0,0.0,0.0
2026-05-24,1,0,7,zero,2,0.0,329.0,0.0,0.0
2026-05-24,1,0,8,long,1,0.0,22.0,0.0,0.0
2026-05-24,1,0,8,medium,5,0.0,210.0,0.0,0.0
2026-05-24,1,0,8,short,1,0.0,65.0,0.0,0.0
2026-05-24,1,0,8,zero,1,0.0,440.0,0.0,0.0
2026-05-24,1,0,9,medium,3,0.0,151.0,0.0198675496688741,-0.0198675496688741
2026-05-24,1,0,9,short,1,0.0,52.0,0.0,0.0
2026-05-24,1,0,9,zero,1,0.0,245.0,0.0244897959183673,-0.0244897959183673
2026-05-24,1,1,0,long,3,0.0,26.0,0.0,0.0
2026-05-24,1,1,0,medium,3,0.0,79.0,0.0,0.0
2026-05-24,1,1,0,short,2,0.0,15.0,0.0,0.0
2026-05-24,1,1,0,very_long,6,0.0,8.0,0.0,0.0
2026-05-24,1,1,0,zero,1,0.0,118.0,0.0,0.0
2026-05-24,1,1,1,long,6,0.0,6.0,0.0,0.0
2026-05-24,1,1,1,medium,1,0.0,53.0,0.0,0.0
2026-05-24,1,1,1,very_long,3,0.0,8.0,0.0,0.0
2026-05-24,1,1,1,zero,3,0.0,84.0,0.0,0.0
2026-05-24,1,1,2,long,6,0.0,21.0,0.0,0.0
2026-05-24,1,1,2,medium,11,0.0,1018.0,0.0,0.0
2026-05-24,1,1,2,short,12,0.0,23.0,0.0,0.0
2026-05-24,1,1,2,very_long,14,0.0,12.0,0.0,0.0
2026-05-24,1,1,3,long,1,0.0,4.0,0.0,0.0
2026-05-24,1,1,3,medium,8,0.0,414.0,0.0,0.0
2026-05-24,1,1,3,short,2,0.0,27.0,0.0,0.0
2026-05-24,1,1,3,very_long,1,0.0,5.0,0.0,0.0
2026-05-24,1,1,3,zero,10,0.0,232.0,0.0,0.0
2026-05-24,1,1,4,long,1,0.0,14.0,0.0,0.0
2026-05-24,1,1,4,medium,1,0.0,562.0,0.0,0.0
2026-05-24,1,1,4,short,4,0.0,46.0,0.0,0.0
2026-05-24,1,1,4,very_long,1,0.0,4.0,0.0,0.0
2026-05-24,1,1,4,zero,1,0.0,318.0,0.0,0.0
2026-05-24,1,1,5,long,7,0.0,40.0,0.0,0.0
2026-05-24,1,1,5,medium,6,0.0,446.0,0.0,0.0
2026-05-24,1,1,5,short,7,0.0,47.0,0.0,0.0
2026-05-24,1,1,5,very_long,2,0.0,12.0,0.0,0.0
2026-05-24,1,1,5,zero,2,0.0,361.0,0.0,0.0
2026-05-24,1,1,6,long,7,0.0,71.0,0.0,0.0
2026-05-24,1,1,6,medium,11,0.0,290.0,0.0,0.0
2026-05-24,1,1,6,short,6,0.0,43.0,0.0,0.0
2026-05-24,1,1,6,very_long,10,0.0,27.0,0.0,0.0
2026-05-24,1,1,6,zero,5,0.0,363.0,0.0,0.0
2026-05-24,1,1,7,long,15,0.0,122.0,0.0,0.0
2026-05-24,1,1,7,medium,17,0.0588235294117647,309.0,0.0,0.0588235294117647
2026-05-24,1,1,7,short,4,0.0,46.0,0.0,0.0
2026-05-24,1,1,7,very_long,17,0.0,38.0,0.0,0.0
2026-05-24,1,1,7,zero,7,0.0,336.0,0.0,0.0
2026-05-24,1,1,8,long,18,0.0,62.0,0.0,0.0
2026-05-24,1,1,8,medium,9,0.0,297.0,0.0,0.0
2026-05-24,1,1,8,short,2,0.0,62.0,0.0,0.0
2026-05-24,1,1,8,very_long,8,0.0,16.0,0.0,0.0
2026-05-24,1,1,8,zero,10,0.0,528.0,0.0,0.0
2026-05-24,1,1,9,long,18,0.2222222222222222,44.0,0.0227272727272727,0.1994949494949494
2026-05-24,1,1,9,medium,19,0.2105263157894736,198.0,0.0151515151515151,0.1953748006379585
2026-05-24,1,1,9,short,5,0.2,45.0,0.0,0.2
2026-05-24,1,1,9,very_long,8,0.0,19.0,0.0526315789473684,-0.0526315789473684
2026-05-24,1,1,9,zero,8,0.125,294.0,0.010204081632653,0.1147959183673469
2026-05-25,0,0,0,long,1,0.0,32.0,0.0,0.0
2026-05-25,0,0,0,medium,1,0.0,225.0,0.0,0.0
2026-05-25,0,0,0,very_long,1,0.0,82.0,0.0,0.0
2026-05-25,0,0,0,zero,2,0.0,850.0,0.0,0.0
2026-05-25,0,0,1,long,1,0.0,50.0,0.0,0.0
2026-05-25,0,0,1,very_long,1,0.0,75.0,0.0,0.0
2026-05-25,0,0,1,zero,10,0.0,1162.0,0.0,0.0
2026-05-25,0,0,3,long,1,0.0,70.0,0.0,0.0
2026-05-25,0,0,3,medium,5,0.0,180.0,0.0111111111111111,-0.0111111111111111
2026-05-25,0,0,3,short,2,0.0,153.0,0.0,0.0
2026-05-25,0,0,3,zero,6,0.0,293.0,0.0,0.0
2026-05-25,0,0,5,medium,1,0.0,66.0,0.0,0.0
2026-05-25,0,0,5,short,2,0.0,105.0,0.0,0.0
2026-05-25,0,0,5,very_long,2,0.0,32.0,0.0,0.0
2026-05-25,0,0,5,zero,2,0.0,165.0,0.0,0.0
2026-05-25,0,0,6,long,1,0.0,47.0,0.0,0.0
2026-05-25,0,0,6,short,1,0.0,79.0,0.0,0.0
2026-05-25,0,0,6,very_long,2,0.0,51.0,0.0,0.0
2026-05-25,0,0,6,zero,2,0.0,202.0,0.0,0.0
2026-05-25,0,0,7,long,2,0.0,52.0,0.0,0.0
2026-05-25,0,0,7,medium,1,0.0,119.0,0.0,0.0
2026-05-25,0,0,7,very_long,3,0.0,47.0,0.0,0.0
2026-05-25,0,0,7,zero,2,0.0,202.0,0.0,0.0
2026-05-25,0,0,8,long,1,0.0,16.0,0.0,0.0
2026-05-25,0,0,8,medium,2,0.0,96.0,0.0,0.0
2026-05-25,0,0,8,very_long,1,0.0,24.0,0.0,0.0
2026-05-25,0,0,8,zero,5,0.0,290.0,0.0,0.0
2026-05-25,0,0,9,short,4,0.0,321.0,0.0031152647975077,-0.0031152647975077
2026-05-25,0,0,9,zero,19,0.0526315789473684,604.0,0.0049668874172185,0.0476646915301498
2026-05-25,0,1,0,long,1,0.0,5.0,0.0,0.0
2026-05-25,0,1,0,very_long,2,0.0,3.0,0.0,0.0
2026-05-25,0,1,1,medium,1,0.0,57.0,0.0,0.0
2026-05-25,0,1,1,very_long,1,0.0,3.0,0.0,0.0
2026-05-25,0,1,3,short,2,0.0,15.0,0.0,0.0
2026-05-25,0,1,4,medium,1,0.0,49.0,0.0,0.0
2026-05-25,0,1,5,medium,1,0.0,29.0,0.0,0.0
2026-05-25,0,1,5,short,1,0.0,16.0,0.0,0.0
2026-05-25,0,1,6,long,2,0.0,6.0,0.0,0.0
2026-05-25,0,1,6,medium,1,0.0,19.0,0.0,0.0
2026-05-25,0,1,7,medium,1,0.0,19.0,0.0,0.0
2026-05-25,0,1,7,short,1,0.0,9.0,0.0,0.0
2026-05-25,0,1,8,medium,2,0.0,23.0,0.0,0.0
2026-05-25,0,1,8,short,1,0.0,11.0,0.0,0.0
2026-05-25,0,1,8,very_long,1,0.0,9.0,0.0,0.0
2026-05-25,0,1,9,medium,1,0.0,25.0,0.0,0.0
2026-05-25,0,1,9,very_long,1,0.0,8.0,0.125,-0.125
2026-05-25,1,0,0,medium,1,0.0,69.0,0.0,0.0
2026-05-25,1,0,1,very_long,1,0.0,8.0,0.0,0.0
2026-05-25,1,0,1,zero,4,0.0,80.0,0.0,0.0
2026-05-25,1,0,3,medium,1,0.0,709.0,0.001410437235543,-0.001410437235543
2026-05-25,1,0,3,very_long,1,0.0,22.0,0.0,0.0
2026-05-25,1,0,3,zero,2,0.0,901.0,0.0,0.0
2026-05-25,1,0,4,zero,2,0.0,651.0,0.0,0.0
2026-05-25,1,0,5,medium,2,0.0,324.0,0.0,0.0
2026-05-25,1,0,5,short,1,0.0,99.0,0.0,0.0
2026-05-25,1,0,5,zero,2,0.0,677.0,0.0,0.0
2026-05-25,1,0,6,long,6,0.0,45.0,0.0,0.0
2026-05-25,1,0,6,medium,6,0.0,266.0,0.0,0.0
2026-05-25,1,0,6,very_long,2,0.0,28.0,0.0,0.0
2026-05-25,1,0,6,zero,2,0.0,611.0,0.0,0.0
2026-05-25,1,0,7,long,5,0.0,70.0,0.0,0.0
2026-05-25,1,0,7,medium,8,0.0,230.0,0.0,0.0
2026-05-25,1,0,7,short,3,0.0,72.0,0.0,0.0
2026-05-25,1,0,7,very_long,4,0.0,26.0,0.0,0.0
2026-05-25,1,0,7,zero,1,0.0,484.0,0.0,0.0
2026-05-25,1,0,8,long,2,0.0,23.0,0.0,0.0
2026-05-25,1,0,8,medium,1,0.0,235.0,0.0042553191489361,-0.0042553191489361
2026-05-25,1,0,9,long,1,0.0,13.0,0.0,0.0
2026-05-25,1,0,9,medium,1,0.0,143.0,0.0279720279720279,-0.0279720279720279
2026-05-25,1,0,9,short,1,0.0,74.0,0.027027027027027,-0.027027027027027
2026-05-25,1,0,9,zero,1,0.0,268.0,0.0111940298507462,-0.0111940298507462
2026-05-25,1,1,0,long,3,0.0,28.0,0.0,0.0
2026-05-25,1,1,0,medium,2,0.0,46.0,0.0,0.0
2026-05-25,1,1,0,short,3,0.0,50.0,0.0,0.0
2026-05-25,1,1,0,very_long,1,0.0,31.0,0.0,0.0
2026-05-25,1,1,0,zero,12,0.0,105.0,0.0,0.0
2026-05-25,1,1,1,long,2,0.0,8.0,0.0,0.0
2026-05-25,1,1,1,short,5,0.0,32.0,0.0,0.0
2026-05-25,1,1,1,very_long,4,0.0,36.0,0.0,0.0
2026-05-25,1,1,1,zero,2,0.0,108.0,0.0,0.0
2026-05-25,1,1,3,long,9,0.0,87.0,0.0,0.0
2026-05-25,1,1,3,medium,28,0.0,1319.0,0.0,0.0
2026-05-25,1,1,3,short,12,0.0,47.0,0.0,0.0
2026-05-25,1,1,3,very_long,6,0.1666666666666666,27.0,0.0,0.1666666666666666
2026-05-25,1,1,3,zero,13,0.0,1208.0,0.0008278145695364,-0.0008278145695364
2026-05-25,1,1,4,long,1,0.0,19.0,0.0,0.0
2026-05-25,1,1,4,medium,5,0.0,687.0,0.0,0.0
2026-05-25,1,1,4,zero,2,0.0,449.0,0.0,0.0
2026-05-25,1,1,5,long,8,0.125,69.0,0.0,0.125
2026-05-25,1,1,5,medium,23,0.0,446.0,0.0,0.0
2026-05-25,1,1,5,short,14,0.0,78.0,0.0,0.0
2026-05-25,1,1,5,very_long,4,0.0,77.0,0.0,0.0
2026-05-25,1,1,5,zero,10,0.0,648.0,0.0,0.0
2026-05-25,1,1,6,long,13,0.0,105.0,0.0,0.0
2026-05-25,1,1,6,medium,13,0.0,343.0,0.0,0.0
2026-05-25,1,1,6,short,6,0.0,98.0,0.0,0.0
2026-05-25,1,1,6,very_long,4,0.0,38.0,0.0,0.0
2026-05-25,1,1,6,zero,6,0.0,518.0,0.0,0.0
2026-05-25,1,1,7,long,15,0.0,123.0,0.0,0.0
2026-05-25,1,1,7,medium,17,0.0,359.0,0.0,0.0
2026-05-25,1,1,7,short,6,0.0,79.0,0.0,0.0
2026-05-25,1,1,7,very_long,8,0.0,44.0,0.0,0.0
2026-05-25,1,1,7,zero,7,0.0,506.0,0.0,0.0
2026-05-25,1,1,8,long,14,0.0,67.0,0.0,0.0
2026-05-25,1,1,8,medium,7,0.0,360.0,0.0,0.0
2026-05-25,1,1,8,short,6,0.0,101.0,0.0,0.0
2026-05-25,1,1,8,very_long,6,0.1666666666666666,49.0,0.0,0.1666666666666666
2026-05-25,1,1,8,zero,6,0.0,755.0,0.0,0.0
2026-05-25,1,1,9,long,8,0.25,43.0,0.0232558139534883,0.2267441860465116
2026-05-25,1,1,9,medium,19,0.1578947368421052,215.0,0.0232558139534883,0.1346389228886169
2026-05-25,1,1,9,short,12,0.0,85.0,0.0,0.0
2026-05-25,1,1,9,very_long,4,0.0,64.0,0.0,0.0
2026-05-25,1,1,9,zero,11,0.0,401.0,0.0074812967581047,-0.0074812967581047
2026-05-26,0,0,0,long,1,0.0,40.0,0.0,0.0
2026-05-26,0,0,0,very_long,2,0.0,79.0,0.0,0.0
2026-05-26,0,0,1,long,1,0.0,36.0,0.0,0.0
2026-05-26,0,0,1,medium,1,0.0,161.0,0.0,0.0
2026-05-26,0,0,1,very_long,1,0.0,82.0,0.0,0.0
2026-05-26,0,0,1,zero,1,0.0,1580.0,0.0,0.0
2026-05-26,0,0,3,long,2,0.0,48.0,0.0,0.0
2026-05-26,0,0,3,medium,2,0.0,138.0,0.0,0.0
2026-05-26,0,0,3,zero,2,0.0,330.0,0.0,0.0
2026-05-26,0,0,5,long,1,0.0,27.0,0.0,0.0
2026-05-26,0,0,5,medium,2,0.0,70.0,0.0,0.0
2026-05-26,0,0,5,zero,2,0.0,190.0,0.0,0.0
2026-05-26,0,0,6,long,4,0.0,39.0,0.0,0.0
2026-05-26,0,0,6,very_long,1,0.0,46.0,0.0,0.0
2026-05-26,0,0,7,long,2,0.0,41.0,0.0,0.0
2026-05-26,0,0,7,medium,1,0.0,88.0,0.0,0.0
2026-05-26,0,0,7,short,1,0.0,111.0,0.0,0.0
2026-05-26,0,0,8,zero,3,0.0,446.0,0.0,0.0
2026-05-26,0,0,9,short,8,0.125,352.0,0.0,0.125
2026-05-26,0,0,9,zero,5,0.0,869.0,0.002301495972382,-0.002301495972382
2026-05-26,0,1,0,very_long,1,0.0,8.0,0.0,0.0
2026-05-26,0,1,0,zero,4,0.0,24.0,0.0,0.0
2026-05-26,0,1,3,short,2,0.0,41.0,0.0,0.0
2026-05-26,0,1,3,very_long,1,0.0,2.0,0.0,0.0
2026-05-26,0,1,3,zero,1,0.0,72.0,0.0,0.0
2026-05-26,0,1,4,medium,1,0.0,43.0,0.0,0.0
2026-05-26,0,1,5,medium,1,0.0,29.0,0.0,0.0
2026-05-26,0,1,6,long,1,0.0,15.0,0.0,0.0
2026-05-26,0,1,6,very_long,1,0.0,6.0,0.0,0.0
2026-05-26,0,1,7,long,2,0.0,11.0,0.0,0.0
2026-05-26,0,1,7,very_long,2,0.0,13.0,0.0,0.0
2026-05-26,0,1,7,zero,5,0.0,49.0,0.0,0.0
2026-05-26,0,1,8,long,1,0.0,5.0,0.0,0.0
2026-05-26,0,1,8,very_long,1,0.0,13.0,0.0,0.0
2026-05-26,0,1,8,zero,1,0.0,59.0,0.0,0.0
2026-05-26,0,1,9,zero,1,0.0,61.0,0.1147540983606557,-0.1147540983606557
2026-05-26,1,0,0,medium,2,0.0,38.0,0.0,0.0
2026-05-26,1,0,0,very_long,1,0.0,12.0,0.0,0.0
2026-05-26,1,0,0,zero,3,0.0,126.0,0.0,0.0
2026-05-26,1,0,1,medium,1,0.0,22.0,0.0,0.0
2026-05-26,1,0,1,very_long,1,0.0,12.0,0.0,0.0
2026-05-26,1,0,3,long,6,0.0,37.0,0.0,0.0
2026-05-26,1,0,3,medium,13,0.0769230769230769,707.0,0.0,0.0769230769230769
2026-05-26,1,0,3,short,7,0.0,43.0,0.0,0.0
2026-05-26,1,0,3,very_long,5,0.0,18.0,0.0,0.0
2026-05-26,1,0,3,zero,1,0.0,832.0,0.0,0.0
2026-05-26,1,0,4,long,1,0.0,16.0,0.0,0.0
2026-05-26,1,0,4,medium,2,0.0,528.0,0.0,0.0
2026-05-26,1,0,4,zero,1,0.0,532.0,0.0,0.0
2026-05-26,1,0,5,medium,6,0.0,272.0,0.0,0.0
2026-05-26,1,0,5,short,6,0.0,59.0,0.0,0.0
2026-05-26,1,0,5,zero,4,0.0,555.0,0.0,0.0
2026-05-26,1,0,6,long,4,0.0,46.0,0.0,0.0
2026-05-26,1,0,6,medium,9,0.0,284.0,0.0,0.0
2026-05-26,1,0,6,short,2,0.0,88.0,0.0,0.0
2026-05-26,1,0,6,very_long,6,0.0,21.0,0.0,0.0
2026-05-26,1,0,6,zero,3,0.0,738.0,0.0013550135501355,-0.0013550135501355
2026-05-26,1,0,7,long,4,0.0,41.0,0.0,0.0
2026-05-26,1,0,7,medium,4,0.0,203.0,0.0,0.0
2026-05-26,1,0,7,short,2,0.0,49.0,0.0,0.0
2026-05-26,1,0,7,very_long,6,0.0,40.0,0.0,0.0
2026-05-26,1,0,7,zero,2,0.0,409.0,0.0,0.0
2026-05-26,1,0,8,long,1,0.0,18.0,0.0,0.0
2026-05-26,1,0,8,medium,4,0.0,218.0,0.0,0.0
2026-05-26,1,0,8,short,2,0.0,80.0,0.0,0.0
2026-05-26,1,0,8,very_long,3,0.0,10.0,0.0,0.0
2026-05-26,1,0,8,zero,1,0.0,524.0,0.0,0.0
2026-05-26,1,0,9,long,1,1.0,20.0,0.05,0.95
2026-05-26,1,0,9,medium,3,0.0,118.0,0.0338983050847457,-0.0338983050847457
2026-05-26,1,0,9,short,2,0.0,38.0,0.0,0.0
2026-05-26,1,0,9,very_long,1,0.0,19.0,0.0,0.0
2026-05-26,1,0,9,zero,1,0.0,305.0,0.0131147540983606,-0.0131147540983606
2026-05-26,1,1,0,long,4,0.0,31.0,0.0,0.0
2026-05-26,1,1,0,medium,3,0.0,46.0,0.0,0.0
2026-05-26,1,1,0,short,4,0.0,23.0,0.0,0.0
2026-05-26,1,1,0,very_long,2,0.0,47.0,0.0,0.0
2026-05-26,1,1,0,zero,3,0.0,56.0,0.0,0.0
2026-05-26,1,1,1,long,5,0.0,18.0,0.0,0.0
2026-05-26,1,1,1,medium,4,0.0,18.0,0.0,0.0
2026-05-26,1,1,1,short,1,0.0,15.0,0.0,0.0
2026-05-26,1,1,1,zero,2,0.0,11.0,0.0,0.0
2026-05-26,1,1,2,medium,1,0.0,2.0,0.0,0.0
2026-05-26,1,1,3,long,29,0.0,56.0,0.0,0.0
2026-05-26,1,1,3,medium,26,0.0384615384615384,672.0,0.0029761904761904,0.0354853479853479
2026-05-26,1,1,3,short,11,0.0,54.0,0.0,0.0
2026-05-26,1,1,3,very_long,5,0.0,41.0,0.0,0.0
2026-05-26,1,1,3,zero,12,0.0,930.0,0.0,0.0
2026-05-26,1,1,4,long,2,0.0,18.0,0.0,0.0
2026-05-26,1,1,4,medium,4,0.0,748.0,0.0,0.0
2026-05-26,1,1,4,short,4,0.0,14.0,0.0,0.0
2026-05-26,1,1,4,zero,3,0.0,467.0,0.0,0.0
2026-05-26,1,1,5,long,50,0.0,68.0,0.0,0.0
2026-05-26,1,1,5,medium,16,0.0,375.0,0.0,0.0
2026-05-26,1,1,5,short,6,0.0,40.0,0.0,0.0
2026-05-26,1,1,5,very_long,6,0.0,38.0,0.0,0.0
2026-05-26,1,1,5,zero,9,0.0,514.0,0.0,0.0
2026-05-26,1,1,6,long,13,0.0,99.0,0.0,0.0
2026-05-26,1,1,6,medium,8,0.0,355.0,0.0,0.0
2026-05-26,1,1,6,short,4,0.0,75.0,0.0,0.0
2026-05-26,1,1,6,very_long,11,0.0,37.0,0.0,0.0
2026-05-26,1,1,6,zero,11,0.0,521.0,0.0,0.0
2026-05-26,1,1,7,long,19,0.0,120.0,0.0,0.0
2026-05-26,1,1,7,medium,10,0.1,329.0,0.0,0.1
2026-05-26,1,1,7,short,6,0.0,61.0,0.0,0.0
2026-05-26,1,1,7,very_long,11,0.0,44.0,0.0,0.0
2026-05-26,1,1,7,zero,8,0.0,471.0,0.0,0.0
2026-05-26,1,1,8,long,12,0.0,82.0,0.0,0.0
2026-05-26,1,1,8,medium,13,0.0,365.0,0.0027397260273972,-0.0027397260273972
2026-05-26,1,1,8,short,7,0.0,57.0,0.0,0.0
2026-05-26,1,1,8,very_long,16,0.0,47.0,0.0,0.0
2026-05-26,1,1,8,zero,1,0.0,631.0,0.0015847860538827,-0.0015847860538827
2026-05-26,1,1,9,long,15,0.0666666666666666,55.0,0.0181818181818181,0.0484848484848484
2026-05-26,1,1,9,medium,12,0.1666666666666666,228.0,0.0307017543859649,0.1359649122807017
2026-05-26,1,1,9,short,11,0.0,53.0,0.0188679245283018,-0.0188679245283018
2026-05-26,1,1,9,very_long,7,0.2857142857142857,64.0,0.0,0.2857142857142857
2026-05-26,1,1,9,zero,6,0.3333333333333333,331.0,0.0060422960725075,0.3272910372608257
2026-05-27,0,0,0,medium,1,0.0,124.0,0.0,0.0
2026-05-27,0,0,0,very_long,1,0.0,143.0,0.0,0.0
2026-05-27,0,0,0,zero,6,0.0,1122.0,0.0,0.0
2026-05-27,0,0,1,zero,11,0.0,1534.0,0.0,0.0
2026-05-27,0,0,2,zero,1,0.0,76.0,0.0,0.0
2026-05-27,0,0,3,short,2,0.0,140.0,0.0,0.0
2026-05-27,0,0,3,very_long,2,0.0,74.0,0.0,0.0
2026-05-27,0,0,3,zero,2,0.0,364.0,0.0,0.0
2026-05-27,0,0,5,medium,1,0.0,143.0,0.0,0.0
2026-05-27,0,0,5,short,1,0.0,83.0,0.0,0.0
2026-05-27,0,0,5,zero,1,0.0,165.0,0.0,0.0
2026-05-27,0,0,6,very_long,1,0.0,42.0,0.0,0.0
2026-05-27,0,0,6,zero,2,0.0,172.0,0.0,0.0
2026-05-27,0,0,7,short,2,0.0,89.0,0.0,0.0
2026-05-27,0,0,7,very_long,2,0.0,43.0,0.0,0.0
2026-05-27,0,0,7,zero,4,0.0,250.0,0.0,0.0
2026-05-27,0,0,8,medium,1,0.0,65.0,0.0,0.0
2026-05-27,0,0,8,very_long,2,0.0,45.0,0.0,0.0
2026-05-27,0,0,8,zero,4,0.0,425.0,0.0,0.0
2026-05-27,0,0,9,long,1,0.0,35.0,0.0,0.0
2026-05-27,0,0,9,short,1,0.0,288.0,0.0,0.0
2026-05-27,0,0,9,zero,8,0.0,850.0,0.0011764705882352,-0.0011764705882352
2026-05-27,0,1,1,long,1,0.0,8.0,0.0,0.0
2026-05-27,0,1,1,very_long,1,0.0,11.0,0.0,0.0
2026-05-27,0,1,2,very_long,1,0.0,2.0,0.0,0.0
2026-05-27,0,1,3,long,21,0.0,28.0,0.0,0.0
2026-05-27,0,1,3,medium,17,0.0,256.0,0.0,0.0
2026-05-27,0,1,3,short,1,0.0,25.0,0.0,0.0
2026-05-27,0,1,3,very_long,2,0.0,10.0,0.0,0.0
2026-05-27,0,1,3,zero,3,0.0,64.0,0.0,0.0
2026-05-27,0,1,4,medium,14,0.0,78.0,0.0,0.0
2026-05-27,0,1,5,zero,1,0.0,57.0,0.0,0.0
2026-05-27,0,1,6,very_long,2,0.0,7.0,0.0,0.0
2026-05-27,0,1,6,zero,1,0.0,87.0,0.0,0.0
2026-05-27,0,1,7,long,4,0.0,15.0,0.0,0.0
2026-05-27,0,1,7,very_long,1,0.0,16.0,0.0,0.0
2026-05-27,0,1,7,zero,3,0.0,50.0,0.0,0.0
2026-05-27,0,1,8,long,2,0.0,6.0,0.0,0.0
2026-05-27,0,1,8,short,2,0.0,13.0,0.0,0.0
2026-05-27,0,1,8,very_long,1,0.0,5.0,0.0,0.0
2026-05-27,0,1,8,zero,1,0.0,65.0,0.0,0.0
2026-05-27,0,1,9,long,1,0.0,8.0,0.375,-0.375
2026-05-27,0,1,9,zero,1,0.0,72.0,0.0694444444444444,-0.0694444444444444
2026-05-27,1,0,0,medium,1,0.0,62.0,0.0,0.0
2026-05-27,1,0,0,zero,1,0.0,302.0,0.0,0.0
2026-05-27,1,0,3,long,1,0.0,65.0,0.0,0.0
2026-05-27,1,0,3,medium,5,0.0,741.0,0.0,0.0
2026-05-27,1,0,3,short,4,0.0,81.0,0.0,0.0
2026-05-27,1,0,3,very_long,8,0.0,17.0,0.0,0.0
2026-05-27,1,0,3,zero,3,0.0,767.0,0.0026075619295958,-0.0026075619295958
2026-05-27,1,0,4,long,6,0.0,32.0,0.0,0.0
2026-05-27,1,0,4,medium,5,0.0,552.0,0.0,0.0
2026-05-27,1,0,4,short,1,0.0,77.0,0.0,0.0
2026-05-27,1,0,4,zero,5,0.0,788.0,0.0,0.0
2026-05-27,1,0,5,long,4,0.0,22.0,0.0,0.0
2026-05-27,1,0,5,medium,7,0.0,273.0,0.0,0.0
2026-05-27,1,0,5,short,1,0.0,74.0,0.0,0.0
2026-05-27,1,0,5,very_long,6,0.0,16.0,0.0,0.0
2026-05-27,1,0,5,zero,2,0.0,583.0,0.0,0.0
2026-05-27,1,0,6,long,6,0.0,50.0,0.0,0.0
2026-05-27,1,0,6,medium,2,0.0,299.0,0.0,0.0
2026-05-27,1,0,6,very_long,4,0.0,35.0,0.0,0.0
2026-05-27,1,0,6,zero,2,0.0,664.0,0.0,0.0
2026-05-27,1,0,7,long,5,0.0,50.0,0.0,0.0
2026-05-27,1,0,7,medium,6,0.0,179.0,0.0,0.0
2026-05-27,1,0,7,short,1,0.0,64.0,0.0,0.0
2026-05-27,1,0,7,very_long,3,0.0,28.0,0.0,0.0
2026-05-27,1,0,7,zero,4,0.0,407.0,0.0,0.0
2026-05-27,1,0,8,long,1,0.0,30.0,0.0,0.0
2026-05-27,1,0,8,medium,2,0.0,223.0,0.0,0.0
2026-05-27,1,0,8,very_long,2,0.0,14.0,0.0,0.0
2026-05-27,1,0,8,zero,1,0.0,609.0,0.0,0.0
2026-05-27,1,0,9,long,1,0.0,20.0,0.15,-0.15
2026-05-27,1,0,9,medium,3,0.3333333333333333,109.0,0.018348623853211,0.3149847094801223
2026-05-27,1,0,9,short,2,0.0,58.0,0.0689655172413793,-0.0689655172413793
2026-05-27,1,0,9,zero,3,0.0,408.0,0.0024509803921568,-0.0024509803921568
2026-05-27,1,1,0,long,3,0.0,13.0,0.0,0.0
2026-05-27,1,1,0,medium,14,0.0,34.0,0.0,0.0
2026-05-27,1,1,0,short,15,0.0,11.0,0.0,0.0
2026-05-27,1,1,0,very_long,1,0.0,6.0,0.0,0.0
2026-05-27,1,1,0,zero,1,0.0,71.0,0.0,0.0
2026-05-27,1,1,1,long,2,0.0,4.0,0.0,0.0
2026-05-27,1,1,1,medium,26,0.0,14.0,0.0,0.0
2026-05-27,1,1,1,short,15,0.0,13.0,0.0,0.0
2026-05-27,1,1,1,very_long,1,0.0,2.0,0.0,0.0
2026-05-27,1,1,1,zero,1,0.0,13.0,0.0,0.0
2026-05-27,1,1,3,long,40,0.0,103.0,0.0,0.0
2026-05-27,1,1,3,medium,17,0.0,1023.0,0.0009775171065493,-0.0009775171065493
2026-05-27,1,1,3,short,6,0.0,32.0,0.0,0.0
2026-05-27,1,1,3,very_long,12,0.0,17.0,0.0,0.0
2026-05-27,1,1,3,zero,2,0.0,992.0,0.0,0.0
2026-05-27,1,1,4,long,6,0.0,66.0,0.0,0.0
2026-05-27,1,1,4,medium,4,0.0,791.0,0.0,0.0
2026-05-27,1,1,4,zero,4,0.0,525.0,0.0,0.0
2026-05-27,1,1,5,long,22,0.0,52.0,0.0,0.0
2026-05-27,1,1,5,medium,20,0.0,408.0,0.0,0.0
2026-05-27,1,1,5,short,4,0.0,54.0,0.0,0.0
2026-05-27,1,1,5,very_long,9,0.0,13.0,0.0,0.0
2026-05-27,1,1,6,long,8,0.0,123.0,0.0,0.0
2026-05-27,1,1,6,medium,13,0.0,310.0,0.0,0.0
2026-05-27,1,1,6,short,1,0.0,78.0,0.0,0.0
2026-05-27,1,1,6,very_long,9,0.0,31.0,0.0,0.0
2026-05-27,1,1,6,zero,6,0.0,502.0,0.0,0.0
2026-05-27,1,1,7,long,15,0.0,142.0,0.0,0.0
2026-05-27,1,1,7,medium,17,0.0,295.0,0.0033898305084745,-0.0033898305084745
2026-05-27,1,1,7,short,7,0.0,52.0,0.0,0.0
2026-05-27,1,1,7,very_long,9,0.0,37.0,0.0,0.0
2026-05-27,1,1,7,zero,3,0.0,435.0,0.0,0.0
2026-05-27,1,1,8,long,36,0.0,60.0,0.0,0.0
2026-05-27,1,1,8,medium,25,0.0,347.0,0.0,0.0
2026-05-27,1,1,8,short,8,0.0,66.0,0.0,0.0
2026-05-27,1,1,8,very_long,4,0.0,31.0,0.0,0.0
2026-05-27,1,1,8,zero,3,0.0,668.0,0.0,0.0
2026-05-27,1,1,9,long,20,0.2,56.0,0.0357142857142857,0.1642857142857143
2026-05-27,1,1,9,medium,34,0.0,198.0,0.0202020202020202,-0.0202020202020202
2026-05-27,1,1,9,short,16,0.0,40.0,0.0,0.0
2026-05-27,1,1,9,very_long,8,0.125,46.0,0.0,0.125
2026-05-27,1,1,9,zero,6,0.1666666666666666,363.0,0.0192837465564738,0.1473829201101928
2026-05-28,0,0,0,long,1,0.0,163.0,0.0,0.0
2026-05-28,0,0,0,medium,1,0.0,199.0,0.0,0.0
2026-05-28,0,0,1,long,1,0.0,134.0,0.0,0.0
2026-05-28,0,0,1,very_long,1,0.0,402.0,0.0,0.0
2026-05-28,0,0,3,long,3,0.0,97.0,0.0,0.0
2026-05-28,0,0,3,medium,2,0.0,309.0,0.0032362459546925,-0.0032362459546925
2026-05-28,0,0,3,very_long,1,0.0,78.0,0.0,0.0
2026-05-28,0,0,3,zero,3,0.0,335.0,0.0,0.0
2026-05-28,0,0,5,long,1,0.0,27.0,0.0,0.0
2026-05-28,0,0,5,zero,1,0.0,163.0,0.0,0.0
2026-05-28,0,0,6,long,3,0.0,42.0,0.0,0.0
2026-05-28,0,0,6,medium,1,0.0,105.0,0.0,0.0
2026-05-28,0,0,6,very_long,1,0.0,56.0,0.0,0.0
2026-05-28,0,0,6,zero,2,0.0,192.0,0.0,0.0
2026-05-28,0,0,7,long,4,0.0,45.0,0.0,0.0
2026-05-28,0,0,7,medium,2,0.0,95.0,0.0,0.0
2026-05-28,0,0,7,short,1,0.0,69.0,0.0,0.0
2026-05-28,0,0,7,very_long,3,0.0,75.0,0.0,0.0
2026-05-28,0,0,7,zero,2,0.0,222.0,0.0,0.0
2026-05-28,0,0,8,zero,1,0.0,290.0,0.0034482758620689,-0.0034482758620689
2026-05-28,0,0,9,long,1,0.0,73.0,0.0,0.0
2026-05-28,0,0,9,short,3,0.0,191.0,0.0,0.0
2026-05-28,0,0,9,zero,2,0.0,701.0,0.0042796005706134,-0.0042796005706134
2026-05-28,0,1,0,short,1,0.0,1.0,0.0,0.0
2026-05-28,0,1,0,zero,3,0.0,13.0,0.0,0.0
2026-05-28,0,1,3,long,5,0.0,32.0,0.0,0.0
2026-05-28,0,1,3,very_long,4,0.0,10.0,0.0,0.0
2026-05-28,0,1,3,zero,1,0.0,135.0,0.0,0.0
2026-05-28,0,1,5,long,2,0.0,8.0,0.0,0.0
2026-05-28,0,1,5,medium,1,0.0,29.0,0.0,0.0
2026-05-28,0,1,5,very_long,1,0.0,3.0,0.0,0.0
2026-05-28,0,1,6,medium,1,0.0,26.0,0.0,0.0
2026-05-28,0,1,6,very_long,1,0.0,11.0,0.0,0.0
2026-05-28,0,1,7,long,2,0.0,11.0,0.0,0.0
2026-05-28,0,1,7,very_long,1,0.0,9.0,0.0,0.0
2026-05-28,0,1,8,medium,1,0.0,25.0,0.0,0.0
2026-05-28,0,1,8,short,2,0.0,6.0,0.0,0.0
2026-05-28,0,1,8,very_long,1,0.0,6.0,0.0,0.0
2026-05-28,0,1,9,short,1,0.0,8.0,0.0,0.0
2026-05-28,0,1,9,zero,1,0.0,48.0,0.1458333333333333,-0.1458333333333333
2026-05-28,1,0,0,short,1,0.0,46.0,0.0,0.0
2026-05-28,1,0,0,very_long,1,0.0,34.0,0.0,0.0
2026-05-28,1,0,1,medium,1,0.0,42.0,0.0,0.0
2026-05-28,1,0,1,very_long,1,0.0,47.0,0.0,0.0
2026-05-28,1,0,3,long,2,0.0,42.0,0.0476190476190476,-0.0476190476190476
2026-05-28,1,0,3,medium,3,0.0,744.0,0.0,0.0
2026-05-28,1,0,3,short,1,0.0,116.0,0.0,0.0
2026-05-28,1,0,3,very_long,2,0.0,32.0,0.0,0.0
2026-05-28,1,0,4,long,1,0.0,13.0,0.0,0.0
2026-05-28,1,0,4,zero,1,0.0,687.0,0.0,0.0
2026-05-28,1,0,5,long,1,0.0,21.0,0.0,0.0
2026-05-28,1,0,5,very_long,2,0.0,13.0,0.0,0.0
2026-05-28,1,0,5,zero,2,0.0,606.0,0.0016501650165016,-0.0016501650165016
2026-05-28,1,0,6,long,3,0.0,53.0,0.0,0.0
2026-05-28,1,0,6,medium,5,0.0,300.0,0.0,0.0
2026-05-28,1,0,6,very_long,3,0.0,29.0,0.0,0.0
2026-05-28,1,0,6,zero,1,0.0,746.0,0.0,0.0
2026-05-28,1,0,7,long,2,0.0,61.0,0.0,0.0
2026-05-28,1,0,7,medium,4,0.0,210.0,0.0,0.0
2026-05-28,1,0,7,very_long,7,0.0,50.0,0.02,-0.02
2026-05-28,1,0,7,zero,3,0.0,419.0,0.0,0.0
2026-05-28,1,0,8,long,1,0.0,28.0,0.0357142857142857,-0.0357142857142857
2026-05-28,1,0,8,medium,4,0.0,205.0,0.0,0.0
2026-05-28,1,0,8,very_long,2,0.0,23.0,0.0,0.0
2026-05-28,1,0,9,medium,1,0.0,126.0,0.0158730158730158,-0.0158730158730158
2026-05-28,1,0,9,very_long,2,0.0,42.0,0.0476190476190476,-0.0476190476190476
2026-05-28,1,1,0,long,1,0.0,11.0,0.0,0.0
2026-05-28,1,1,0,medium,4,0.0,77.0,0.0,0.0
2026-05-28,1,1,0,short,4,0.0,14.0,0.0,0.0
2026-05-28,1,1,0,very_long,2,0.0,5.0,0.0,0.0
2026-05-28,1,1,0,zero,4,0.0,100.0,0.0,0.0
2026-05-28,1,1,1,medium,2,0.0,13.0,0.0,0.0
2026-05-28,1,1,1,short,11,0.0,1.0,0.0,0.0
2026-05-28,1,1,1,very_long,1,0.0,9.0,0.0,0.0
2026-05-28,1,1,1,zero,1,0.0,9.0,0.0,0.0
2026-05-28,1,1,3,long,74,0.0,147.0,0.0068027210884353,-0.0068027210884353
2026-05-28,1,1,3,medium,2,0.0,952.0,0.0010504201680672,-0.0010504201680672
2026-05-28,1,1,3,short,4,0.0,74.0,0.0,0.0
2026-05-28,1,1,3,zero,3,0.0,1120.0,0.0008928571428571,-0.0008928571428571
2026-05-28,1,1,4,long,7,0.0,43.0,0.0,0.0
2026-05-28,1,1,4,zero,2,0.0,538.0,0.0,0.0
2026-05-28,1,1,5,long,20,0.0,47.0,0.0,0.0
2026-05-28,1,1,5,medium,8,0.0,363.0,0.0,0.0
2026-05-28,1,1,5,short,3,0.0,67.0,0.0,0.0
2026-05-28,1,1,5,very_long,5,0.0,19.0,0.0,0.0
2026-05-28,1,1,5,zero,5,0.0,472.0,0.0,0.0
2026-05-28,1,1,6,long,13,0.0,98.0,0.0,0.0
2026-05-28,1,1,6,medium,12,0.0,362.0,0.0,0.0
2026-05-28,1,1,6,short,7,0.0,96.0,0.0,0.0
2026-05-28,1,1,6,very_long,11,0.0,39.0,0.0,0.0
2026-05-28,1,1,6,zero,8,0.0,558.0,0.0,0.0
2026-05-28,1,1,7,long,34,0.0,132.0,0.0,0.0
2026-05-28,1,1,7,medium,19,0.0,305.0,0.0032786885245901,-0.0032786885245901
2026-05-28,1,1,7,short,8,0.0,68.0,0.0,0.0
2026-05-28,1,1,7,very_long,14,0.0,44.0,0.0,0.0
2026-05-28,1,1,7,zero,7,0.0,365.0,0.0,0.0
2026-05-28,1,1,8,long,17,0.0,55.0,0.0,0.0
2026-05-28,1,1,8,medium,19,0.0,312.0,0.0,0.0
2026-05-28,1,1,8,short,5,0.0,71.0,0.0,0.0
2026-05-28,1,1,8,very_long,12,0.0,34.0,0.0,0.0
2026-05-28,1,1,8,zero,3,0.0,590.0,0.0,0.0
2026-05-28,1,1,9,long,38,0.0263157894736842,49.0,0.0204081632653061,0.005907626208378
2026-05-28,1,1,9,medium,31,0.032258064516129,189.0,0.0264550264550264,0.0058030380611025
2026-05-28,1,1,9,short,18,0.0555555555555555,49.0,0.0204081632653061,0.0351473922902494
2026-05-28,1,1,9,very_long,6,0.1666666666666666,22.0,0.0,0.1666666666666666
2026-05-28,1,1,9,zero,2,0.0,377.0,0.0159151193633952,-0.0159151193633952
2026-05-29,0,0,0,long,1,0.0,70.0,0.0,0.0
2026-05-29,0,0,0,medium,1,0.0,193.0,0.0,0.0
2026-05-29,0,0,1,medium,1,0.0,186.0,0.0,0.0
2026-05-29,0,0,1,zero,3,0.0,1430.0,0.0006993006993006,-0.0006993006993006
2026-05-29,0,0,2,long,1,0.0,4.0,0.0,0.0
2026-05-29,0,0,3,long,1,0.0,67.0,0.0,0.0
2026-05-29,0,0,3,medium,3,0.0,178.0,0.0,0.0
2026-05-29,0,0,3,very_long,1,0.0,51.0,0.0,0.0
2026-05-29,0,0,3,zero,1,0.0,477.0,0.0,0.0
2026-05-29,0,0,5,medium,2,0.0,95.0,0.0,0.0
2026-05-29,0,0,5,short,1,0.0,77.0,0.0,0.0
2026-05-29,0,0,5,very_long,1,0.0,33.0,0.0,0.0
2026-05-29,0,0,5,zero,1,0.0,190.0,0.0,0.0
2026-05-29,0,0,6,long,2,0.0,43.0,0.0,0.0
2026-05-29,0,0,6,medium,2,0.0,129.0,0.0,0.0
2026-05-29,0,0,6,short,1,0.0,86.0,0.0,0.0
2026-05-29,0,0,6,very_long,3,0.0,49.0,0.0,0.0
2026-05-29,0,0,6,zero,2,0.0,218.0,0.0,0.0
2026-05-29,0,0,7,long,1,0.0,45.0,0.0,0.0
2026-05-29,0,0,7,medium,2,0.0,112.0,0.0,0.0
2026-05-29,0,0,7,short,2,0.0,81.0,0.0,0.0
2026-05-29,0,0,7,very_long,5,0.0,61.0,0.0,0.0
2026-05-29,0,0,7,zero,4,0.0,237.0,0.0,0.0
2026-05-29,0,0,8,zero,2,0.0,330.0,0.0,0.0
2026-05-29,0,0,9,long,1,0.0,27.0,0.0,0.0
2026-05-29,0,0,9,medium,1,0.0,117.0,0.017094017094017,-0.017094017094017
2026-05-29,0,0,9,short,6,0.0,188.0,0.0106382978723404,-0.0106382978723404
2026-05-29,0,0,9,zero,1,0.0,791.0,0.0037926675094816,-0.0037926675094816
2026-05-29,0,1,0,long,1,0.0,5.0,0.0,0.0
2026-05-29,0,1,0,very_long,1,0.0,18.0,0.0,0.0
2026-05-29,0,1,3,short,1,0.0,57.0,0.0,0.0
2026-05-29,0,1,3,very_long,1,0.0,18.0,0.0,0.0
2026-05-29,0,1,3,zero,2,0.0,68.0,0.0,0.0
2026-05-29,0,1,4,zero,1,0.0,49.0,0.0,0.0
2026-05-29,0,1,5,zero,1,0.0,67.0,0.0,0.0
2026-05-29,0,1,7,long,2,0.0,14.0,0.0,0.0
2026-05-29,0,1,7,medium,1,0.0,29.0,0.0,0.0
2026-05-29,0,1,7,short,1,0.0,6.0,0.0,0.0
2026-05-29,0,1,7,very_long,1,0.0,9.0,0.0,0.0
2026-05-29,0,1,7,zero,1,0.0,46.0,0.0,0.0
2026-05-29,0,1,8,long,1,0.0,6.0,0.0,0.0
2026-05-29,0,1,8,short,1,0.0,12.0,0.0,0.0
2026-05-29,0,1,8,very_long,1,0.0,10.0,0.0,0.0
2026-05-29,0,1,9,long,1,0.0,6.0,0.1666666666666666,-0.1666666666666666
2026-05-29,0,1,9,short,2,0.5,11.0,0.0909090909090909,0.409090909090909
2026-05-29,1,0,0,short,1,0.0,31.0,0.0,0.0
2026-05-29,1,0,0,very_long,1,0.0,25.0,0.0,0.0
2026-05-29,1,0,1,short,1,0.0,11.0,0.0,0.0
2026-05-29,1,0,1,zero,2,0.0,149.0,0.0,0.0
2026-05-29,1,0,3,long,2,0.0,25.0,0.0,0.0
2026-05-29,1,0,3,medium,5,0.2,915.0,0.0010928961748633,0.1989071038251366
2026-05-29,1,0,3,short,2,0.0,121.0,0.0,0.0
2026-05-29,1,0,3,very_long,3,0.0,25.0,0.0,0.0
2026-05-29,1,0,3,zero,3,0.0,787.0,0.0,0.0
2026-05-29,1,0,4,medium,1,0.0,439.0,0.0,0.0
2026-05-29,1,0,6,long,3,0.0,32.0,0.0,0.0
2026-05-29,1,0,6,very_long,3,0.0,26.0,0.0,0.0
2026-05-29,1,0,7,long,2,0.0,39.0,0.0,0.0
2026-05-29,1,0,7,medium,5,0.0,197.0,0.0,0.0
2026-05-29,1,0,7,short,1,0.0,64.0,0.0,0.0
2026-05-29,1,0,7,very_long,3,0.0,39.0,0.0,0.0
2026-05-29,1,0,7,zero,3,0.0,334.0,0.0,0.0
2026-05-29,1,0,8,medium,2,0.0,202.0,0.0,0.0
2026-05-29,1,0,8,short,2,0.0,75.0,0.0,0.0
2026-05-29,1,0,8,very_long,2,0.0,24.0,0.0,0.0
2026-05-29,1,0,9,medium,3,0.6666666666666666,110.0,0.0454545454545454,0.6212121212121212
2026-05-29,1,0,9,short,4,0.0,52.0,0.0,0.0
2026-05-29,1,0,9,zero,1,0.0,317.0,0.0094637223974763,-0.0094637223974763
2026-05-29,1,1,0,long,38,0.0,38.0,0.0,0.0
2026-05-29,1,1,0,medium,13,0.0,117.0,0.0,0.0
2026-05-29,1,1,0,very_long,3,0.0,34.0,0.0,0.0
2026-05-29,1,1,0,zero,10,0.0,141.0,0.0,0.0
2026-05-29,1,1,1,long,58,0.0,10.0,0.0,0.0
2026-05-29,1,1,1,medium,18,0.0,31.0,0.0,0.0
2026-05-29,1,1,1,zero,17,0.0,75.0,0.0,0.0
2026-05-29,1,1,2,long,3,0.0,1.0,0.0,0.0
2026-05-29,1,1,2,zero,1,0.0,4.0,0.0,0.0
2026-05-29,1,1,3,long,38,0.0,138.0,0.0,0.0
2026-05-29,1,1,3,medium,26,0.0,922.0,0.0,0.0
2026-05-29,1,1,3,short,20,0.0,149.0,0.0,0.0
2026-05-29,1,1,3,very_long,16,0.0,24.0,0.0,0.0
2026-05-29,1,1,3,zero,21,0.0,963.0,0.0,0.0
2026-05-29,1,1,4,long,1,0.0,27.0,0.0,0.0
2026-05-29,1,1,4,medium,1,0.0,816.0,0.0,0.0
2026-05-29,1,1,4,short,2,0.0,49.0,0.0,0.0
2026-05-29,1,1,5,long,16,0.0,43.0,0.0,0.0
2026-05-29,1,1,5,medium,38,0.0,349.0,0.0,0.0
2026-05-29,1,1,5,short,4,0.0,88.0,0.0,0.0
2026-05-29,1,1,5,very_long,49,0.0,12.0,0.0,0.0
2026-05-29,1,1,5,zero,11,0.0,472.0,0.0,0.0
2026-05-29,1,1,6,long,10,0.0,98.0,0.0,0.0
2026-05-29,1,1,6,medium,12,0.0,328.0,0.0,0.0
2026-05-29,1,1,6,short,4,0.0,93.0,0.0,0.0
2026-05-29,1,1,6,very_long,12,0.0,30.0,0.0,0.0
2026-05-29,1,1,6,zero,4,0.0,530.0,0.0,0.0
2026-05-29,1,1,7,long,18,0.0,125.0,0.0,0.0
2026-05-29,1,1,7,medium,19,0.0,266.0,0.0,0.0
2026-05-29,1,1,7,short,3,0.0,70.0,0.0,0.0
2026-05-29,1,1,7,very_long,12,0.0,59.0,0.0,0.0
2026-05-29,1,1,7,zero,6,0.0,432.0,0.0,0.0
2026-05-29,1,1,8,long,41,0.0,79.0,0.0,0.0
2026-05-29,1,1,8,medium,13,0.0,346.0,0.0028901734104046,-0.0028901734104046
2026-05-29,1,1,8,short,3,0.0,75.0,0.0,0.0
2026-05-29,1,1,8,very_long,10,0.0,45.0,0.0,0.0
2026-05-29,1,1,8,zero,5,0.0,572.0,0.0,0.0
2026-05-29,1,1,9,long,77,0.0519480519480519,45.0,0.0666666666666666,-0.0147186147186147
2026-05-29,1,1,9,medium,23,0.0434782608695652,205.0,0.0195121951219512,0.0239660657476139
2026-05-29,1,1,9,short,9,0.1111111111111111,75.0,0.0,0.1111111111111111
2026-05-29,1,1,9,very_long,4,0.0,53.0,0.0188679245283018,-0.0188679245283018
2026-05-29,1,1,9,zero,12,0.0,396.0,0.0126262626262626,-0.0126262626262626
2026-05-30,0,0,0,long,4,0.0,33.0,0.0,0.0
2026-05-30,0,0,0,medium,1,0.0,160.0,0.0,0.0
2026-05-30,0,0,0,very_long,4,0.0,74.0,0.0,0.0
2026-05-30,0,0,1,medium,2,0.0,159.0,0.0062893081761006,-0.0062893081761006
2026-05-30,0,0,1,very_long,1,0.0,77.0,0.0,0.0
2026-05-30,0,0,3,long,1,0.0,31.0,0.0,0.0
2026-05-30,0,0,3,medium,1,0.0,105.0,0.0095238095238095,-0.0095238095238095
2026-05-30,0,0,3,short,2,0.0,95.0,0.0,0.0
2026-05-30,0,0,3,very_long,1,0.0,46.0,0.0,0.0
2026-05-30,0,0,3,zero,2,0.0,234.0,0.0,0.0
2026-05-30,0,0,5,long,1,0.0,31.0,0.0,0.0
2026-05-30,0,0,5,medium,1,0.0,99.0,0.0,0.0
2026-05-30,0,0,5,short,3,0.0,72.0,0.0,0.0
2026-05-30,0,0,5,very_long,2,0.0,45.0,0.0,0.0
2026-05-30,0,0,5,zero,3,0.0,173.0,0.0,0.0
2026-05-30,0,0,6,long,4,0.0,41.0,0.0,0.0
2026-05-30,0,0,6,medium,6,0.0,123.0,0.0,0.0
2026-05-30,0,0,6,short,4,0.0,98.0,0.0,0.0
2026-05-30,0,0,6,very_long,4,0.0,60.0,0.0,0.0
2026-05-30,0,0,6,zero,3,0.0,281.0,0.0,0.0
2026-05-30,0,0,7,long,3,0.0,42.0,0.0,0.0
2026-05-30,0,0,7,medium,3,0.0,95.0,0.0,0.0
2026-05-30,0,0,7,short,1,0.0,94.0,0.0,0.0
2026-05-30,0,0,7,zero,1,0.0,210.0,0.0,0.0
2026-05-30,0,0,8,medium,1,0.0,43.0,0.0,0.0
2026-05-30,0,0,8,zero,1,0.0,325.0,0.003076923076923,-0.003076923076923
2026-05-30,0,0,9,long,1,0.0,15.0,0.0666666666666666,-0.0666666666666666
2026-05-30,0,0,9,medium,1,0.0,77.0,0.0,0.0
2026-05-30,0,0,9,short,7,0.0,257.0,0.0,0.0
2026-05-30,0,0,9,very_long,1,0.0,48.0,0.0,0.0
2026-05-30,0,1,0,medium,2,0.0,14.0,0.0,0.0
2026-05-30,0,1,0,very_long,9,0.0,2.0,0.0,0.0
2026-05-30,0,1,0,zero,2,0.0,27.0,0.0,0.0
2026-05-30,0,1,1,medium,2,0.0,19.0,0.0,0.0
2026-05-30,0,1,1,very_long,19,0.0,3.0,0.0,0.0
2026-05-30,0,1,1,zero,4,0.0,15.0,0.0,0.0
2026-05-30,0,1,3,short,1,0.0,10.0,0.0,0.0
2026-05-30,0,1,3,very_long,1,0.0,5.0,0.0,0.0
2026-05-30,0,1,4,zero,1,0.0,64.0,0.0,0.0
2026-05-30,0,1,6,medium,1,0.0,36.0,0.0,0.0
2026-05-30,0,1,7,long,1,0.0,16.0,0.0,0.0
2026-05-30,0,1,7,short,2,0.0,4.0,0.0,0.0
2026-05-30,0,1,7,very_long,1,0.0,6.0,0.0,0.0
2026-05-30,0,1,8,long,1,0.0,7.0,0.0,0.0
2026-05-30,0,1,8,medium,2,0.0,11.0,0.0,0.0
2026-05-30,0,1,8,very_long,4,0.0,3.0,0.0,0.0
2026-05-30,0,1,9,very_long,11,0.0,1.0,0.0,0.0
2026-05-30,0,1,9,zero,4,0.0,54.0,0.0925925925925925,-0.0925925925925925
2026-05-30,1,0,0,long,1,0.0,8.0,0.0,0.0
2026-05-30,1,0,0,very_long,2,0.0,16.0,0.0,0.0
2026-05-30,1,0,1,long,1,0.0,9.0,0.0,0.0
2026-05-30,1,0,1,short,1,0.0,11.0,0.0,0.0
2026-05-30,1,0,1,very_long,1,0.0,10.0,0.0,0.0
2026-05-30,1,0,3,long,1,0.0,30.0,0.0666666666666666,-0.0666666666666666
2026-05-30,1,0,3,short,21,0.0,59.0,0.0,0.0
2026-05-30,1,0,3,very_long,2,0.0,13.0,0.0,0.0
2026-05-30,1,0,4,long,1,0.0,19.0,0.0,0.0
2026-05-30,1,0,4,medium,1,0.0,307.0,0.0,0.0
2026-05-30,1,0,4,short,1,0.0,28.0,0.0,0.0
2026-05-30,1,0,4,zero,1,0.0,437.0,0.0,0.0
2026-05-30,1,0,5,long,1,0.0,25.0,0.0,0.0
2026-05-30,1,0,5,medium,1,0.0,239.0,0.0,0.0
2026-05-30,1,0,5,short,2,0.0,54.0,0.0,0.0
2026-05-30,1,0,5,very_long,1,0.0,15.0,0.0,0.0
2026-05-30,1,0,5,zero,3,0.0,540.0,0.0037037037037037,-0.0037037037037037
2026-05-30,1,0,6,long,7,0.0,49.0,0.0,0.0
2026-05-30,1,0,6,medium,3,0.0,247.0,0.0,0.0
2026-05-30,1,0,6,very_long,4,0.0,24.0,0.0,0.0
2026-05-30,1,0,6,zero,2,0.0,697.0,0.0,0.0
2026-05-30,1,0,7,long,1,0.0,82.0,0.0,0.0
2026-05-30,1,0,7,medium,6,0.0,181.0,0.0,0.0
2026-05-30,1,0,7,short,4,0.0,84.0,0.0,0.0
2026-05-30,1,0,7,very_long,3,0.0,32.0,0.0,0.0
2026-05-30,1,0,7,zero,2,0.0,291.0,0.0,0.0
2026-05-30,1,0,8,long,1,0.0,20.0,0.0,0.0
2026-05-30,1,0,8,short,1,0.0,75.0,0.0,0.0
2026-05-30,1,0,8,very_long,1,0.0,13.0,0.0,0.0
2026-05-30,1,0,9,long,1,0.0,17.0,0.0,0.0
2026-05-30,1,0,9,medium,2,0.0,85.0,0.0352941176470588,-0.0352941176470588
2026-05-30,1,0,9,short,1,0.0,43.0,0.0232558139534883,-0.0232558139534883
2026-05-30,1,0,9,very_long,1,0.0,9.0,0.0,0.0
2026-05-30,1,0,9,zero,1,0.0,261.0,0.0153256704980842,-0.0153256704980842
2026-05-30,1,1,0,long,18,0.0,14.0,0.0,0.0
2026-05-30,1,1,0,medium,4,0.0,65.0,0.0,0.0
2026-05-30,1,1,0,short,3,0.0,26.0,0.0,0.0
2026-05-30,1,1,0,very_long,1,0.0,25.0,0.0,0.0
2026-05-30,1,1,0,zero,9,0.0,99.0,0.0,0.0
2026-05-30,1,1,1,long,26,0.0,7.0,0.0,0.0
2026-05-30,1,1,1,medium,6,0.0,20.0,0.0,0.0
2026-05-30,1,1,1,very_long,3,0.0,26.0,0.0,0.0
2026-05-30,1,1,1,zero,9,0.0,37.0,0.0,0.0
2026-05-30,1,1,2,medium,1,0.0,3.0,0.0,0.0
2026-05-30,1,1,3,long,3,0.0,109.0,0.0091743119266055,-0.0091743119266055
2026-05-30,1,1,3,medium,48,0.0,974.0,0.0010266940451745,-0.0010266940451745
2026-05-30,1,1,3,short,48,0.0,120.0,0.0,0.0
2026-05-30,1,1,3,very_long,2,0.0,14.0,0.0,0.0
2026-05-30,1,1,4,long,1,0.0,109.0,0.0,0.0
2026-05-30,1,1,4,medium,1,0.0,916.0,0.0,0.0
2026-05-30,1,1,4,short,1,0.0,18.0,0.0,0.0
2026-05-30,1,1,4,zero,2,0.0,442.0,0.0,0.0
2026-05-30,1,1,5,long,3,0.0,58.0,0.0,0.0
2026-05-30,1,1,5,medium,35,0.0,423.0,0.0,0.0
2026-05-30,1,1,5,short,6,0.0,74.0,0.0,0.0
2026-05-30,1,1,5,very_long,12,0.0,21.0,0.0,0.0
2026-05-30,1,1,5,zero,6,0.0,490.0,0.0,0.0
2026-05-30,1,1,6,long,12,0.0,115.0,0.0,0.0
2026-05-30,1,1,6,medium,17,0.0,401.0,0.0,0.0
2026-05-30,1,1,6,short,4,0.0,92.0,0.0,0.0
2026-05-30,1,1,6,very_long,9,0.0,38.0,0.0,0.0
2026-05-30,1,1,6,zero,3,0.0,548.0,0.0,0.0
2026-05-30,1,1,7,long,15,0.0666666666666666,140.0,0.0,0.0666666666666666
2026-05-30,1,1,7,medium,12,0.0,290.0,0.0,0.0
2026-05-30,1,1,7,short,8,0.0,86.0,0.0,0.0
2026-05-30,1,1,7,very_long,18,0.0,46.0,0.0,0.0
2026-05-30,1,1,7,zero,8,0.0,381.0,0.0,0.0
2026-05-30,1,1,8,long,19,0.0,50.0,0.0,0.0
2026-05-30,1,1,8,medium,11,0.0,330.0,0.0,0.0
2026-05-30,1,1,8,short,4,0.0,66.0,0.0,0.0
2026-05-30,1,1,8,very_long,10,0.0,34.0,0.0,0.0
2026-05-30,1,1,8,zero,4,0.0,560.0,0.0,0.0
2026-05-30,1,1,9,long,39,0.1025641025641025,30.0,0.2,-0.0974358974358974
2026-05-30,1,1,9,medium,20,0.05,216.0,0.0092592592592592,0.0407407407407407
2026-05-30,1,1,9,short,8,0.125,69.0,0.0289855072463768,0.0960144927536231
2026-05-30,1,1,9,very_long,5,0.0,57.0,0.0,0.0
2026-05-30,1,1,9,zero,6,0.1666666666666666,389.0,0.0102827763496143,0.1563838903170522
2026-05-31,0,0,0,long,3,0.0,45.0,0.0,0.0
2026-05-31,0,0,0,medium,1,0.0,157.0,0.0,0.0
2026-05-31,0,0,0,short,1,0.0,308.0,0.0,0.0
2026-05-31,0,0,0,very_long,1,0.0,89.0,0.0,0.0
2026-05-31,0,0,0,zero,2,0.0,1166.0,0.0008576329331046,-0.0008576329331046
2026-05-31,0,0,1,medium,1,0.0,116.0,0.0,0.0
2026-05-31,0,0,1,short,1,0.0,341.0,0.0,0.0
2026-05-31,0,0,1,zero,2,0.0,1380.0,0.0021739130434782,-0.0021739130434782
2026-05-31,0,0,3,long,1,0.0,36.0,0.0,0.0
2026-05-31,0,0,3,medium,1,0.0,161.0,0.0,0.0
2026-05-31,0,0,3,short,1,0.0,93.0,0.0,0.0
2026-05-31,0,0,3,very_long,1,0.0,57.0,0.0,0.0
2026-05-31,0,0,3,zero,1,0.0,336.0,0.0,0.0
2026-05-31,0,0,5,long,1,0.0,25.0,0.0,0.0
2026-05-31,0,0,5,medium,3,0.0,99.0,0.0,0.0
2026-05-31,0,0,5,short,1,0.0,81.0,0.0,0.0
2026-05-31,0,0,6,long,3,0.0,56.0,0.0,0.0
2026-05-31,0,0,6,medium,1,0.0,143.0,0.0,0.0
2026-05-31,0,0,6,short,3,0.0,108.0,0.0,0.0
2026-05-31,0,0,7,long,3,0.0,35.0,0.0,0.0
2026-05-31,0,0,7,medium,3,0.0,121.0,0.0,0.0
2026-05-31,0,0,7,short,2,0.0,83.0,0.0,0.0
2026-05-31,0,0,7,very_long,1,0.0,30.0,0.0,0.0
2026-05-31,0,0,7,zero,2,0.0,213.0,0.0,0.0
2026-05-31,0,0,8,long,1,0.0,9.0,0.0,0.0
2026-05-31,0,0,8,medium,2,0.0,35.0,0.0,0.0
2026-05-31,0,0,8,short,2,0.0,88.0,0.0,0.0
2026-05-31,0,0,8,zero,1,0.0,346.0,0.0028901734104046,-0.0028901734104046
2026-05-31,0,0,9,short,2,0.5,205.0,0.0195121951219512,0.4804878048780487
2026-05-31,0,0,9,very_long,1,0.0,39.0,0.0,0.0
2026-05-31,0,0,9,zero,11,0.0,791.0,0.0012642225031605,-0.0012642225031605
2026-05-31,0,1,0,medium,1,0.0,12.0,0.0,0.0
2026-05-31,0,1,0,zero,24,0.0,16.0,0.0,0.0
2026-05-31,0,1,1,medium,2,0.0,18.0,0.0,0.0
2026-05-31,0,1,1,zero,38,0.0,14.0,0.0,0.0
2026-05-31,0,1,3,short,1,0.0,8.0,0.0,0.0
2026-05-31,0,1,3,very_long,1,0.0,7.0,0.0,0.0
2026-05-31,0,1,3,zero,3,0.0,48.0,0.0,0.0
2026-05-31,0,1,5,zero,1,0.0,46.0,0.0217391304347826,-0.0217391304347826
2026-05-31,0,1,6,long,1,0.0,8.0,0.0,0.0
2026-05-31,0,1,6,very_long,1,0.0,9.0,0.0,0.0
2026-05-31,0,1,6,zero,2,0.0,72.0,0.0138888888888888,-0.0138888888888888
2026-05-31,0,1,7,medium,2,0.0,29.0,0.0,0.0
2026-05-31,0,1,7,zero,5,0.0,41.0,0.0,0.0
2026-05-31,0,1,8,zero,6,0.0,44.0,0.0,0.0
2026-05-31,0,1,9,long,1,0.0,2.0,0.0,0.0
2026-05-31,0,1,9,short,3,0.0,5.0,0.0,0.0
2026-05-31,0,1,9,zero,19,0.0,35.0,0.1142857142857142,-0.1142857142857142
2026-05-31,1,0,0,short,1,0.0,18.0,0.0,0.0
2026-05-31,1,0,0,zero,3,0.0,124.0,0.0,0.0
2026-05-31,1,0,1,short,1,0.0,7.0,0.0,0.0
2026-05-31,1,0,1,very_long,5,0.0,4.0,0.0,0.0
2026-05-31,1,0,3,long,2,0.0,47.0,0.0,0.0
2026-05-31,1,0,3,medium,1,1.0,565.0,0.0053097345132743,0.9946902654867256
2026-05-31,1,0,3,zero,1,0.0,641.0,0.0015600624024961,-0.0015600624024961
2026-05-31,1,0,4,very_long,1,0.0,11.0,0.0,0.0
2026-05-31,1,0,5,long,1,0.0,25.0,0.0,0.0
2026-05-31,1,0,5,very_long,1,0.0,19.0,0.0,0.0
2026-05-31,1,0,5,zero,3,0.0,449.0,0.0,0.0
2026-05-31,1,0,6,long,8,0.0,44.0,0.0,0.0
2026-05-31,1,0,6,medium,2,0.0,260.0,0.0,0.0
2026-05-31,1,0,6,short,1,0.0,93.0,0.0,0.0
2026-05-31,1,0,7,long,4,0.0,67.0,0.0,0.0
2026-05-31,1,0,7,medium,3,0.0,221.0,0.0,0.0
2026-05-31,1,0,7,short,1,0.0,67.0,0.0,0.0
2026-05-31,1,0,7,very_long,3,0.0,29.0,0.0,0.0
2026-05-31,1,0,7,zero,1,0.0,411.0,0.0,0.0
2026-05-31,1,0,8,long,3,0.0,20.0,0.0,0.0
2026-05-31,1,0,8,medium,3,0.0,181.0,0.0,0.0
2026-05-31,1,0,8,short,1,0.0,57.0,0.0,0.0
2026-05-31,1,0,8,very_long,1,0.0,10.0,0.0,0.0
2026-05-31,1,0,8,zero,1,0.0,462.0,0.0,0.0
2026-05-31,1,0,9,long,3,0.0,8.0,0.125,-0.125
2026-05-31,1,0,9,medium,2,0.0,88.0,0.0681818181818181,-0.0681818181818181
2026-05-31,1,0,9,short,1,0.0,52.0,0.0192307692307692,-0.0192307692307692
2026-05-31,1,0,9,very_long,2,0.0,8.0,0.0,0.0
2026-05-31,1,0,9,zero,1,0.0,252.0,0.0238095238095238,-0.0238095238095238
2026-05-31,1,1,0,long,2,0.0,8.0,0.0,0.0
2026-05-31,1,1,0,medium,3,0.0,72.0,0.0,0.0
2026-05-31,1,1,0,short,4,0.0,12.0,0.0,0.0
2026-05-31,1,1,0,very_long,2,0.0,3.0,0.0,0.0
2026-05-31,1,1,0,zero,3,0.0,98.0,0.0,0.0
2026-05-31,1,1,1,medium,1,0.0,58.0,0.0,0.0
2026-05-31,1,1,1,very_long,1,0.0,5.0,0.0,0.0
2026-05-31,1,1,1,zero,4,0.0,32.0,0.0,0.0
2026-05-31,1,1,3,long,1,0.0,50.0,0.0,0.0
2026-05-31,1,1,3,medium,74,0.0,730.0,0.0,0.0
2026-05-31,1,1,3,short,20,0.0,71.0,0.0,0.0
2026-05-31,1,1,3,very_long,3,0.0,18.0,0.0,0.0
2026-05-31,1,1,3,zero,2,0.0,736.0,0.0013586956521739,-0.0013586956521739
2026-05-31,1,1,5,long,6,0.0,31.0,0.0,0.0
2026-05-31,1,1,5,medium,50,0.0,357.0,0.0,0.0
2026-05-31,1,1,5,short,8,0.0,46.0,0.0,0.0
2026-05-31,1,1,5,very_long,5,0.0,18.0,0.0,0.0
2026-05-31,1,1,5,zero,4,0.0,473.0,0.0,0.0
2026-05-31,1,1,6,long,6,0.0,76.0,0.0,0.0
2026-05-31,1,1,6,medium,6,0.0,321.0,0.0,0.0
2026-05-31,1,1,6,short,5,0.0,45.0,0.0,0.0
2026-05-31,1,1,6,very_long,8,0.0,29.0,0.0,0.0
2026-05-31,1,1,6,zero,6,0.0,465.0,0.0,0.0
2026-05-31,1,1,7,long,17,0.0,89.0,0.0,0.0
2026-05-31,1,1,7,medium,27,0.0,281.0,0.0,0.0
2026-05-31,1,1,7,short,3,0.0,61.0,0.0,0.0
2026-05-31,1,1,7,very_long,13,0.0,56.0,0.0,0.0
2026-05-31,1,1,7,zero,5,0.0,416.0,0.0,0.0
2026-05-31,1,1,8,long,20,0.0,50.0,0.0,0.0
2026-05-31,1,1,8,medium,10,0.0,337.0,0.0,0.0
2026-05-31,1,1,8,short,4,0.0,54.0,0.0,0.0
2026-05-31,1,1,8,very_long,8,0.0,18.0,0.0,0.0
2026-05-31,1,1,8,zero,2,0.0,606.0,0.0,0.0
2026-05-31,1,1,9,long,27,0.037037037037037,29.0,0.0344827586206896,0.0025542784163473
2026-05-31,1,1,9,medium,21,0.1428571428571428,213.0,0.0093896713615023,0.1334674714956405
2026-05-31,1,1,9,short,8,0.0,38.0,0.0,0.0
2026-05-31,1,1,9,very_long,8,0.25,12.0,0.0,0.25
2026-05-31,1,1,9,zero,8,0.0,323.0,0.0061919504643962,-0.0061919504643962
2026-06-01,0,0,0,medium,3,0.0,219.0,0.0,0.0
2026-06-01,0,0,0,short,3,0.0,479.0,0.0,0.0
2026-06-01,0,0,0,very_long,7,0.0,124.0,0.0,0.0
2026-06-01,0,0,1,medium,1,0.0,201.0,0.0,0.0
2026-06-01,0,0,1,short,6,0.0,429.0,0.0,0.0
2026-06-01,0,0,1,very_long,4,0.0,127.0,0.0,0.0
2026-06-01,0,0,3,long,1,0.0,62.0,0.0161290322580645,-0.0161290322580645
2026-06-01,0,0,3,medium,1,0.0,267.0,0.0037453183520599,-0.0037453183520599
2026-06-01,0,0,3,short,2,0.0,80.0,0.0,0.0
2026-06-01,0,0,3,very_long,4,0.0,49.0,0.0204081632653061,-0.0204081632653061
2026-06-01,0,0,3,zero,2,0.0,323.0,0.0030959752321981,-0.0030959752321981
2026-06-01,0,0,5,medium,2,0.0,118.0,0.0,0.0
2026-06-01,0,0,5,very_long,2,0.0,40.0,0.0,0.0
2026-06-01,0,0,6,very_long,3,0.0,48.0,0.0,0.0
2026-06-01,0,0,6,zero,1,0.0,159.0,0.0,0.0
2026-06-01,0,0,7,medium,4,0.0,114.0,0.0,0.0
2026-06-01,0,0,7,short,3,0.0,97.0,0.0,0.0
2026-06-01,0,0,7,very_long,3,0.0,39.0,0.0,0.0
2026-06-01,0,0,8,long,1,0.0,9.0,0.0,0.0
2026-06-01,0,0,8,medium,1,0.0,68.0,0.0,0.0
2026-06-01,0,0,8,short,3,0.0,114.0,0.0,0.0
2026-06-01,0,0,9,short,4,0.0,267.0,0.0,0.0
2026-06-01,0,0,9,very_long,1,0.0,72.0,0.0,0.0
2026-06-01,0,1,0,medium,3,0.0,16.0,0.0,0.0
2026-06-01,0,1,0,short,1,0.0,12.0,0.0,0.0
2026-06-01,0,1,0,very_long,2,0.0,23.0,0.0,0.0
2026-06-01,0,1,0,zero,31,0.0,16.0,0.0,0.0
2026-06-01,0,1,1,zero,50,0.0,7.0,0.0,0.0
2026-06-01,0,1,3,long,3,0.0,6.0,0.0,0.0
2026-06-01,0,1,3,very_long,1,0.0,11.0,0.0,0.0
2026-06-01,0,1,3,zero,9,0.0,63.0,0.0,0.0
2026-06-01,0,1,4,long,1,0.0,2.0,0.0,0.0
2026-06-01,0,1,6,very_long,1,0.0,7.0,0.0,0.0
2026-06-01,0,1,6,zero,2,0.0,46.0,0.0,0.0
2026-06-01,0,1,7,long,5,0.0,17.0,0.0,0.0
2026-06-01,0,1,7,very_long,3,0.0,12.0,0.0,0.0
2026-06-01,0,1,7,zero,12,0.0,61.0,0.0,0.0
2026-06-01,0,1,8,very_long,8,0.0,9.0,0.0,0.0
2026-06-01,0,1,8,zero,10,0.0,34.0,0.0294117647058823,-0.0294117647058823
2026-06-01,0,1,9,long,1,0.0,2.0,0.0,0.0
2026-06-01,0,1,9,very_long,7,0.0,16.0,0.0,0.0
2026-06-01,0,1,9,zero,30,0.0,39.0,0.1282051282051282,-0.1282051282051282
2026-06-01,1,0,0,long,1,0.0,9.0,0.0,0.0
2026-06-01,1,0,0,medium,5,0.0,74.0,0.0,0.0
2026-06-01,1,0,0,very_long,4,0.0,15.0,0.0,0.0
2026-06-01,1,0,1,medium,4,0.0,35.0,0.0,0.0
2026-06-01,1,0,1,very_long,3,0.0,2.0,0.0,0.0
2026-06-01,1,0,1,zero,1,0.0,113.0,0.0,0.0
2026-06-01,1,0,3,long,2,0.0,42.0,0.0238095238095238,-0.0238095238095238
2026-06-01,1,0,3,medium,2,0.5,977.0,0.0,0.5
2026-06-01,1,0,3,short,1,0.0,35.0,0.0,0.0
2026-06-01,1,0,3,very_long,4,0.0,17.0,0.0,0.0
2026-06-01,1,0,5,long,1,0.0,19.0,0.0,0.0
2026-06-01,1,0,5,medium,2,0.0,491.0,0.0,0.0
2026-06-01,1,0,5,very_long,2,0.0,21.0,0.0,0.0
2026-06-01,1,0,6,long,2,0.0,37.0,0.0,0.0
2026-06-01,1,0,6,medium,1,0.0,282.0,0.0,0.0
2026-06-01,1,0,6,very_long,7,0.0,31.0,0.0,0.0
2026-06-01,1,0,6,zero,3,0.0,882.0,0.0,0.0
2026-06-01,1,0,7,long,3,0.0,53.0,0.0,0.0
2026-06-01,1,0,7,medium,2,0.0,221.0,0.0,0.0
2026-06-01,1,0,7,very_long,6,0.0,41.0,0.0,0.0
2026-06-01,1,0,8,long,1,0.0,15.0,0.0,0.0
2026-06-01,1,0,8,medium,3,0.0,207.0,0.0048309178743961,-0.0048309178743961
2026-06-01,1,0,8,short,1,0.0,55.0,0.0,0.0
2026-06-01,1,0,8,very_long,2,0.0,9.0,0.0,0.0
2026-06-01,1,0,8,zero,2,0.0,591.0,0.0,0.0
2026-06-01,1,0,9,long,3,0.0,11.0,0.2727272727272727,-0.2727272727272727
2026-06-01,1,0,9,medium,4,0.0,103.0,0.0485436893203883,-0.0485436893203883
2026-06-01,1,0,9,short,1,0.0,49.0,0.0204081632653061,-0.0204081632653061
2026-06-01,1,0,9,very_long,4,0.0,9.0,0.0,0.0
2026-06-01,1,1,0,long,4,0.0,17.0,0.0,0.0
2026-06-01,1,1,0,medium,3,0.0,69.0,0.0,0.0
2026-06-01,1,1,0,short,1,0.0,6.0,0.0,0.0
2026-06-01,1,1,0,very_long,1,0.0,10.0,0.0,0.0
2026-06-01,1,1,0,zero,3,0.0,144.0,0.0,0.0
2026-06-01,1,1,1,long,3,0.0,1.0,0.0,0.0
2026-06-01,1,1,1,very_long,4,0.0,12.0,0.0,0.0
2026-06-01,1,1,1,zero,2,0.0,22.0,0.0,0.0
2026-06-01,1,1,3,long,2,0.0,85.0,0.0,0.0
2026-06-01,1,1,3,medium,35,0.0285714285714285,1533.0,0.0,0.0285714285714285
2026-06-01,1,1,3,zero,38,0.0,693.0,0.0014430014430014,-0.0014430014430014
2026-06-01,1,1,4,long,1,0.0,46.0,0.0,0.0
2026-06-01,1,1,4,medium,2,0.0,747.0,0.0,0.0
2026-06-01,1,1,4,very_long,2,0.0,5.0,0.0,0.0
2026-06-01,1,1,4,zero,8,0.0,765.0,0.0,0.0
2026-06-01,1,1,5,long,7,0.0,56.0,0.0,0.0
2026-06-01,1,1,5,medium,25,0.0,613.0,0.0,0.0
2026-06-01,1,1,5,short,2,0.0,93.0,0.0,0.0
2026-06-01,1,1,5,very_long,2,0.0,20.0,0.0,0.0
2026-06-01,1,1,5,zero,7,0.0,560.0,0.0,0.0
2026-06-01,1,1,6,long,3,0.0,87.0,0.0,0.0
2026-06-01,1,1,6,medium,18,0.0,346.0,0.0,0.0
2026-06-01,1,1,6,short,1,0.0,68.0,0.0,0.0
2026-06-01,1,1,6,very_long,3,0.0,27.0,0.0,0.0
2026-06-01,1,1,6,zero,5,0.0,619.0,0.0,0.0
2026-06-01,1,1,7,long,12,0.0,127.0,0.0,0.0
2026-06-01,1,1,7,medium,22,0.0,336.0,0.0,0.0
2026-06-01,1,1,7,short,4,0.0,80.0,0.0,0.0
2026-06-01,1,1,7,very_long,20,0.0,44.0,0.0,0.0
2026-06-01,1,1,7,zero,11,0.0,561.0,0.0,0.0
2026-06-01,1,1,8,long,16,0.0,74.0,0.0,0.0
2026-06-01,1,1,8,medium,15,0.0,372.0,0.0,0.0
2026-06-01,1,1,8,very_long,9,0.0,39.0,0.0,0.0
2026-06-01,1,1,8,zero,3,0.0,641.0,0.0,0.0
2026-06-01,1,1,9,long,28,0.1071428571428571,62.0,0.032258064516129,0.0748847926267281
2026-06-01,1,1,9,medium,18,0.1666666666666666,224.0,0.0178571428571428,0.1488095238095238
2026-06-01,1,1,9,short,6,0.0,50.0,0.0,0.0
2026-06-01,1,1,9,very_long,6,0.1666666666666666,27.0,0.037037037037037,0.1296296296296296
2026-06-01,1,1,9,zero,6,0.0,430.0,0.0069767441860465,-0.0069767441860465
2026-06-02,0,0,0,long,1,0.0,48.0,0.0,0.0
2026-06-02,0,0,0,short,1,0.0,620.0,0.0,0.0
2026-06-02,0,0,0,very_long,4,0.0,144.0,0.0,0.0
2026-06-02,0,0,0,zero,1,0.0,781.0,0.0012804097311139,-0.0012804097311139
2026-06-02,0,0,1,very_long,5,0.0,176.0,0.0,0.0
2026-06-02,0,0,2,very_long,2,0.0,10.0,0.0,0.0
2026-06-02,0,0,3,short,4,0.0,149.0,0.0201342281879194,-0.0201342281879194
2026-06-02,0,0,3,very_long,5,0.0,56.0,0.0,0.0
2026-06-02,0,0,4,very_long,1,0.0,1.0,0.0,0.0
2026-06-02,0,0,5,long,1,0.0,36.0,0.0,0.0
2026-06-02,0,0,5,short,2,0.0,68.0,0.0,0.0
2026-06-02,0,0,5,very_long,2,0.0,24.0,0.0,0.0
2026-06-02,0,0,5,zero,1,0.0,194.0,0.0,0.0
2026-06-02,0,0,6,long,1,0.0,66.0,0.0,0.0
2026-06-02,0,0,6,very_long,5,0.0,40.0,0.0,0.0
2026-06-02,0,0,7,long,2,0.0,58.0,0.0,0.0
2026-06-02,0,0,7,medium,1,0.0,135.0,0.0,0.0
2026-06-02,0,0,7,short,2,0.0,103.0,0.0,0.0
2026-06-02,0,0,7,very_long,4,0.0,42.0,0.0,0.0
2026-06-02,0,0,7,zero,3,0.0,180.0,0.0166666666666666,-0.0166666666666666
2026-06-02,0,0,8,medium,2,0.0,110.0,0.0,0.0
2026-06-02,0,0,8,short,4,0.0,166.0,0.0,0.0
2026-06-02,0,0,9,short,7,0.0,405.0,0.0049382716049382,-0.0049382716049382
2026-06-02,0,0,9,very_long,4,0.0,85.0,0.0,0.0
2026-06-02,0,0,9,zero,3,0.0,554.0,0.0072202166064981,-0.0072202166064981
2026-06-02,0,1,0,long,1,0.0,10.0,0.0,0.0
2026-06-02,0,1,0,short,1,0.0,2.0,0.0,0.0
2026-06-02,0,1,0,very_long,2,0.0,5.0,0.0,0.0
2026-06-02,0,1,0,zero,14,0.0,48.0,0.0,0.0
2026-06-02,0,1,1,long,1,0.0,4.0,0.0,0.0
2026-06-02,0,1,1,very_long,4,0.0,8.0,0.0,0.0
2026-06-02,0,1,1,zero,23,0.0,13.0,0.0,0.0
2026-06-02,0,1,3,long,1,0.0,21.0,0.0,0.0
2026-06-02,0,1,3,very_long,3,0.0,12.0,0.0,0.0
2026-06-02,0,1,3,zero,1,0.0,64.0,0.015625,-0.015625
2026-06-02,0,1,6,medium,1,0.0,29.0,0.0,0.0
2026-06-02,0,1,6,very_long,2,0.0,7.0,0.0,0.0
2026-06-02,0,1,6,zero,1,0.0,58.0,0.0,0.0
2026-06-02,0,1,7,long,2,0.0,7.0,0.0,0.0
2026-06-02,0,1,7,short,2,0.0,10.0,0.0,0.0
2026-06-02,0,1,7,very_long,5,0.0,20.0,0.0,0.0
2026-06-02,0,1,7,zero,3,0.0,50.0,0.0,0.0
2026-06-02,0,1,8,very_long,5,0.0,10.0,0.0,0.0
2026-06-02,0,1,8,zero,4,0.0,47.0,0.0,0.0
2026-06-02,0,1,9,very_long,6,0.0,1.0,0.0,0.0
2026-06-02,0,1,9,zero,12,0.0,42.0,0.0,0.0
2026-06-02,1,0,0,medium,2,0.0,109.0,0.0,0.0
2026-06-02,1,0,0,very_long,2,0.0,15.0,0.0,0.0
2026-06-02,1,0,0,zero,1,0.0,386.0,0.0,0.0
2026-06-02,1,0,1,long,1,0.0,6.0,0.0,0.0
2026-06-02,1,0,1,medium,2,0.0,24.0,0.0,0.0
2026-06-02,1,0,1,zero,1,0.0,57.0,0.0,0.0
2026-06-02,1,0,3,long,1,0.0,94.0,0.0,0.0
2026-06-02,1,0,3,short,5,0.0,110.0,0.0,0.0
2026-06-02,1,0,3,very_long,2,0.0,19.0,0.0,0.0
2026-06-02,1,0,5,long,2,0.0,24.0,0.0416666666666666,-0.0416666666666666
2026-06-02,1,0,5,very_long,2,0.0,14.0,0.0,0.0
2026-06-02,1,0,5,zero,1,0.0,550.0,0.0,0.0
2026-06-02,1,0,6,long,2,0.0,45.0,0.0,0.0
2026-06-02,1,0,6,medium,1,0.0,305.0,0.0,0.0
2026-06-02,1,0,6,very_long,3,0.0,31.0,0.0,0.0
2026-06-02,1,0,6,zero,1,0.0,815.0,0.0,0.0
2026-06-02,1,0,7,long,6,0.0,71.0,0.0,0.0
2026-06-02,1,0,7,medium,2,0.0,210.0,0.0,0.0
2026-06-02,1,0,7,short,3,0.0,61.0,0.0,0.0
2026-06-02,1,0,7,very_long,5,0.0,41.0,0.0,0.0
2026-06-02,1,0,8,long,1,0.0,17.0,0.0,0.0
2026-06-02,1,0,8,zero,2,0.0,515.0,0.0,0.0
2026-06-02,1,0,9,medium,2,0.0,94.0,0.0106382978723404,-0.0106382978723404
2026-06-02,1,1,0,long,5,0.0,13.0,0.0,0.0
2026-06-02,1,1,0,medium,1,0.0,125.0,0.0,0.0
2026-06-02,1,1,0,short,1,0.0,13.0,0.0,0.0
2026-06-02,1,1,0,very_long,3,0.0,7.0,0.0,0.0
2026-06-02,1,1,0,zero,8,0.0,377.0,0.0,0.0
2026-06-02,1,1,1,long,3,0.0,6.0,0.0,0.0
2026-06-02,1,1,1,short,1,0.0,3.0,0.0,0.0
2026-06-02,1,1,1,very_long,4,0.0,11.0,0.0,0.0
2026-06-02,1,1,1,zero,23,0.0,22.0,0.0,0.0
2026-06-02,1,1,3,long,1,0.0,191.0,0.0,0.0
2026-06-02,1,1,3,medium,38,0.0,1224.0,0.0008169934640522,-0.0008169934640522
2026-06-02,1,1,3,short,2,0.0,58.0,0.0,0.0
2026-06-02,1,1,3,very_long,2,0.0,45.0,0.0,0.0
2026-06-02,1,1,3,zero,61,0.0,694.0,0.0,0.0
2026-06-02,1,1,4,long,2,0.0,48.0,0.0,0.0
2026-06-02,1,1,4,medium,1,0.0,697.0,0.0,0.0
2026-06-02,1,1,4,zero,2,0.0,542.0,0.0,0.0
2026-06-02,1,1,5,long,3,0.0,39.0,0.0,0.0
2026-06-02,1,1,5,medium,22,0.0,291.0,0.0,0.0
2026-06-02,1,1,5,short,7,0.0,54.0,0.0,0.0
2026-06-02,1,1,5,very_long,1,0.0,21.0,0.0,0.0
2026-06-02,1,1,5,zero,18,0.0,393.0,0.0,0.0
2026-06-02,1,1,6,long,6,0.0,67.0,0.0,0.0
2026-06-02,1,1,6,medium,9,0.0,306.0,0.0,0.0
2026-06-02,1,1,6,short,4,0.0,56.0,0.0,0.0
2026-06-02,1,1,6,very_long,10,0.0,36.0,0.0,0.0
2026-06-02,1,1,6,zero,18,0.0,534.0,0.0,0.0
2026-06-02,1,1,7,long,15,0.0,124.0,0.0,0.0
2026-06-02,1,1,7,medium,11,0.0,301.0,0.0033222591362126,-0.0033222591362126
2026-06-02,1,1,7,short,3,0.0,73.0,0.0,0.0
2026-06-02,1,1,7,very_long,11,0.0,65.0,0.0,0.0
2026-06-02,1,1,7,zero,11,0.0,488.0,0.0,0.0
2026-06-02,1,1,8,long,19,0.0,76.0,0.0,0.0
2026-06-02,1,1,8,medium,14,0.0,299.0,0.0,0.0
2026-06-02,1,1,8,short,6,0.0,86.0,0.0,0.0
2026-06-02,1,1,8,very_long,8,0.0,40.0,0.0,0.0
2026-06-02,1,1,8,zero,8,0.0,620.0,0.0,0.0
2026-06-02,1,1,9,long,39,0.1282051282051282,52.0,0.0,0.1282051282051282
2026-06-02,1,1,9,medium,34,0.0588235294117647,183.0,0.0109289617486338,0.0478945676631308
2026-06-02,1,1,9,short,7,0.0,48.0,0.0,0.0
2026-06-02,1,1,9,very_long,8,0.25,32.0,0.03125,0.21875
2026-06-02,1,1,9,zero,13,0.0,314.0,0.0127388535031847,-0.0127388535031847
2026-06-03,0,0,0,long,2,0.0,46.0,0.0,0.0
2026-06-03,0,0,0,very_long,1,0.0,133.0,0.0,0.0
2026-06-03,0,0,1,long,1,0.0,39.0,0.0,0.0
2026-06-03,0,0,1,short,1,0.0,463.0,0.0,0.0
2026-06-03,0,0,3,long,1,0.0,59.0,0.0,0.0
2026-06-03,0,0,3,medium,4,0.0,151.0,0.0132450331125827,-0.0132450331125827
2026-06-03,0,0,3,short,1,0.0,79.0,0.0,0.0
2026-06-03,0,0,3,very_long,2,0.0,41.0,0.0,0.0
2026-06-03,0,0,3,zero,4,0.0,351.0,0.0,0.0
2026-06-03,0,0,4,zero,1,0.0,81.0,0.0,0.0
2026-06-03,0,0,5,very_long,2,0.0,39.0,0.0,0.0
2026-06-03,0,0,5,zero,3,0.0,172.0,0.0,0.0
2026-06-03,0,0,6,long,1,0.0,33.0,0.0,0.0
2026-06-03,0,0,6,medium,1,0.0,84.0,0.0,0.0
2026-06-03,0,0,6,short,1,0.0,66.0,0.0,0.0
2026-06-03,0,0,6,zero,1,0.0,175.0,0.0,0.0
2026-06-03,0,0,7,long,1,0.0,47.0,0.0,0.0
2026-06-03,0,0,7,medium,5,0.0,106.0,0.0,0.0
2026-06-03,0,0,7,short,1,0.0,89.0,0.0,0.0
2026-06-03,0,0,7,very_long,1,0.0,45.0,0.0,0.0
2026-06-03,0,0,7,zero,2,0.0,247.0,0.0,0.0
2026-06-03,0,0,8,long,1,0.0,21.0,0.0,0.0
2026-06-03,0,0,8,medium,2,0.0,68.0,0.0,0.0
2026-06-03,0,0,8,very_long,2,0.0,37.0,0.0,0.0
2026-06-03,0,0,8,zero,1,0.0,385.0,0.0,0.0
2026-06-03,0,0,9,short,2,0.0,290.0,0.0034482758620689,-0.0034482758620689
2026-06-03,0,1,0,long,4,0.0,5.0,0.0,0.0
2026-06-03,0,1,0,medium,1,0.0,8.0,0.0,0.0
2026-06-03,0,1,0,short,1,0.0,14.0,0.0,0.0
2026-06-03,0,1,0,very_long,1,0.0,4.0,0.0,0.0
2026-06-03,0,1,0,zero,2,0.0,45.0,0.0,0.0
2026-06-03,0,1,1,long,5,0.0,6.0,0.0,0.0
2026-06-03,0,1,1,zero,1,0.0,24.0,0.0,0.0
2026-06-03,0,1,3,medium,2,0.0,38.0,0.0,0.0
2026-06-03,0,1,3,very_long,1,0.0,7.0,0.0,0.0
2026-06-03,0,1,3,zero,6,0.0,48.0,0.0,0.0
2026-06-03,0,1,6,long,1,0.0,6.0,0.0,0.0
2026-06-03,0,1,6,medium,2,0.0,21.0,0.0,0.0
2026-06-03,0,1,6,very_long,11,0.0,6.0,0.0,0.0
2026-06-03,0,1,6,zero,3,0.0,46.0,0.0,0.0
2026-06-03,0,1,7,long,2,0.0,10.0,0.0,0.0
2026-06-03,0,1,7,short,1,0.0,6.0,0.0,0.0
2026-06-03,0,1,7,very_long,9,0.0,3.0,0.0,0.0
2026-06-03,0,1,7,zero,4,0.0,69.0,0.0,0.0
2026-06-03,0,1,8,long,1,0.0,8.0,0.0,0.0
2026-06-03,0,1,8,very_long,40,0.0,3.0,0.0,0.0
2026-06-03,0,1,9,long,6,0.0,5.0,0.0,0.0
2026-06-03,0,1,9,medium,2,0.0,8.0,0.0,0.0
2026-06-03,0,1,9,very_long,4,0.0,4.0,0.0,0.0
2026-06-03,0,1,9,zero,1,0.0,30.0,0.0666666666666666,-0.0666666666666666
2026-06-03,1,0,0,long,1,0.0,18.0,0.0,0.0
2026-06-03,1,0,0,very_long,1,0.0,32.0,0.0,0.0
2026-06-03,1,0,1,very_long,1,0.0,24.0,0.0,0.0
2026-06-03,1,0,1,zero,1,0.0,164.0,0.0,0.0
2026-06-03,1,0,3,long,1,0.0,52.0,0.0,0.0
2026-06-03,1,0,3,medium,1,0.0,528.0,0.0018939393939393,-0.0018939393939393
2026-06-03,1,0,3,very_long,2,0.0,23.0,0.0,0.0
2026-06-03,1,0,3,zero,1,0.0,717.0,0.00139470013947,-0.00139470013947
2026-06-03,1,0,4,zero,1,0.0,480.0,0.0,0.0
2026-06-03,1,0,5,long,1,0.0,20.0,0.0,0.0
2026-06-03,1,0,5,medium,1,0.0,186.0,0.0053763440860215,-0.0053763440860215
2026-06-03,1,0,5,zero,3,0.0,399.0,0.0,0.0
2026-06-03,1,0,6,long,6,0.0,52.0,0.0,0.0
2026-06-03,1,0,6,medium,3,0.0,202.0,0.0,0.0
2026-06-03,1,0,6,short,1,0.0,66.0,0.0,0.0
2026-06-03,1,0,6,very_long,2,0.0,28.0,0.0,0.0
2026-06-03,1,0,6,zero,2,0.0,621.0,0.0,0.0
2026-06-03,1,0,7,long,10,0.0,54.0,0.0,0.0
2026-06-03,1,0,7,medium,6,0.0,278.0,0.0,0.0
2026-06-03,1,0,7,short,5,0.0,89.0,0.0,0.0
2026-06-03,1,0,7,very_long,3,0.0,47.0,0.0,0.0
2026-06-03,1,0,7,zero,1,0.0,700.0,0.0,0.0
2026-06-03,1,0,8,long,2,0.0,20.0,0.05,-0.05
2026-06-03,1,0,8,medium,1,0.0,171.0,0.0,0.0
2026-06-03,1,0,8,zero,1,0.0,477.0,0.0,0.0
2026-06-03,1,0,9,long,3,0.0,16.0,0.0625,-0.0625
2026-06-03,1,0,9,medium,2,0.0,76.0,0.0263157894736842,-0.0263157894736842
2026-06-03,1,1,0,long,1,0.0,12.0,0.0,0.0
2026-06-03,1,1,0,medium,1,0.0,94.0,0.0,0.0
2026-06-03,1,1,0,very_long,7,0.0,11.0,0.0,0.0
2026-06-03,1,1,0,zero,8,0.0,242.0,0.0,0.0
2026-06-03,1,1,1,long,8,0.0,2.0,0.0,0.0
2026-06-03,1,1,1,medium,2,0.0,18.0,0.0,0.0
2026-06-03,1,1,1,very_long,17,0.0,4.0,0.0,0.0
2026-06-03,1,1,1,zero,4,0.0,21.0,0.0,0.0
2026-06-03,1,1,2,very_long,4,0.0,2.0,0.0,0.0
2026-06-03,1,1,3,long,33,0.0,54.0,0.0,0.0
2026-06-03,1,1,3,medium,98,0.010204081632653,851.0,0.0,0.010204081632653
2026-06-03,1,1,3,short,2,0.0,89.0,0.0,0.0
2026-06-03,1,1,3,very_long,6,0.0,25.0,0.0,0.0
2026-06-03,1,1,3,zero,38,0.0,559.0,0.0,0.0
2026-06-03,1,1,4,long,2,0.0,15.0,0.0,0.0
2026-06-03,1,1,4,medium,4,0.0,347.0,0.0,0.0
2026-06-03,1,1,4,short,2,0.0,54.0,0.0,0.0
2026-06-03,1,1,4,zero,2,0.0,416.0,0.0,0.0
2026-06-03,1,1,5,long,17,0.0,53.0,0.0,0.0
2026-06-03,1,1,5,medium,62,0.0161290322580645,300.0,0.0,0.0161290322580645
2026-06-03,1,1,5,short,8,0.0,61.0,0.0,0.0
2026-06-03,1,1,5,very_long,1,0.0,16.0,0.0,0.0
2026-06-03,1,1,5,zero,7,0.0,318.0,0.0,0.0
2026-06-03,1,1,6,long,8,0.0,83.0,0.0,0.0
2026-06-03,1,1,6,medium,17,0.0,261.0,0.0,0.0
2026-06-03,1,1,6,short,8,0.0,38.0,0.0,0.0
2026-06-03,1,1,6,very_long,2,0.0,23.0,0.0,0.0
2026-06-03,1,1,6,zero,4,0.0,461.0,0.0,0.0
2026-06-03,1,1,7,long,20,0.0,107.0,0.0,0.0
2026-06-03,1,1,7,medium,30,0.0,302.0,0.0,0.0
2026-06-03,1,1,7,short,3,0.0,63.0,0.0,0.0
2026-06-03,1,1,7,very_long,15,0.0,52.0,0.0,0.0
2026-06-03,1,1,7,zero,19,0.0,596.0,0.0,0.0
2026-06-03,1,1,8,long,18,0.0,66.0,0.0,0.0
2026-06-03,1,1,8,medium,19,0.0,308.0,0.0,0.0
2026-06-03,1,1,8,short,7,0.0,90.0,0.0,0.0
2026-06-03,1,1,8,very_long,12,0.0,30.0,0.0,0.0
2026-06-03,1,1,8,zero,4,0.0,632.0,0.0,0.0
2026-06-03,1,1,9,long,34,0.1470588235294117,43.0,0.1162790697674418,0.0307797537619699
2026-06-03,1,1,9,medium,22,0.0454545454545454,175.0,0.0228571428571428,0.0225974025974026
2026-06-03,1,1,9,short,5,0.0,42.0,0.0238095238095238,-0.0238095238095238
2026-06-03,1,1,9,very_long,17,0.0588235294117647,23.0,0.1304347826086956,-0.0716112531969309
2026-06-03,1,1,9,zero,5,0.0,357.0,0.0056022408963585,-0.0056022408963585
2026-06-04,0,0,0,long,2,0.0,45.0,0.0,0.0
2026-06-04,0,0,0,very_long,1,0.0,93.0,0.0,0.0
2026-06-04,0,0,1,long,1,0.0,35.0,0.0,0.0
2026-06-04,0,0,2,long,1,0.0,1.0,0.0,0.0
2026-06-04,0,0,3,short,2,0.0,157.0,0.0,0.0
2026-06-04,0,0,3,very_long,1,0.0,68.0,0.0,0.0
2026-06-04,0,0,3,zero,2,0.0,366.0,0.0,0.0
2026-06-04,0,0,5,medium,2,0.0,98.0,0.0,0.0
2026-06-04,0,0,5,short,1,0.0,72.0,0.0,0.0
2026-06-04,0,0,5,very_long,1,0.0,35.0,0.0,0.0
2026-06-04,0,0,6,medium,1,0.0,83.0,0.0,0.0
2026-06-04,0,0,6,short,1,0.0,75.0,0.0,0.0
2026-06-04,0,0,6,very_long,2,0.0,39.0,0.0,0.0
2026-06-04,0,0,7,short,2,0.0,119.0,0.0,0.0
2026-06-04,0,0,7,very_long,1,0.0,55.0,0.0,0.0
2026-06-04,0,0,9,long,4,0.0,29.0,0.0344827586206896,-0.0344827586206896
2026-06-04,0,0,9,zero,1,0.0,799.0,0.0075093867334167,-0.0075093867334167
2026-06-04,0,1,0,long,2,0.0,12.0,0.0,0.0
2026-06-04,0,1,0,zero,1,0.0,52.0,0.0,0.0
2026-06-04,0,1,1,long,4,0.0,8.0,0.0,0.0
2026-06-04,0,1,1,medium,2,0.0,31.0,0.0,0.0
2026-06-04,0,1,1,very_long,3,0.0,24.0,0.0,0.0
2026-06-04,0,1,5,long,1,0.0,7.0,0.0,0.0
2026-06-04,0,1,5,medium,1,0.0,18.0,0.0,0.0
2026-06-04,0,1,6,very_long,1,0.0,9.0,0.0,0.0
2026-06-04,0,1,7,long,1,0.0,8.0,0.0,0.0
2026-06-04,0,1,7,short,1,0.0,9.0,0.0,0.0
2026-06-04,0,1,7,very_long,5,0.0,15.0,0.0,0.0
2026-06-04,0,1,8,very_long,4,0.0,9.0,0.0,0.0
2026-06-04,0,1,9,long,4,0.0,8.0,0.0,0.0
2026-06-04,0,1,9,medium,2,0.0,23.0,0.0434782608695652,-0.0434782608695652
2026-06-04,0,1,9,short,1,0.0,14.0,0.0714285714285714,-0.0714285714285714
2026-06-04,0,1,9,very_long,3,0.0,19.0,0.0,0.0
2026-06-04,1,0,0,long,1,0.0,15.0,0.0,0.0
2026-06-04,1,0,0,medium,16,0.0,151.0,0.0,0.0
2026-06-04,1,0,1,medium,10,0.1,26.0,0.0,0.1
2026-06-04,1,0,1,very_long,1,0.0,27.0,0.0,0.0
2026-06-04,1,0,3,long,3,0.0,64.0,0.0,0.0
2026-06-04,1,0,3,medium,1,0.0,821.0,0.0,0.0
2026-06-04,1,0,3,very_long,4,0.0,24.0,0.0,0.0
2026-06-04,1,0,4,zero,2,0.0,515.0,0.0,0.0
2026-06-04,1,0,5,very_long,1,0.0,20.0,0.0,0.0
2026-06-04,1,0,6,long,2,0.0,49.0,0.0,0.0
2026-06-04,1,0,6,medium,1,0.0,157.0,0.0,0.0
2026-06-04,1,0,7,long,3,0.0,56.0,0.0,0.0
2026-06-04,1,0,7,medium,4,0.0,250.0,0.0,0.0
2026-06-04,1,0,7,very_long,8,0.0,45.0,0.0,0.0
2026-06-04,1,0,8,long,5,0.0,22.0,0.0,0.0
2026-06-04,1,0,8,medium,6,0.0,184.0,0.0,0.0
2026-06-04,1,0,8,very_long,1,0.0,24.0,0.0,0.0
2026-06-04,1,0,8,zero,1,0.0,474.0,0.0,0.0
2026-06-04,1,0,9,long,2,0.0,17.0,0.1176470588235294,-0.1176470588235294
2026-06-04,1,0,9,medium,7,0.0,85.0,0.0352941176470588,-0.0352941176470588
2026-06-04,1,0,9,short,1,0.0,34.0,0.0294117647058823,-0.0294117647058823
2026-06-04,1,1,0,long,2,0.0,26.0,0.0,0.0
2026-06-04,1,1,0,medium,1,0.0,157.0,0.0,0.0
2026-06-04,1,1,0,short,1,0.0,36.0,0.0,0.0
2026-06-04,1,1,0,very_long,2,0.0,6.0,0.0,0.0
2026-06-04,1,1,1,long,2,0.0,2.0,0.0,0.0
2026-06-04,1,1,1,medium,5,0.0,31.0,0.0,0.0
2026-06-04,1,1,1,short,1,0.0,20.0,0.0,0.0
2026-06-04,1,1,1,very_long,2,0.0,4.0,0.0,0.0
2026-06-04,1,1,1,zero,4,0.0,39.0,0.0,0.0
2026-06-04,1,1,2,medium,1,0.0,1.0,0.0,0.0
2026-06-04,1,1,3,long,4,0.0,76.0,0.0,0.0
2026-06-04,1,1,3,medium,157,0.0,1233.0,0.0,0.0
2026-06-04,1,1,3,short,1,0.0,87.0,0.0,0.0
2026-06-04,1,1,3,very_long,5,0.0,21.0,0.0,0.0
2026-06-04,1,1,3,zero,25,0.0,537.0,0.0018621973929236,-0.0018621973929236
2026-06-04,1,1,4,medium,5,0.0,561.0,0.0,0.0
2026-06-04,1,1,4,short,1,0.0,29.0,0.0,0.0
2026-06-04,1,1,4,very_long,1,0.0,7.0,0.0,0.0
2026-06-04,1,1,4,zero,4,0.0,409.0,0.0,0.0
2026-06-04,1,1,5,medium,39,0.0,329.0,0.0,0.0
2026-06-04,1,1,5,very_long,4,0.0,17.0,0.0,0.0
2026-06-04,1,1,5,zero,8,0.0,351.0,0.0,0.0
2026-06-04,1,1,6,long,4,0.0,64.0,0.0,0.0
2026-06-04,1,1,6,medium,11,0.0,188.0,0.0,0.0
2026-06-04,1,1,6,short,1,0.0,24.0,0.0,0.0
2026-06-04,1,1,6,very_long,5,0.0,35.0,0.0,0.0
2026-06-04,1,1,6,zero,6,0.0,369.0,0.0,0.0
2026-06-04,1,1,7,long,14,0.0,107.0,0.0,0.0
2026-06-04,1,1,7,medium,10,0.0,304.0,0.0,0.0
2026-06-04,1,1,7,short,2,0.0,50.0,0.0,0.0
2026-06-04,1,1,7,very_long,13,0.0,62.0,0.0,0.0
2026-06-04,1,1,7,zero,11,0.0,503.0,0.0,0.0
2026-06-04,1,1,8,long,15,0.0,66.0,0.0,0.0
2026-06-04,1,1,8,medium,8,0.0,263.0,0.0,0.0
2026-06-04,1,1,8,short,1,0.0,47.0,0.0,0.0
2026-06-04,1,1,8,very_long,7,0.0,28.0,0.0,0.0
2026-06-04,1,1,8,zero,1,0.0,418.0,0.0,0.0
2026-06-04,1,1,9,long,17,0.0588235294117647,43.0,0.0465116279069767,0.0123119015047879
2026-06-04,1,1,9,medium,23,0.0869565217391304,141.0,0.0070921985815602,0.0798643231575701
2026-06-04,1,1,9,short,2,0.0,45.0,0.0444444444444444,-0.0444444444444444
2026-06-04,1,1,9,very_long,5,0.2,29.0,0.0344827586206896,0.1655172413793103
2026-06-04,1,1,9,zero,5,0.2,266.0,0.0338345864661654,0.1661654135338346
2026-06-05,0,0,0,long,1,0.0,31.0,0.0,0.0
2026-06-05,0,0,0,medium,1,0.0,311.0,0.0,0.0
2026-06-05,0,0,0,very_long,1,0.0,93.0,0.0,0.0
2026-06-05,0,0,0,zero,2,0.0,1418.0,0.0,0.0
2026-06-05,0,0,1,very_long,1,0.0,90.0,0.0,0.0
2026-06-05,0,0,3,medium,2,0.0,268.0,0.0,0.0
2026-06-05,0,0,3,short,3,0.0,135.0,0.0148148148148148,-0.0148148148148148
2026-06-05,0,0,3,very_long,2,0.0,52.0,0.0,0.0
2026-06-05,0,0,3,zero,1,0.0,328.0,0.0030487804878048,-0.0030487804878048
2026-06-05,0,0,4,zero,1,0.0,99.0,0.0,0.0
2026-06-05,0,0,5,long,2,0.0,33.0,0.0,0.0
2026-06-05,0,0,5,medium,3,0.0,110.0,0.0,0.0
2026-06-05,0,0,5,very_long,4,0.0,48.0,0.0,0.0
2026-06-05,0,0,5,zero,1,0.0,185.0,0.0,0.0
2026-06-05,0,0,6,long,2,0.0,50.0,0.0,0.0
2026-06-05,0,0,6,medium,4,0.0,82.0,0.0,0.0
2026-06-05,0,0,6,short,1,0.0,72.0,0.0,0.0
2026-06-05,0,0,7,long,1,0.0,65.0,0.0,0.0
2026-06-05,0,0,7,medium,3,0.0,157.0,0.0,0.0
2026-06-05,0,0,7,very_long,1,0.0,50.0,0.0,0.0
2026-06-05,0,0,8,medium,1,0.0,98.0,0.0,0.0
2026-06-05,0,0,9,zero,3,0.0,984.0,0.0030487804878048,-0.0030487804878048
2026-06-05,0,1,0,long,3,0.0,11.0,0.0,0.0
2026-06-05,0,1,0,medium,1,0.0,29.0,0.0,0.0
2026-06-05,0,1,1,long,5,0.0,4.0,0.0,0.0
2026-06-05,0,1,3,long,5,0.0,34.0,0.0,0.0
2026-06-05,0,1,3,zero,4,0.0,56.0,0.0,0.0
2026-06-05,0,1,4,long,1,0.0,4.0,0.0,0.0
2026-06-05,0,1,5,long,2,0.0,6.0,0.0,0.0
2026-06-05,0,1,5,zero,1,0.0,27.0,0.0,0.0
2026-06-05,0,1,7,long,6,0.0,12.0,0.0,0.0
2026-06-05,0,1,7,medium,2,0.0,24.0,0.0,0.0
2026-06-05,0,1,7,short,1,0.0,11.0,0.0,0.0
2026-06-05,0,1,7,very_long,2,0.0,13.0,0.0,0.0
2026-06-05,0,1,7,zero,1,0.0,60.0,0.0,0.0
2026-06-05,0,1,8,long,2,0.0,10.0,0.0,0.0
2026-06-05,0,1,9,long,3,0.0,3.0,0.0,0.0
2026-06-05,0,1,9,short,1,0.0,8.0,0.125,-0.125
2026-06-05,0,1,9,very_long,1,0.0,22.0,0.0,0.0
2026-06-05,1,0,0,long,1,0.0,24.0,0.0,0.0
2026-06-05,1,0,1,long,1,0.0,12.0,0.0,0.0
2026-06-05,1,0,3,medium,4,0.0,532.0,0.0018796992481203,-0.0018796992481203
2026-06-05,1,0,3,zero,2,0.0,569.0,0.0017574692442882,-0.0017574692442882
2026-06-05,1,0,5,long,2,0.0,30.0,0.0,0.0
2026-06-05,1,0,5,medium,4,0.0,290.0,0.0,0.0
2026-06-05,1,0,6,long,7,0.0,36.0,0.0,0.0
2026-06-05,1,0,6,very_long,1,0.0,38.0,0.0,0.0
2026-06-05,1,0,7,long,3,0.0,53.0,0.0,0.0
2026-06-05,1,0,7,medium,3,0.0,209.0,0.0,0.0
2026-06-05,1,0,7,short,1,0.0,62.0,0.0,0.0
2026-06-05,1,0,7,very_long,7,0.0,34.0,0.0,0.0
2026-06-05,1,0,8,long,4,0.0,30.0,0.0,0.0
2026-06-05,1,0,8,medium,4,0.0,170.0,0.0,0.0
2026-06-05,1,0,8,very_long,3,0.0,15.0,0.0,0.0
2026-06-05,1,0,9,medium,1,0.0,164.0,0.0121951219512195,-0.0121951219512195
2026-06-05,1,0,9,very_long,3,0.0,16.0,0.0,0.0
2026-06-05,1,1,0,long,4,0.0,23.0,0.0,0.0
2026-06-05,1,1,0,medium,3,0.0,210.0,0.0,0.0
2026-06-05,1,1,0,short,1,0.0,34.0,0.0,0.0
2026-06-05,1,1,0,very_long,4,0.0,17.0,0.0,0.0
2026-06-05,1,1,0,zero,4,0.0,512.0,0.0,0.0
2026-06-05,1,1,1,long,3,0.0,3.0,0.0,0.0
2026-06-05,1,1,1,medium,3,0.0,24.0,0.0,0.0
2026-06-05,1,1,1,short,2,0.0,8.0,0.0,0.0
2026-06-05,1,1,1,zero,15,0.0,90.0,0.0,0.0
2026-06-05,1,1,2,medium,1,0.0,5.0,0.0,0.0
2026-06-05,1,1,2,short,1,0.0,1.0,0.0,0.0
2026-06-05,1,1,3,long,1,0.0,170.0,0.0,0.0
2026-06-05,1,1,3,medium,1,0.0,1209.0,0.0008271298593879,-0.0008271298593879
2026-06-05,1,1,3,very_long,7,0.0,23.0,0.0,0.0
2026-06-05,1,1,3,zero,4,0.0,460.0,0.0,0.0
2026-06-05,1,1,4,medium,1,0.0,483.0,0.0,0.0
2026-06-05,1,1,4,short,1,0.0,7.0,0.0,0.0
2026-06-05,1,1,4,zero,2,0.0,416.0,0.0,0.0
2026-06-05,1,1,5,long,6,0.0,59.0,0.0,0.0
2026-06-05,1,1,5,medium,13,0.0,511.0,0.0,0.0
2026-06-05,1,1,5,short,2,0.0,43.0,0.0,0.0
2026-06-05,1,1,5,very_long,2,0.0,21.0,0.0,0.0
2026-06-05,1,1,5,zero,3,0.0,307.0,0.0,0.0
2026-06-05,1,1,6,long,10,0.0,73.0,0.0,0.0
2026-06-05,1,1,6,medium,5,0.0,181.0,0.0,0.0
2026-06-05,1,1,6,short,3,0.0,36.0,0.0,0.0
2026-06-05,1,1,6,very_long,8,0.0,29.0,0.0,0.0
2026-06-05,1,1,6,zero,5,0.0,287.0,0.0,0.0
2026-06-05,1,1,7,long,18,0.0555555555555555,119.0,0.0,0.0555555555555555
2026-06-05,1,1,7,medium,9,0.0,233.0,0.0,0.0
2026-06-05,1,1,7,very_long,18,0.0,47.0,0.0,0.0
2026-06-05,1,1,7,zero,7,0.0,437.0,0.0,0.0
2026-06-05,1,1,8,long,14,0.0,70.0,0.0,0.0
2026-06-05,1,1,8,medium,8,0.0,265.0,0.0,0.0
2026-06-05,1,1,8,short,1,0.0,47.0,0.0,0.0
2026-06-05,1,1,8,very_long,9,0.0,39.0,0.0,0.0
2026-06-05,1,1,8,zero,3,0.0,421.0,0.002375296912114,-0.002375296912114
2026-06-05,1,1,9,long,39,0.1282051282051282,47.0,0.0425531914893617,0.0856519367157664
2026-06-05,1,1,9,medium,27,0.1481481481481481,152.0,0.0263157894736842,0.1218323586744639
2026-06-05,1,1,9,short,17,0.0,39.0,0.0256410256410256,-0.0256410256410256
2026-06-05,1,1,9,very_long,16,0.0,27.0,0.074074074074074,-0.074074074074074
2026-06-05,1,1,9,zero,9,0.1111111111111111,286.0,0.0139860139860139,0.0971250971250971
2026-06-06,0,0,0,medium,2,0.0,245.0,0.0,0.0
2026-06-06,0,0,0,very_long,3,0.0,99.0,0.0,0.0
2026-06-06,0,0,1,short,1,0.0,685.0,0.002919708029197,-0.002919708029197
2026-06-06,0,0,3,medium,4,0.0,204.0,0.0196078431372549,-0.0196078431372549
2026-06-06,0,0,3,short,1,0.0,131.0,0.0,0.0
2026-06-06,0,0,5,zero,1,0.0,121.0,0.0,0.0
2026-06-06,0,0,6,medium,2,0.0,85.0,0.0,0.0
2026-06-06,0,0,6,very_long,2,0.0,40.0,0.0,0.0
2026-06-06,0,0,7,medium,2,0.0,105.0,0.0,0.0
2026-06-06,0,0,7,very_long,1,0.0,48.0,0.0,0.0
2026-06-06,0,0,8,medium,1,0.0,79.0,0.0,0.0
2026-06-06,0,1,0,medium,1,0.0,19.0,0.0,0.0
2026-06-06,0,1,0,very_long,2,0.0,40.0,0.0,0.0
2026-06-06,0,1,0,zero,1,0.0,28.0,0.0,0.0
2026-06-06,0,1,1,long,1,0.0,10.0,0.0,0.0
2026-06-06,0,1,1,short,1,0.0,15.0,0.0,0.0
2026-06-06,0,1,1,zero,2,0.0,31.0,0.0,0.0
2026-06-06,0,1,2,long,1,0.0,2.0,0.0,0.0
2026-06-06,0,1,3,very_long,4,0.0,196.0,0.0,0.0
2026-06-06,0,1,4,very_long,1,0.0,8.0,0.0,0.0
2026-06-06,0,1,5,long,2,0.0,11.0,0.0,0.0
2026-06-06,0,1,5,medium,1,0.0,13.0,0.0,0.0
2026-06-06,0,1,5,very_long,1,0.0,4.0,0.0,0.0
2026-06-06,0,1,6,long,1,0.0,6.0,0.0,0.0
2026-06-06,0,1,6,very_long,5,0.0,10.0,0.0,0.0
2026-06-06,0,1,7,medium,1,0.0,16.0,0.0,0.0
2026-06-06,0,1,7,very_long,3,0.0,11.0,0.0,0.0
2026-06-06,0,1,7,zero,2,0.0,58.0,0.0,0.0
2026-06-06,0,1,8,long,1,0.0,7.0,0.0,0.0
2026-06-06,0,1,8,medium,1,0.0,15.0,0.0,0.0
2026-06-06,0,1,8,very_long,9,0.0,16.0,0.0,0.0
2026-06-06,0,1,8,zero,1,0.0,35.0,0.0,0.0
2026-06-06,0,1,9,long,1,0.0,9.0,0.0,0.0
2026-06-06,0,1,9,short,1,0.0,6.0,0.0,0.0
2026-06-06,0,1,9,very_long,4,0.0,21.0,0.0,0.0
2026-06-06,0,1,9,zero,2,0.0,51.0,0.0196078431372549,-0.0196078431372549
2026-06-06,1,0,0,medium,1,0.0,338.0,0.0,0.0
2026-06-06,1,0,0,very_long,3,0.0,18.0,0.0,0.0
2026-06-06,1,0,1,very_long,1,0.0,4.0,0.0,0.0
2026-06-06,1,0,1,zero,1,0.0,84.0,0.0,0.0
2026-06-06,1,0,3,long,1,0.0,24.0,0.0,0.0
2026-06-06,1,0,3,very_long,2,0.0,26.0,0.0,0.0
2026-06-06,1,0,3,zero,1,0.0,691.0,0.0,0.0
2026-06-06,1,0,4,long,1,0.0,18.0,0.0,0.0
2026-06-06,1,0,5,long,4,0.0,23.0,0.0,0.0
2026-06-06,1,0,5,very_long,4,0.0,18.0,0.0,0.0
2026-06-06,1,0,6,long,4,0.0,40.0,0.0,0.0
2026-06-06,1,0,6,medium,1,0.0,153.0,0.0,0.0
2026-06-06,1,0,6,short,1,0.0,39.0,0.0,0.0
2026-06-06,1,0,6,very_long,1,0.0,29.0,0.0,0.0
2026-06-06,1,0,6,zero,1,0.0,346.0,0.0,0.0
2026-06-06,1,0,7,long,3,0.0,48.0,0.0,0.0
2026-06-06,1,0,7,medium,5,0.0,172.0,0.0,0.0
2026-06-06,1,0,7,short,1,0.0,56.0,0.0,0.0
2026-06-06,1,0,7,very_long,4,0.0,23.0,0.0,0.0
2026-06-06,1,0,7,zero,2,0.0,388.0,0.0,0.0
2026-06-06,1,0,8,long,2,0.0,13.0,0.0,0.0
2026-06-06,1,0,8,medium,3,0.0,172.0,0.0,0.0
2026-06-06,1,0,8,short,3,0.0,38.0,0.0,0.0
2026-06-06,1,0,8,very_long,2,0.0,12.0,0.0,0.0
2026-06-06,1,0,8,zero,3,0.0,353.0,0.0,0.0
2026-06-06,1,0,9,long,2,0.0,25.0,0.0,0.0
2026-06-06,1,0,9,very_long,5,0.0,13.0,0.1538461538461538,-0.1538461538461538
2026-06-06,1,0,9,zero,1,0.0,262.0,0.0114503816793893,-0.0114503816793893
2026-06-06,1,1,0,long,3,0.0,22.0,0.0,0.0
2026-06-06,1,1,0,medium,3,0.0,189.0,0.0,0.0
2026-06-06,1,1,0,very_long,6,0.0,10.0,0.0,0.0
2026-06-06,1,1,0,zero,2,0.0,290.0,0.0,0.0
2026-06-06,1,1,1,long,3,0.0,14.0,0.0,0.0
2026-06-06,1,1,1,medium,1,0.0,49.0,0.0,0.0
2026-06-06,1,1,1,very_long,6,0.0,3.0,0.0,0.0
2026-06-06,1,1,1,zero,4,0.0,86.0,0.0,0.0
2026-06-06,1,1,2,medium,1,0.0,1.0,0.0,0.0
2026-06-06,1,1,3,long,5,0.0,104.0,0.0,0.0
2026-06-06,1,1,3,medium,22,0.0,862.0,0.0,0.0
2026-06-06,1,1,3,short,3,0.0,14.0,0.0714285714285714,-0.0714285714285714
2026-06-06,1,1,3,very_long,2,0.0,40.0,0.0,0.0
2026-06-06,1,1,3,zero,67,0.0,671.0,0.0,0.0
2026-06-06,1,1,4,medium,70,0.0,419.0,0.0,0.0
2026-06-06,1,1,4,short,1,0.0,13.0,0.0,0.0
2026-06-06,1,1,4,zero,2,0.0,454.0,0.0,0.0
2026-06-06,1,1,5,long,2,0.0,35.0,0.0,0.0
2026-06-06,1,1,5,medium,12,0.0,252.0,0.0,0.0
2026-06-06,1,1,5,short,1,0.0,14.0,0.0,0.0
2026-06-06,1,1,5,very_long,2,0.0,29.0,0.0,0.0
2026-06-06,1,1,5,zero,5,0.0,251.0,0.0,0.0
2026-06-06,1,1,6,long,5,0.0,45.0,0.0,0.0
2026-06-06,1,1,6,medium,4,0.0,147.0,0.0,0.0
2026-06-06,1,1,6,short,1,1.0,31.0,0.0,1.0
2026-06-06,1,1,6,very_long,14,0.0,27.0,0.0,0.0
2026-06-06,1,1,6,zero,3,0.0,296.0,0.0,0.0
2026-06-06,1,1,7,long,5,0.0,56.0,0.0178571428571428,-0.0178571428571428
2026-06-06,1,1,7,medium,7,0.0,206.0,0.0,0.0
2026-06-06,1,1,7,short,2,0.0,21.0,0.0,0.0
2026-06-06,1,1,7,very_long,6,0.0,30.0,0.0,0.0
2026-06-06,1,1,7,zero,3,0.0,377.0,0.0,0.0
2026-06-06,1,1,8,long,22,0.0,67.0,0.0,0.0
2026-06-06,1,1,8,medium,7,0.0,211.0,0.0,0.0
2026-06-06,1,1,8,short,4,0.0,37.0,0.0,0.0
2026-06-06,1,1,8,very_long,7,0.0,20.0,0.0,0.0
2026-06-06,1,1,8,zero,2,0.0,415.0,0.0,0.0
2026-06-06,1,1,9,long,30,0.1,46.0,0.0434782608695652,0.0565217391304347
2026-06-06,1,1,9,medium,17,0.0,159.0,0.0440251572327044,-0.0440251572327044
2026-06-06,1,1,9,short,19,0.0,21.0,0.0952380952380952,-0.0952380952380952
2026-06-06,1,1,9,very_long,10,0.1,21.0,0.0476190476190476,0.0523809523809523
2026-06-06,1,1,9,zero,7,0.1428571428571428,280.0,0.025,0.1178571428571428
2026-06-07,0,0,0,long,1,0.0,62.0,0.0,0.0
2026-06-07,0,0,1,medium,1,0.0,316.0,0.0,0.0
2026-06-07,0,0,1,short,1,0.0,832.0,0.0024038461538461,-0.0024038461538461
2026-06-07,0,0,1,very_long,1,0.0,112.0,0.0,0.0
2026-06-07,0,0,2,medium,1,0.0,13.0,0.0,0.0
2026-06-07,0,0,2,short,1,0.0,43.0,0.0,0.0
2026-06-07,0,0,3,long,1,0.0,54.0,0.0,0.0
2026-06-07,0,0,3,medium,1,0.0,165.0,0.0,0.0
2026-06-07,0,0,3,very_long,2,0.0,56.0,0.0,0.0
2026-06-07,0,0,3,zero,1,0.0,285.0,0.0,0.0
2026-06-07,0,0,4,long,1,0.0,3.0,0.0,0.0
2026-06-07,0,0,5,medium,1,0.0,111.0,0.0,0.0
2026-06-07,0,0,5,short,1,0.0,86.0,0.0,0.0
2026-06-07,0,0,5,very_long,2,0.0,50.0,0.0,0.0
2026-06-07,0,0,5,zero,1,0.0,211.0,0.0,0.0
2026-06-07,0,0,6,short,1,0.0,74.0,0.0,0.0
2026-06-07,0,0,6,very_long,3,0.0,44.0,0.0,0.0
2026-06-07,0,0,7,short,3,0.0,110.0,0.0,0.0
2026-06-07,0,0,8,medium,3,0.0,95.0,0.0,0.0
2026-06-07,0,0,8,short,3,0.0,201.0,0.0,0.0
2026-06-07,0,0,8,very_long,1,0.0,31.0,0.0,0.0
2026-06-07,0,0,9,medium,2,0.0,177.0,0.0056497175141242,-0.0056497175141242
2026-06-07,0,0,9,short,8,0.0,449.0,0.0,0.0
2026-06-07,0,0,9,zero,1,0.0,965.0,0.0031088082901554,-0.0031088082901554
2026-06-07,0,1,0,long,3,0.0,5.0,0.0,0.0
2026-06-07,0,1,0,very_long,2,0.0,47.0,0.0,0.0
2026-06-07,0,1,0,zero,1,0.0,11.0,0.0,0.0
2026-06-07,0,1,1,long,2,0.0,5.0,0.0,0.0
2026-06-07,0,1,1,very_long,11,0.0,28.0,0.0,0.0
2026-06-07,0,1,3,medium,1,0.0,92.0,0.0,0.0
2026-06-07,0,1,3,zero,2,0.0,52.0,0.0,0.0
2026-06-07,0,1,5,long,1,0.0,10.0,0.0,0.0
2026-06-07,0,1,5,very_long,1,0.0,9.0,0.0,0.0
2026-06-07,0,1,6,long,1,0.0,7.0,0.0,0.0
2026-06-07,0,1,6,very_long,2,0.0,6.0,0.0,0.0
2026-06-07,0,1,6,zero,1,0.0,27.0,0.0,0.0
2026-06-07,0,1,7,long,2,0.0,13.0,0.0,0.0
2026-06-07,0,1,7,short,1,0.0,10.0,0.0,0.0
2026-06-07,0,1,7,very_long,1,0.0,10.0,0.0,0.0
2026-06-07,0,1,8,long,1,0.0,10.0,0.0,0.0
2026-06-07,0,1,8,medium,2,0.0,15.0,0.0,0.0
2026-06-07,0,1,8,short,1,0.0,10.0,0.0,0.0
2026-06-07,0,1,8,very_long,2,0.0,9.0,0.0,0.0
2026-06-07,0,1,9,long,2,0.0,6.0,0.0,0.0
2026-06-07,0,1,9,medium,1,0.0,11.0,0.0,0.0
2026-06-07,0,1,9,very_long,7,0.0,16.0,0.0,0.0
2026-06-07,1,0,0,long,1,0.0,10.0,0.0,0.0
2026-06-07,1,0,0,medium,3,0.0,515.0,0.0,0.0
2026-06-07,1,0,0,very_long,3,0.0,20.0,0.0,0.0
2026-06-07,1,0,1,medium,3,0.0,567.0,0.0,0.0
2026-06-07,1,0,1,very_long,2,0.0,19.0,0.0,0.0
2026-06-07,1,0,3,long,6,0.0,22.0,0.0454545454545454,-0.0454545454545454
2026-06-07,1,0,3,medium,1,0.0,655.0,0.0015267175572519,-0.0015267175572519
2026-06-07,1,0,3,short,20,0.0,50.0,0.0,0.0
2026-06-07,1,0,3,very_long,4,0.0,30.0,0.0,0.0
2026-06-07,1,0,3,zero,1,0.0,352.0,0.0085227272727272,-0.0085227272727272
2026-06-07,1,0,4,short,3,0.0,12.0,0.0,0.0
2026-06-07,1,0,5,long,5,0.0,19.0,0.0,0.0
2026-06-07,1,0,5,short,2,0.0,23.0,0.0,0.0
2026-06-07,1,0,5,very_long,1,0.0,20.0,0.0,0.0
2026-06-07,1,0,6,long,4,0.0,42.0,0.0,0.0
2026-06-07,1,0,6,medium,1,0.0,129.0,0.0,0.0
2026-06-07,1,0,6,short,3,0.0,30.0,0.0,0.0
2026-06-07,1,0,6,very_long,2,0.0,27.0,0.0,0.0
2026-06-07,1,0,6,zero,2,0.0,304.0,0.0,0.0
2026-06-07,1,0,7,long,7,0.0,54.0,0.0,0.0
2026-06-07,1,0,7,medium,3,0.0,230.0,0.0,0.0
2026-06-07,1,0,7,short,2,0.0,75.0,0.0,0.0
2026-06-07,1,0,7,very_long,4,0.0,35.0,0.0,0.0
2026-06-07,1,0,8,long,1,0.0,11.0,0.0,0.0
2026-06-07,1,0,8,medium,3,0.0,215.0,0.0,0.0
2026-06-07,1,0,8,very_long,3,0.0,11.0,0.0,0.0
2026-06-07,1,0,8,zero,3,0.0,326.0,0.0,0.0
2026-06-07,1,0,9,medium,8,0.0,350.0,0.02,-0.02
2026-06-07,1,0,9,very_long,2,0.0,17.0,0.0,0.0
2026-06-07,1,0,9,zero,7,0.0,207.0,0.0144927536231884,-0.0144927536231884
2026-06-07,1,1,0,long,2,0.0,18.0,0.0,0.0
2026-06-07,1,1,0,medium,15,0.0,163.0,0.0,0.0
2026-06-07,1,1,0,short,1,0.0,6.0,0.0,0.0
2026-06-07,1,1,0,very_long,1,0.0,14.0,0.0,0.0
2026-06-07,1,1,0,zero,10,0.0,116.0,0.0,0.0
2026-06-07,1,1,1,long,2,0.0,4.0,0.0,0.0
2026-06-07,1,1,1,medium,22,0.0,35.0,0.0,0.0
2026-06-07,1,1,1,very_long,3,0.0,8.0,0.0,0.0
2026-06-07,1,1,1,zero,30,0.0,97.0,0.0,0.0
2026-06-07,1,1,2,medium,2,0.0,2.0,0.0,0.0
2026-06-07,1,1,2,zero,1,0.0,4.0,0.0,0.0
2026-06-07,1,1,3,long,3,0.0,73.0,0.0,0.0
2026-06-07,1,1,3,medium,27,0.0,827.0,0.0,0.0
2026-06-07,1,1,3,short,4,0.0,90.0,0.0,0.0
2026-06-07,1,1,3,very_long,2,0.0,36.0,0.0,0.0
2026-06-07,1,1,3,zero,18,0.0,579.0,0.0,0.0
2026-06-07,1,1,4,long,1,0.0,18.0,0.0,0.0
2026-06-07,1,1,4,medium,46,0.0,451.0,0.0,0.0
2026-06-07,1,1,4,short,6,0.0,30.0,0.0,0.0
2026-06-07,1,1,5,long,2,0.0,36.0,0.0,0.0
2026-06-07,1,1,5,medium,8,0.0,279.0,0.0,0.0
2026-06-07,1,1,5,very_long,5,0.0,27.0,0.0,0.0
2026-06-07,1,1,5,zero,5,0.0,248.0,0.0,0.0
2026-06-07,1,1,6,long,4,0.0,63.0,0.0,0.0
2026-06-07,1,1,6,medium,18,0.0555555555555555,189.0,0.0,0.0555555555555555
2026-06-07,1,1,6,short,3,0.0,23.0,0.0,0.0
2026-06-07,1,1,6,very_long,9,0.0,53.0,0.0,0.0
2026-06-07,1,1,6,zero,6,0.0,307.0,0.0,0.0
2026-06-07,1,1,7,long,10,0.0,81.0,0.0,0.0
2026-06-07,1,1,7,medium,16,0.0,281.0,0.0,0.0
2026-06-07,1,1,7,short,4,0.0,55.0,0.0,0.0
2026-06-07,1,1,7,very_long,12,0.0,37.0,0.0,0.0
2026-06-07,1,1,7,zero,8,0.0,442.0,0.0,0.0
2026-06-07,1,1,8,long,14,0.0,59.0,0.0,0.0
2026-06-07,1,1,8,medium,10,0.0,236.0,0.0,0.0
2026-06-07,1,1,8,short,1,0.0,51.0,0.0,0.0
2026-06-07,1,1,8,very_long,5,0.0,21.0,0.0,0.0
2026-06-07,1,1,8,zero,6,0.0,479.0,0.0,0.0
2026-06-07,1,1,9,long,43,0.1860465116279069,23.0,0.0869565217391304,0.0990899898887765
2026-06-07,1,1,9,medium,34,0.0588235294117647,174.0,0.0344827586206896,0.024340770791075
2026-06-07,1,1,9,short,11,0.0,33.0,0.0303030303030303,-0.0303030303030303
2026-06-07,1,1,9,very_long,13,0.0769230769230769,22.0,0.0,0.0769230769230769
2026-06-07,1,1,9,zero,14,0.0714285714285714,336.0,0.0089285714285714,0.0625
2026-06-08,0,0,0,very_long,1,0.0,142.0,0.0,0.0
2026-06-08,0,0,0,zero,22,0.0,1303.0,0.0030698388334612,-0.0030698388334612
2026-06-08,0,0,1,very_long,2,0.0,132.0,0.0,0.0
2026-06-08,0,0,1,zero,39,0.0,1681.0,0.0023795359904818,-0.0023795359904818
2026-06-08,0,0,2,zero,3,0.0,65.0,0.0,0.0
2026-06-08,0,0,3,short,1,0.0,109.0,0.0,0.0
2026-06-08,0,0,3,very_long,3,0.0,70.0,0.0142857142857142,-0.0142857142857142
2026-06-08,0,0,4,long,1,0.0,5.0,0.0,0.0
2026-06-08,0,0,4,medium,2,0.0,58.0,0.0,0.0
2026-06-08,0,0,4,very_long,1,0.0,3.0,0.0,0.0
2026-06-08,0,0,5,medium,1,0.0,136.0,0.0,0.0
2026-06-08,0,0,5,short,1,0.0,58.0,0.0,0.0
2026-06-08,0,0,5,very_long,1,0.0,39.0,0.0,0.0
2026-06-08,0,0,5,zero,1,0.0,171.0,0.0,0.0
2026-06-08,0,0,6,long,2,0.0,44.0,0.0,0.0
2026-06-08,0,0,6,very_long,1,0.0,65.0,0.0,0.0
2026-06-08,0,0,6,zero,3,0.0,169.0,0.0,0.0
2026-06-08,0,0,7,long,5,0.0,84.0,0.0,0.0
2026-06-08,0,0,7,medium,1,0.0,128.0,0.0,0.0
2026-06-08,0,0,7,short,2,0.0,90.0,0.0,0.0
2026-06-08,0,0,7,very_long,1,0.0,65.0,0.0,0.0
2026-06-08,0,0,7,zero,4,0.0,297.0,0.0,0.0
2026-06-08,0,0,8,medium,2,0.0,98.0,0.0,0.0
2026-06-08,0,0,8,short,2,0.0,167.0,0.0,0.0
2026-06-08,0,0,8,zero,11,0.0,438.0,0.0,0.0
2026-06-08,0,0,9,short,2,0.0,330.0,0.003030303030303,-0.003030303030303
2026-06-08,0,0,9,very_long,1,0.0,80.0,0.0,0.0
2026-06-08,0,0,9,zero,25,0.0,877.0,0.0034207525655644,-0.0034207525655644
2026-06-08,0,1,0,long,2,0.0,8.0,0.125,-0.125
2026-06-08,0,1,0,very_long,2,0.0,15.0,0.0,0.0
2026-06-08,0,1,1,long,4,0.0,8.0,0.0,0.0
2026-06-08,0,1,1,very_long,7,0.0,9.0,0.0,0.0
2026-06-08,0,1,1,zero,1,0.0,15.0,0.0,0.0
2026-06-08,0,1,3,long,1,0.0,39.0,0.0,0.0
2026-06-08,0,1,3,medium,3,0.0,43.0,0.0,0.0
2026-06-08,0,1,3,short,1,0.0,14.0,0.0,0.0
2026-06-08,0,1,4,zero,1,0.0,28.0,0.0,0.0
2026-06-08,0,1,5,zero,1,0.0,60.0,0.0,0.0
2026-06-08,0,1,6,long,1,0.0,8.0,0.0,0.0
2026-06-08,0,1,6,short,1,0.0,13.0,0.0,0.0
2026-06-08,0,1,6,very_long,11,0.0,9.0,0.0,0.0
2026-06-08,0,1,6,zero,1,0.0,46.0,0.0,0.0
2026-06-08,0,1,7,long,2,0.0,16.0,0.0,0.0
2026-06-08,0,1,7,medium,1,0.0,31.0,0.0,0.0
2026-06-08,0,1,7,very_long,6,0.0,7.0,0.0,0.0
2026-06-08,0,1,7,zero,2,0.0,54.0,0.0,0.0
2026-06-08,0,1,8,short,2,0.0,12.0,0.0,0.0
2026-06-08,0,1,8,very_long,42,0.0,5.0,0.0,0.0
2026-06-08,0,1,9,long,1,0.0,4.0,0.0,0.0
2026-06-08,0,1,9,medium,1,0.0,14.0,0.0714285714285714,-0.0714285714285714
2026-06-08,0,1,9,very_long,8,0.0,7.0,0.1428571428571428,-0.1428571428571428
2026-06-08,1,0,0,long,1,0.0,11.0,0.0,0.0
2026-06-08,1,0,0,short,1,0.0,26.0,0.0,0.0
2026-06-08,1,0,0,very_long,3,0.0,17.0,0.0,0.0
2026-06-08,1,0,0,zero,8,0.0,240.0,0.0,0.0
2026-06-08,1,0,1,zero,10,0.0,56.0,0.0,0.0
2026-06-08,1,0,2,zero,3,0.0,3.0,0.0,0.0
2026-06-08,1,0,3,long,3,0.0,58.0,0.0,0.0
2026-06-08,1,0,3,medium,3,0.0,984.0,0.0010162601626016,-0.0010162601626016
2026-06-08,1,0,3,short,18,0.0,60.0,0.0166666666666666,-0.0166666666666666
2026-06-08,1,0,3,very_long,5,0.0,33.0,0.0,0.0
2026-06-08,1,0,4,short,1,0.0,27.0,0.0,0.0
2026-06-08,1,0,4,zero,2,0.0,467.0,0.0,0.0
2026-06-08,1,0,5,long,1,0.0,34.0,0.0,0.0
2026-06-08,1,0,5,short,4,0.0,40.0,0.0,0.0
2026-06-08,1,0,5,very_long,3,0.0,22.0,0.0,0.0
2026-06-08,1,0,6,medium,3,0.0,196.0,0.0,0.0
2026-06-08,1,0,6,short,3,0.0,59.0,0.0,0.0
2026-06-08,1,0,6,very_long,3,0.0,38.0,0.0,0.0
2026-06-08,1,0,6,zero,1,0.0,420.0,0.0,0.0
2026-06-08,1,0,7,long,2,0.0,82.0,0.0,0.0
2026-06-08,1,0,7,medium,3,0.0,304.0,0.0,0.0
2026-06-08,1,0,7,very_long,7,0.0,51.0,0.0,0.0
2026-06-08,1,0,7,zero,4,0.0,719.0,0.0,0.0
2026-06-08,1,0,8,long,4,0.0,26.0,0.0,0.0
2026-06-08,1,0,8,medium,3,0.0,221.0,0.004524886877828,-0.004524886877828
2026-06-08,1,0,8,short,1,0.0,50.0,0.0,0.0
2026-06-08,1,0,8,very_long,1,0.0,18.0,0.0,0.0
2026-06-08,1,0,8,zero,4,0.0,481.0,0.0,0.0
2026-06-08,1,0,9,long,2,0.0,18.0,0.1111111111111111,-0.1111111111111111
2026-06-08,1,0,9,medium,3,0.0,192.0,0.0260416666666666,-0.0260416666666666
2026-06-08,1,0,9,zero,6,0.0,232.0,0.0172413793103448,-0.0172413793103448
2026-06-08,1,1,0,long,6,0.0,32.0,0.0,0.0
2026-06-08,1,1,0,medium,3,0.0,122.0,0.0,0.0
2026-06-08,1,1,0,zero,11,0.0,237.0,0.0,0.0
2026-06-08,1,1,1,short,2,0.0,5.0,0.0,0.0
2026-06-08,1,1,1,very_long,3,0.0,3.0,0.0,0.0
2026-06-08,1,1,1,zero,10,0.0,43.0,0.0,0.0
2026-06-08,1,1,3,long,3,0.6666666666666666,178.0,0.0056179775280898,0.6610486891385767
2026-06-08,1,1,3,medium,27,0.037037037037037,861.0,0.0,0.037037037037037
2026-06-08,1,1,3,short,2,0.0,100.0,0.0,0.0
2026-06-08,1,1,3,very_long,11,0.0909090909090909,40.0,0.0,0.0909090909090909
2026-06-08,1,1,3,zero,28,0.0,753.0,0.0,0.0
2026-06-08,1,1,4,long,2,0.0,69.0,0.0,0.0
2026-06-08,1,1,4,medium,11,0.0,530.0,0.0,0.0
2026-06-08,1,1,4,short,4,0.0,15.0,0.0,0.0
2026-06-08,1,1,5,long,2,0.0,99.0,0.0,0.0
2026-06-08,1,1,5,medium,7,0.0,452.0,0.0,0.0
2026-06-08,1,1,5,short,7,0.0,47.0,0.0,0.0
2026-06-08,1,1,5,very_long,9,0.0,47.0,0.0,0.0
2026-06-08,1,1,5,zero,6,0.0,525.0,0.0,0.0
2026-06-08,1,1,6,long,12,0.0,87.0,0.0,0.0
2026-06-08,1,1,6,medium,7,0.0,236.0,0.0,0.0
2026-06-08,1,1,6,short,5,0.0,36.0,0.0,0.0
2026-06-08,1,1,6,very_long,6,0.0,48.0,0.0,0.0
2026-06-08,1,1,6,zero,8,0.0,368.0,0.0,0.0
2026-06-08,1,1,7,long,16,0.0,169.0,0.0,0.0
2026-06-08,1,1,7,medium,9,0.1111111111111111,387.0,0.0,0.1111111111111111
2026-06-08,1,1,7,short,6,0.0,83.0,0.0,0.0
2026-06-08,1,1,7,very_long,8,0.0,52.0,0.0,0.0
2026-06-08,1,1,7,zero,7,0.0,635.0,0.0,0.0
2026-06-08,1,1,8,long,31,0.0,103.0,0.0,0.0
2026-06-08,1,1,8,medium,13,0.0,310.0,0.0,0.0
2026-06-08,1,1,8,short,9,0.0,49.0,0.0,0.0
2026-06-08,1,1,8,very_long,11,0.0,32.0,0.0,0.0
2026-06-08,1,1,8,zero,2,0.0,599.0,0.0,0.0
2026-06-08,1,1,9,long,42,0.0952380952380952,65.0,0.1076923076923077,-0.0124542124542124
2026-06-08,1,1,9,medium,33,0.0909090909090909,174.0,0.0344827586206896,0.0564263322884012
2026-06-08,1,1,9,short,8,0.0,47.0,0.0425531914893617,-0.0425531914893617
2026-06-08,1,1,9,very_long,7,0.1428571428571428,23.0,0.0434782608695652,0.0993788819875776
2026-06-08,1,1,9,zero,14,0.0714285714285714,327.0,0.0122324159021406,0.0591961555264307
2026-06-09,0,0,0,long,2,0.0,53.0,0.0,0.0
2026-06-09,0,0,0,short,2,0.0,400.0,0.0025,-0.0025
2026-06-09,0,0,0,very_long,1,0.0,106.0,0.0,0.0
2026-06-09,0,0,0,zero,3,0.0,1198.0,0.0,0.0
2026-06-09,0,0,1,medium,1,0.0,304.0,0.0,0.0
2026-06-09,0,0,1,short,1,0.0,433.0,0.0,0.0
2026-06-09,0,0,1,zero,1,0.0,1180.0,0.0025423728813559,-0.0025423728813559
2026-06-09,0,0,3,long,3,0.0,55.0,0.0,0.0
2026-06-09,0,0,3,medium,1,0.0,124.0,0.0080645161290322,-0.0080645161290322
2026-06-09,0,0,3,short,1,0.0,79.0,0.0,0.0
2026-06-09,0,0,3,very_long,2,0.0,67.0,0.0149253731343283,-0.0149253731343283
2026-06-09,0,0,5,long,1,0.0,40.0,0.0,0.0
2026-06-09,0,0,5,short,1,0.0,46.0,0.0,0.0
2026-06-09,0,0,6,long,1,0.0,49.0,0.0,0.0
2026-06-09,0,0,6,medium,1,0.0,73.0,0.0136986301369863,-0.0136986301369863
2026-06-09,0,0,6,very_long,1,0.0,29.0,0.0,0.0
2026-06-09,0,0,7,medium,1,0.0,106.0,0.0,0.0
2026-06-09,0,0,7,very_long,2,0.0,35.0,0.0,0.0
2026-06-09,0,0,7,zero,2,0.0,181.0,0.0,0.0
2026-06-09,0,0,8,medium,2,0.0,92.0,0.0,0.0
2026-06-09,0,0,8,zero,2,0.0,338.0,0.0029585798816568,-0.0029585798816568
2026-06-09,0,0,9,short,7,0.0,259.0,0.0038610038610038,-0.0038610038610038
2026-06-09,0,0,9,zero,4,0.0,718.0,0.0013927576601671,-0.0013927576601671
2026-06-09,0,1,0,medium,1,0.0,55.0,0.0,0.0
2026-06-09,0,1,0,short,1,0.0,2.0,0.0,0.0
2026-06-09,0,1,1,long,2,0.0,3.0,0.0,0.0
2026-06-09,0,1,1,short,1,0.0,4.0,0.0,0.0
2026-06-09,0,1,3,very_long,1,0.0,6.0,0.0,0.0
2026-06-09,0,1,6,very_long,3,0.0,4.0,0.0,0.0
2026-06-09,0,1,7,medium,1,0.0,9.0,0.0,0.0
2026-06-09,0,1,7,very_long,5,0.0,11.0,0.0,0.0
2026-06-09,0,1,8,short,1,0.0,1.0,0.0,0.0
2026-06-09,0,1,8,very_long,23,0.0,3.0,0.0,0.0
2026-06-09,0,1,9,long,4,0.0,2.0,0.0,0.0
2026-06-09,0,1,9,short,1,0.0,4.0,0.0,0.0
2026-06-09,0,1,9,very_long,9,0.0,3.0,0.0,0.0
2026-06-09,1,0,0,long,2,0.0,20.0,0.0,0.0
2026-06-09,1,0,0,medium,1,0.0,197.0,0.0,0.0
2026-06-09,1,0,0,very_long,3,0.0,14.0,0.0,0.0
2026-06-09,1,0,0,zero,4,0.0,639.0,0.0,0.0
2026-06-09,1,0,1,long,1,0.0,2.0,0.0,0.0
2026-06-09,1,0,1,zero,1,0.0,26.0,0.0384615384615384,-0.0384615384615384
2026-06-09,1,0,3,long,6,0.0,23.0,0.0,0.0
2026-06-09,1,0,3,medium,5,0.0,630.0,0.0015873015873015,-0.0015873015873015
2026-06-09,1,0,3,short,13,0.0,46.0,0.0,0.0
2026-06-09,1,0,3,very_long,10,0.0,18.0,0.0,0.0
2026-06-09,1,0,4,medium,17,0.0,125.0,0.0,0.0
2026-06-09,1,0,5,long,2,0.0,21.0,0.0,0.0
2026-06-09,1,0,5,medium,9,0.0,210.0,0.0,0.0
2026-06-09,1,0,5,short,2,0.0,49.0,0.0,0.0
2026-06-09,1,0,5,very_long,2,0.0,7.0,0.0,0.0
2026-06-09,1,0,6,long,4,0.0,34.0,0.0,0.0
2026-06-09,1,0,6,medium,3,0.0,102.0,0.0,0.0
2026-06-09,1,0,6,short,1,0.0,42.0,0.0,0.0
2026-06-09,1,0,6,very_long,4,0.0,15.0,0.0,0.0
2026-06-09,1,0,7,long,4,0.0,29.0,0.0,0.0
2026-06-09,1,0,7,medium,8,0.0,143.0,0.0,0.0
2026-06-09,1,0,7,very_long,6,0.0,21.0,0.0,0.0
2026-06-09,1,0,7,zero,4,0.0,359.0,0.0,0.0
2026-06-09,1,0,8,medium,2,0.0,77.0,0.0,0.0
2026-06-09,1,0,8,very_long,2,0.0,8.0,0.0,0.0
2026-06-09,1,0,8,zero,1,0.0,231.0,0.0,0.0
2026-06-09,1,0,9,long,3,0.0,7.0,0.0,0.0
2026-06-09,1,0,9,medium,2,0.0,57.0,0.0701754385964912,-0.0701754385964912
2026-06-09,1,0,9,zero,8,0.0,149.0,0.0201342281879194,-0.0201342281879194
2026-06-09,1,1,0,long,1,0.0,43.0,0.0,0.0
2026-06-09,1,1,0,medium,3,0.0,276.0,0.0,0.0
2026-06-09,1,1,0,short,2,0.0,44.0,0.0,0.0
2026-06-09,1,1,0,very_long,4,0.0,16.0,0.0,0.0
2026-06-09,1,1,0,zero,3,0.0,807.0,0.0,0.0
2026-06-09,1,1,1,long,2,0.5,5.0,0.0,0.5
2026-06-09,1,1,1,medium,2,0.0,31.0,0.0,0.0
2026-06-09,1,1,1,short,3,0.0,2.0,0.0,0.0
2026-06-09,1,1,1,zero,3,0.0,27.0,0.0,0.0
2026-06-09,1,1,3,long,6,0.1666666666666666,67.0,0.0149253731343283,0.1517412935323383
2026-06-09,1,1,3,medium,29,0.0344827586206896,1094.0,0.0,0.0344827586206896
2026-06-09,1,1,3,short,9,0.0,86.0,0.0,0.0
2026-06-09,1,1,3,very_long,3,0.3333333333333333,14.0,0.0,0.3333333333333333
2026-06-09,1,1,3,zero,9,0.0,420.0,0.0023809523809523,-0.0023809523809523
2026-06-09,1,1,4,long,1,0.0,16.0,0.0,0.0
2026-06-09,1,1,4,short,1,0.0,52.0,0.0,0.0
2026-06-09,1,1,4,zero,4,0.0,410.0,0.0,0.0
2026-06-09,1,1,5,long,8,0.0,36.0,0.0,0.0
2026-06-09,1,1,5,medium,19,0.0,413.0,0.0,0.0
2026-06-09,1,1,5,very_long,6,0.0,22.0,0.0,0.0
2026-06-09,1,1,5,zero,7,0.0,323.0,0.0,0.0
2026-06-09,1,1,6,long,8,0.125,47.0,0.0,0.125
2026-06-09,1,1,6,medium,7,0.0,131.0,0.0,0.0
2026-06-09,1,1,6,very_long,5,0.0,27.0,0.0,0.0
2026-06-09,1,1,6,zero,3,0.0,190.0,0.0,0.0
2026-06-09,1,1,7,long,5,0.0,105.0,0.0,0.0
2026-06-09,1,1,7,medium,12,0.0,215.0,0.0,0.0
2026-06-09,1,1,7,short,3,0.0,37.0,0.0,0.0
2026-06-09,1,1,7,very_long,7,0.0,23.0,0.0,0.0
2026-06-09,1,1,8,long,16,0.0,38.0,0.0,0.0
2026-06-09,1,1,8,medium,9,0.0,159.0,0.0,0.0
2026-06-09,1,1,8,short,5,0.0,16.0,0.0,0.0
2026-06-09,1,1,8,very_long,3,0.0,10.0,0.0,0.0
2026-06-09,1,1,8,zero,3,0.0,270.0,0.0,0.0
2026-06-09,1,1,9,long,28,0.0714285714285714,30.0,0.0666666666666666,0.0047619047619047
2026-06-09,1,1,9,medium,21,0.1904761904761904,105.0,0.0285714285714285,0.1619047619047618
2026-06-09,1,1,9,short,2,0.0,26.0,0.0384615384615384,-0.0384615384615384
2026-06-09,1,1,9,very_long,5,0.2,17.0,0.0588235294117647,0.1411764705882353
2026-06-09,1,1,9,zero,4,0.0,146.0,0.0068493150684931,-0.0068493150684931
2026-06-10,1,1,9,long,3,1.0,5.0,1.0,0.0
2026-06-10,1,1,9,zero,2,1.0,1.0,1.0,0.0
