launch_day,has_twitter,has_website,market_cap_decile,description_bin,treated_n,treated_graduation_mean,control_n,control_graduation_mean,att_cell
2026-05-08,0,0,0,long,1,0.0,17.0,0.0,0.0
2026-05-08,0,0,1,very_long,2,0.0,17.0,0.0,0.0
2026-05-08,0,0,2,long,1,0.0,13.0,0.0,0.0
2026-05-08,0,0,2,medium,1,0.0,78.0,0.0,0.0
2026-05-08,0,0,2,very_long,2,0.0,24.0,0.0,0.0
2026-05-08,0,0,2,zero,3,0.0,89.0,0.0,0.0
2026-05-08,0,0,3,zero,1,0.0,25.0,0.0,0.0
2026-05-08,0,0,6,long,1,0.0,13.0,0.0,0.0
2026-05-08,0,0,6,medium,1,0.0,37.0,0.0,0.0
2026-05-08,0,0,7,zero,1,0.0,54.0,0.0,0.0
2026-05-08,0,0,8,long,1,0.0,2.0,0.0,0.0
2026-05-08,0,0,8,medium,1,0.0,23.0,0.0,0.0
2026-05-08,0,0,9,short,1,0.0,45.0,0.0,0.0
2026-05-08,0,0,9,zero,1,0.0,157.0,0.0,0.0
2026-05-08,0,1,0,medium,1,0.0,1.0,0.0,0.0
2026-05-08,0,1,6,medium,1,0.0,17.0,0.0,0.0
2026-05-08,0,1,7,medium,1,0.0,8.0,0.0,0.0
2026-05-08,0,1,7,very_long,1,0.0,5.0,0.0,0.0
2026-05-08,0,1,9,medium,3,0.0,2.0,0.0,0.0
2026-05-08,1,0,0,short,2,0.0,33.0,0.0,0.0
2026-05-08,1,0,1,zero,1,0.0,31.0,0.0,0.0
2026-05-08,1,0,4,long,1,0.0,1.0,0.0,0.0
2026-05-08,1,0,4,short,1,0.0,10.0,0.0,0.0
2026-05-08,1,0,5,very_long,1,0.0,8.0,0.0,0.0
2026-05-08,1,0,6,medium,1,0.0,212.0,0.0,0.0
2026-05-08,1,0,6,very_long,1,0.0,11.0,0.0,0.0
2026-05-08,1,0,7,long,1,0.0,12.0,0.0,0.0
2026-05-08,1,0,7,zero,1,0.0,80.0,0.0,0.0
2026-05-08,1,0,8,medium,1,0.0,70.0,0.0,0.0
2026-05-08,1,0,9,medium,1,0.0,40.0,0.0,0.0
2026-05-08,1,0,9,zero,1,0.0,84.0,0.0,0.0
2026-05-08,1,1,0,medium,1,0.0,30.0,0.0,0.0
2026-05-08,1,1,0,zero,2,0.0,20.0,0.0,0.0
2026-05-08,1,1,1,long,5,0.0,3.0,0.0,0.0
2026-05-08,1,1,1,medium,1,0.0,43.0,0.0,0.0
2026-05-08,1,1,2,short,2,0.0,13.0,0.0,0.0
2026-05-08,1,1,2,very_long,1,0.0,11.0,0.0,0.0
2026-05-08,1,1,2,zero,1,0.0,83.0,0.0,0.0
2026-05-08,1,1,3,short,1,0.0,3.0,0.0,0.0
2026-05-08,1,1,5,long,1,0.0,22.0,0.0,0.0
2026-05-08,1,1,5,medium,1,0.0,127.0,0.0,0.0
2026-05-08,1,1,5,short,2,0.0,27.0,0.0,0.0
2026-05-08,1,1,5,zero,3,0.0,151.0,0.0,0.0
2026-05-08,1,1,6,long,3,0.0,16.0,0.0,0.0
2026-05-08,1,1,6,medium,3,0.0,119.0,0.0,0.0
2026-05-08,1,1,6,short,3,0.0,15.0,0.0,0.0
2026-05-08,1,1,6,very_long,3,0.0,12.0,0.0,0.0
2026-05-08,1,1,6,zero,2,0.0,169.0,0.0,0.0
2026-05-08,1,1,7,long,1,0.0,30.0,0.0,0.0
2026-05-08,1,1,7,medium,5,0.0,81.0,0.0,0.0
2026-05-08,1,1,7,short,2,0.0,8.0,0.0,0.0
2026-05-08,1,1,7,very_long,1,0.0,9.0,0.0,0.0
2026-05-08,1,1,8,long,3,0.0,12.0,0.0,0.0
2026-05-08,1,1,8,medium,1,0.0,78.0,0.0,0.0
2026-05-08,1,1,8,very_long,1,0.0,5.0,0.0,0.0
2026-05-08,1,1,8,zero,1,0.0,81.0,0.0,0.0
2026-05-08,1,1,9,long,1,0.0,13.0,0.0,0.0
2026-05-08,1,1,9,medium,4,0.0,66.0,0.0,0.0
2026-05-08,1,1,9,short,1,0.0,15.0,0.0,0.0
2026-05-08,1,1,9,very_long,2,0.0,14.0,0.0,0.0
2026-05-08,1,1,9,zero,1,0.0,67.0,0.0,0.0
2026-05-09,0,0,0,long,1,0.0,91.0,0.0,0.0
2026-05-09,0,0,0,very_long,1,0.0,98.0,0.0,0.0
2026-05-09,0,0,0,zero,1,0.0,1333.0,0.0,0.0
2026-05-09,0,0,1,long,1,0.0,62.0,0.0,0.0
2026-05-09,0,0,2,medium,1,0.0,123.0,0.0,0.0
2026-05-09,0,0,2,very_long,1,0.0,40.0,0.0,0.0
2026-05-09,0,0,2,zero,2,0.0,236.0,0.0,0.0
2026-05-09,0,0,3,short,1,0.0,26.0,0.0,0.0
2026-05-09,0,0,3,zero,2,0.0,86.0,0.0,0.0
2026-05-09,0,0,5,long,3,0.0,47.0,0.0,0.0
2026-05-09,0,0,5,medium,1,0.0,111.0,0.0,0.0
2026-05-09,0,0,5,short,3,0.0,108.0,0.0,0.0
2026-05-09,0,0,6,long,2,0.0,33.0,0.0,0.0
2026-05-09,0,0,6,medium,2,0.0,115.0,0.0,0.0
2026-05-09,0,0,6,short,2,0.0,72.0,0.0,0.0
2026-05-09,0,0,6,zero,4,0.0,134.0,0.0,0.0
2026-05-09,0,0,7,long,1,0.0,45.0,0.0,0.0
2026-05-09,0,0,7,short,1,0.0,65.0,0.0,0.0
2026-05-09,0,0,7,very_long,5,0.0,51.0,0.0,0.0
2026-05-09,0,0,8,medium,1,0.0,66.0,0.0,0.0
2026-05-09,0,0,8,short,2,0.0,50.0,0.0,0.0
2026-05-09,0,0,9,short,6,0.0,176.0,0.0,0.0
2026-05-09,0,0,9,very_long,2,0.0,28.0,0.0,0.0
2026-05-09,0,0,9,zero,19,0.0,500.0,0.0,0.0
2026-05-09,0,1,2,long,3,0.0,5.0,0.0,0.0
2026-05-09,0,1,2,zero,1,0.0,15.0,0.0,0.0
2026-05-09,0,1,4,long,1,0.0,2.0,0.0,0.0
2026-05-09,0,1,5,long,1,0.0,4.0,0.0,0.0
2026-05-09,0,1,5,medium,1,0.0,39.0,0.0,0.0
2026-05-09,0,1,6,long,1,0.0,4.0,0.0,0.0
2026-05-09,0,1,7,long,1,0.0,10.0,0.0,0.0
2026-05-09,0,1,7,very_long,2,0.0,19.0,0.0,0.0
2026-05-09,1,0,0,long,2,0.0,28.0,0.0,0.0
2026-05-09,1,0,0,short,2,0.0,94.0,0.0,0.0
2026-05-09,1,0,0,very_long,1,0.0,6.0,0.0,0.0
2026-05-09,1,0,0,zero,2,0.0,106.0,0.0,0.0
2026-05-09,1,0,1,medium,1,0.0,94.0,0.0,0.0
2026-05-09,1,0,1,short,1,0.0,65.0,0.0,0.0
2026-05-09,1,0,1,very_long,1,0.0,1.0,0.0,0.0
2026-05-09,1,0,1,zero,1,0.0,89.0,0.0,0.0
2026-05-09,1,0,2,long,2,0.0,19.0,0.0,0.0
2026-05-09,1,0,2,very_long,2,0.0,13.0,0.0,0.0
2026-05-09,1,0,3,short,1,0.0,14.0,0.0,0.0
2026-05-09,1,0,4,zero,2,0.0,269.0,0.0,0.0
2026-05-09,1,0,5,medium,4,0.0,554.0,0.0,0.0
2026-05-09,1,0,5,zero,1,0.0,596.0,0.0,0.0
2026-05-09,1,0,6,long,4,0.0,22.0,0.0,0.0
2026-05-09,1,0,6,medium,2,0.0,426.0,0.0,0.0
2026-05-09,1,0,6,short,1,0.0,81.0,0.0,0.0
2026-05-09,1,0,6,very_long,3,0.0,17.0,0.0,0.0
2026-05-09,1,0,6,zero,2,0.0,525.0,0.0,0.0
2026-05-09,1,0,7,long,9,0.0,38.0,0.0,0.0
2026-05-09,1,0,7,medium,2,0.0,269.0,0.0,0.0
2026-05-09,1,0,7,short,2,0.0,48.0,0.0,0.0
2026-05-09,1,0,7,very_long,3,0.0,16.0,0.0,0.0
2026-05-09,1,0,7,zero,1,0.0,275.0,0.0,0.0
2026-05-09,1,0,8,long,1,0.0,15.0,0.0,0.0
2026-05-09,1,0,8,medium,1,0.0,188.0,0.0,0.0
2026-05-09,1,0,8,short,3,0.0,45.0,0.0,0.0
2026-05-09,1,0,8,very_long,3,0.0,7.0,0.0,0.0
2026-05-09,1,0,8,zero,1,0.0,220.0,0.0,0.0
2026-05-09,1,0,9,long,1,0.0,24.0,0.0,0.0
2026-05-09,1,0,9,medium,4,0.0,152.0,0.006578947368421052,-0.006578947368421052
2026-05-09,1,0,9,zero,3,0.0,168.0,0.005952380952380952,-0.005952380952380952
2026-05-09,1,1,0,medium,1,0.0,100.0,0.0,0.0
2026-05-09,1,1,0,very_long,1,0.0,11.0,0.0,0.0
2026-05-09,1,1,0,zero,7,0.0,77.0,0.0,0.0
2026-05-09,1,1,1,medium,1,0.0,61.0,0.0,0.0
2026-05-09,1,1,1,zero,2,0.0,50.0,0.0,0.0
2026-05-09,1,1,2,long,1,0.0,11.0,0.0,0.0
2026-05-09,1,1,2,medium,4,0.0,713.0,0.0,0.0
2026-05-09,1,1,2,short,4,0.0,16.0,0.0,0.0
2026-05-09,1,1,2,very_long,3,0.0,12.0,0.0,0.0
2026-05-09,1,1,2,zero,2,0.0,263.0,0.0,0.0
2026-05-09,1,1,3,medium,5,0.0,391.0,0.0,0.0
2026-05-09,1,1,3,short,1,0.0,10.0,0.0,0.0
2026-05-09,1,1,3,zero,11,0.0,231.0,0.0,0.0
2026-05-09,1,1,4,medium,3,0.0,342.0,0.0,0.0
2026-05-09,1,1,4,short,1,0.0,35.0,0.0,0.0
2026-05-09,1,1,4,zero,3,0.0,214.0,0.0,0.0
2026-05-09,1,1,5,long,3,0.0,44.0,0.0,0.0
2026-05-09,1,1,5,medium,4,0.25,673.0,0.0,0.25
2026-05-09,1,1,5,short,6,0.0,67.0,0.0,0.0
2026-05-09,1,1,5,very_long,3,0.0,16.0,0.0,0.0
2026-05-09,1,1,5,zero,16,0.0,533.0,0.0,0.0
2026-05-09,1,1,6,long,9,0.0,39.0,0.0,0.0
2026-05-09,1,1,6,medium,6,0.0,420.0,0.0,0.0
2026-05-09,1,1,6,short,9,0.0,50.0,0.0,0.0
2026-05-09,1,1,6,very_long,3,0.0,16.0,0.0,0.0
2026-05-09,1,1,6,zero,3,0.0,359.0,0.0,0.0
2026-05-09,1,1,7,long,9,0.0,48.0,0.0,0.0
2026-05-09,1,1,7,medium,8,0.0,314.0,0.0,0.0
2026-05-09,1,1,7,short,2,0.0,36.0,0.0,0.0
2026-05-09,1,1,7,very_long,12,0.0,27.0,0.0,0.0
2026-05-09,1,1,7,zero,4,0.0,248.0,0.0,0.0
2026-05-09,1,1,8,long,6,0.0,45.0,0.0,0.0
2026-05-09,1,1,8,medium,3,0.0,262.0,0.0,0.0
2026-05-09,1,1,8,short,1,0.0,34.0,0.0,0.0
2026-05-09,1,1,8,very_long,5,0.0,13.0,0.0,0.0
2026-05-09,1,1,8,zero,3,0.0,260.0,0.0,0.0
2026-05-09,1,1,9,long,1,0.0,22.0,0.0,0.0
2026-05-09,1,1,9,medium,11,0.0,220.0,0.004545454545454545,-0.004545454545454545
2026-05-09,1,1,9,short,5,0.0,41.0,0.0,0.0
2026-05-09,1,1,9,very_long,5,0.0,20.0,0.0,0.0
2026-05-09,1,1,9,zero,3,0.0,232.0,0.0,0.0
2026-05-10,0,0,0,long,1,0.0,44.0,0.0,0.0
2026-05-10,0,0,0,very_long,2,0.0,100.0,0.0,0.0
2026-05-10,0,0,0,zero,4,0.0,1020.0,0.0,0.0
2026-05-10,0,0,1,zero,6,0.0,777.0,0.0,0.0
2026-05-10,0,0,2,long,1,0.0,40.0,0.0,0.0
2026-05-10,0,0,2,medium,3,0.0,160.0,0.00625,-0.00625
2026-05-10,0,0,2,zero,2,0.0,207.0,0.0,0.0
2026-05-10,0,0,3,zero,1,0.0,119.0,0.0,0.0
2026-05-10,0,0,5,medium,5,0.0,120.0,0.0,0.0
2026-05-10,0,0,5,very_long,1,0.0,39.0,0.0,0.0
2026-05-10,0,0,5,zero,2,0.0,135.0,0.0,0.0
2026-05-10,0,0,6,long,3,0.0,23.0,0.0,0.0
2026-05-10,0,0,6,medium,3,0.0,107.0,0.0,0.0
2026-05-10,0,0,6,very_long,1,0.0,40.0,0.0,0.0
2026-05-10,0,0,7,long,1,0.0,31.0,0.0,0.0
2026-05-10,0,0,7,medium,5,0.0,95.0,0.0,0.0
2026-05-10,0,0,7,zero,1,0.0,123.0,0.0,0.0
2026-05-10,0,0,9,short,3,0.0,194.0,0.0,0.0
2026-05-10,0,0,9,zero,24,0.0,482.0,0.0,0.0
2026-05-10,0,1,0,medium,3,0.0,38.0,0.0,0.0
2026-05-10,0,1,1,long,2,0.0,1.0,0.0,0.0
2026-05-10,0,1,1,medium,3,0.0,34.0,0.0,0.0
2026-05-10,0,1,1,zero,1,0.0,15.0,0.0,0.0
2026-05-10,0,1,2,medium,1,0.0,75.0,0.0,0.0
2026-05-10,0,1,2,very_long,2,0.0,9.0,0.0,0.0
2026-05-10,0,1,3,short,1,0.0,4.0,0.0,0.0
2026-05-10,0,1,6,long,1,0.0,3.0,0.0,0.0
2026-05-10,0,1,7,short,1,0.0,15.0,0.0,0.0
2026-05-10,0,1,7,very_long,2,0.0,5.0,0.0,0.0
2026-05-10,0,1,7,zero,1,0.0,39.0,0.0,0.0
2026-05-10,0,1,8,long,2,0.0,2.0,0.0,0.0
2026-05-10,0,1,8,medium,1,0.0,19.0,0.0,0.0
2026-05-10,0,1,8,very_long,1,0.0,3.0,0.0,0.0
2026-05-10,0,1,9,medium,2,0.0,17.0,0.0,0.0
2026-05-10,0,1,9,very_long,1,0.0,1.0,0.0,0.0
2026-05-10,0,1,9,zero,1,0.0,29.0,0.034482758620689655,-0.034482758620689655
2026-05-10,1,0,0,long,2,0.0,15.0,0.0,0.0
2026-05-10,1,0,0,medium,1,0.0,98.0,0.0,0.0
2026-05-10,1,0,0,very_long,2,0.0,20.0,0.0,0.0
2026-05-10,1,0,0,zero,24,0.0,103.0,0.0,0.0
2026-05-10,1,0,1,zero,11,0.0,72.0,0.0,0.0
2026-05-10,1,0,2,very_long,1,0.0,19.0,0.0,0.0
2026-05-10,1,0,2,zero,2,0.0,781.0,0.0,0.0
2026-05-10,1,0,5,long,1,0.0,28.0,0.0,0.0
2026-05-10,1,0,5,medium,1,0.0,470.0,0.0,0.0
2026-05-10,1,0,5,short,1,0.0,79.0,0.0,0.0
2026-05-10,1,0,5,very_long,2,0.0,18.0,0.0,0.0
2026-05-10,1,0,5,zero,1,0.0,452.0,0.0,0.0
2026-05-10,1,0,6,long,1,0.0,21.0,0.0,0.0
2026-05-10,1,0,6,very_long,4,0.0,20.0,0.0,0.0
2026-05-10,1,0,6,zero,1,0.0,414.0,0.0,0.0
2026-05-10,1,0,7,long,5,0.0,33.0,0.0,0.0
2026-05-10,1,0,7,medium,7,0.0,326.0,0.0,0.0
2026-05-10,1,0,7,very_long,4,0.0,16.0,0.0,0.0
2026-05-10,1,0,8,long,3,0.0,18.0,0.0,0.0
2026-05-10,1,0,8,medium,1,0.0,151.0,0.0,0.0
2026-05-10,1,0,8,zero,5,0.0,192.0,0.0,0.0
2026-05-10,1,0,9,long,4,0.0,11.0,0.0,0.0
2026-05-10,1,0,9,medium,1,0.0,136.0,0.0,0.0
2026-05-10,1,0,9,very_long,1,0.0,16.0,0.0,0.0
2026-05-10,1,0,9,zero,7,0.0,149.0,0.013422818791946308,-0.013422818791946308
2026-05-10,1,1,0,long,1,0.0,11.0,0.0,0.0
2026-05-10,1,1,0,medium,15,0.0,31.0,0.0,0.0
2026-05-10,1,1,0,short,2,0.0,1.0,0.0,0.0
2026-05-10,1,1,0,very_long,1,0.0,7.0,0.0,0.0
2026-05-10,1,1,0,zero,84,0.0,97.0,0.0,0.0
2026-05-10,1,1,1,medium,17,0.0,40.0,0.0,0.0
2026-05-10,1,1,1,short,1,0.0,3.0,0.0,0.0
2026-05-10,1,1,1,very_long,1,0.0,7.0,0.0,0.0
2026-05-10,1,1,1,zero,56,0.0,84.0,0.0,0.0
2026-05-10,1,1,2,medium,30,0.0,689.0,0.0,0.0
2026-05-10,1,1,2,short,3,0.0,21.0,0.0,0.0
2026-05-10,1,1,2,very_long,1,0.0,14.0,0.0,0.0
2026-05-10,1,1,2,zero,8,0.0,334.0,0.0,0.0
2026-05-10,1,1,3,medium,11,0.0,378.0,0.0,0.0
2026-05-10,1,1,3,short,10,0.0,18.0,0.0,0.0
2026-05-10,1,1,3,zero,2,0.0,236.0,0.0,0.0
2026-05-10,1,1,4,long,4,0.0,34.0,0.0,0.0
2026-05-10,1,1,4,medium,6,0.0,268.0,0.0,0.0
2026-05-10,1,1,4,short,1,0.0,31.0,0.0,0.0
2026-05-10,1,1,5,long,2,0.0,45.0,0.0,0.0
2026-05-10,1,1,5,medium,15,0.0,558.0,0.0,0.0
2026-05-10,1,1,5,short,4,0.0,51.0,0.0,0.0
2026-05-10,1,1,5,very_long,5,0.0,11.0,0.0,0.0
2026-05-10,1,1,5,zero,21,0.0,465.0,0.0,0.0
2026-05-10,1,1,6,long,5,0.0,43.0,0.0,0.0
2026-05-10,1,1,6,medium,17,0.0,353.0,0.0,0.0
2026-05-10,1,1,6,short,4,0.0,50.0,0.0,0.0
2026-05-10,1,1,6,very_long,2,0.0,10.0,0.0,0.0
2026-05-10,1,1,6,zero,7,0.0,287.0,0.0,0.0
2026-05-10,1,1,7,long,10,0.0,56.0,0.0,0.0
2026-05-10,1,1,7,medium,13,0.0,318.0,0.0,0.0
2026-05-10,1,1,7,short,4,0.0,49.0,0.0,0.0
2026-05-10,1,1,7,very_long,11,0.0,24.0,0.0,0.0
2026-05-10,1,1,7,zero,6,0.0,262.0,0.0,0.0
2026-05-10,1,1,8,long,7,0.0,22.0,0.0,0.0
2026-05-10,1,1,8,medium,13,0.0,234.0,0.0,0.0
2026-05-10,1,1,8,short,5,0.0,36.0,0.0,0.0
2026-05-10,1,1,8,very_long,2,0.0,12.0,0.0,0.0
2026-05-10,1,1,8,zero,14,0.0,245.0,0.0,0.0
2026-05-10,1,1,9,long,7,0.0,23.0,0.0,0.0
2026-05-10,1,1,9,medium,27,0.037037037037037035,172.0,0.0,0.037037037037037035
2026-05-10,1,1,9,short,5,0.2,24.0,0.0,0.2
2026-05-10,1,1,9,very_long,5,0.2,9.0,0.0,0.2
2026-05-10,1,1,9,zero,20,0.0,202.0,0.0,0.0
2026-05-11,0,0,0,very_long,7,0.0,59.0,0.0,0.0
2026-05-11,0,0,0,zero,2,0.0,930.0,0.0,0.0
2026-05-11,0,0,1,very_long,3,0.0,49.0,0.0,0.0
2026-05-11,0,0,2,long,1,0.0,41.0,0.0,0.0
2026-05-11,0,0,2,medium,1,0.0,171.0,0.0,0.0
2026-05-11,0,0,2,short,2,0.0,97.0,0.0,0.0
2026-05-11,0,0,2,very_long,3,0.0,53.0,0.0,0.0
2026-05-11,0,0,3,short,1,0.0,21.0,0.0,0.0
2026-05-11,0,0,4,zero,1,0.0,28.0,0.0,0.0
2026-05-11,0,0,5,medium,2,0.0,110.0,0.0,0.0
2026-05-11,0,0,5,short,6,0.0,79.0,0.0,0.0
2026-05-11,0,0,5,zero,2,0.0,137.0,0.0,0.0
2026-05-11,0,0,6,long,3,0.0,35.0,0.0,0.0
2026-05-11,0,0,6,short,6,0.0,59.0,0.0,0.0
2026-05-11,0,0,6,very_long,2,0.0,48.0,0.0,0.0
2026-05-11,0,0,6,zero,4,0.0,116.0,0.0,0.0
2026-05-11,0,0,7,long,1,0.0,25.0,0.0,0.0
2026-05-11,0,0,7,medium,3,0.0,72.0,0.0,0.0
2026-05-11,0,0,7,very_long,3,0.0,25.0,0.0,0.0
2026-05-11,0,0,7,zero,5,0.0,143.0,0.0,0.0
2026-05-11,0,0,8,medium,2,0.0,71.0,0.0,0.0
2026-05-11,0,0,8,short,4,0.0,72.0,0.0,0.0
2026-05-11,0,0,8,very_long,1,0.0,21.0,0.0,0.0
2026-05-11,0,0,8,zero,1,0.0,203.0,0.0,0.0
2026-05-11,0,0,9,short,17,0.0,184.0,0.0,0.0
2026-05-11,0,0,9,very_long,5,0.0,38.0,0.0,0.0
2026-05-11,0,0,9,zero,14,0.0,603.0,0.001658374792703151,-0.001658374792703151
2026-05-11,0,1,0,zero,4,0.0,15.0,0.0,0.0
2026-05-11,0,1,1,short,1,0.0,2.0,0.0,0.0
2026-05-11,0,1,1,very_long,2,0.0,2.0,0.0,0.0
2026-05-11,0,1,1,zero,1,0.0,11.0,0.0,0.0
2026-05-11,0,1,2,short,6,0.0,10.0,0.0,0.0
2026-05-11,0,1,2,very_long,1,0.0,6.0,0.0,0.0
2026-05-11,0,1,4,short,1,0.0,3.0,0.0,0.0
2026-05-11,0,1,6,medium,1,0.0,41.0,0.0,0.0
2026-05-11,0,1,6,short,3,0.0,8.0,0.0,0.0
2026-05-11,0,1,7,medium,1,0.0,44.0,0.0,0.0
2026-05-11,0,1,7,very_long,1,0.0,9.0,0.0,0.0
2026-05-11,0,1,9,short,3,0.0,2.0,0.0,0.0
2026-05-11,0,1,9,very_long,1,0.0,3.0,0.0,0.0
2026-05-11,0,1,9,zero,1,0.0,24.0,0.041666666666666664,-0.041666666666666664
2026-05-11,1,0,0,long,1,0.0,7.0,0.0,0.0
2026-05-11,1,0,0,medium,4,0.0,92.0,0.0,0.0
2026-05-11,1,0,0,short,1,0.0,14.0,0.0,0.0
2026-05-11,1,0,0,very_long,2,0.0,5.0,0.0,0.0
2026-05-11,1,0,0,zero,2,0.0,172.0,0.0,0.0
2026-05-11,1,0,1,short,3,0.0,20.0,0.0,0.0
2026-05-11,1,0,1,zero,2,0.0,203.0,0.0,0.0
2026-05-11,1,0,2,medium,2,0.0,599.0,0.0,0.0
2026-05-11,1,0,2,short,1,0.0,22.0,0.0,0.0
2026-05-11,1,0,2,very_long,1,0.0,27.0,0.0,0.0
2026-05-11,1,0,2,zero,1,0.0,812.0,0.0,0.0
2026-05-11,1,0,3,zero,1,0.0,216.0,0.0,0.0
2026-05-11,1,0,5,long,2,0.0,21.0,0.0,0.0
2026-05-11,1,0,5,medium,3,0.0,506.0,0.0,0.0
2026-05-11,1,0,5,zero,1,0.0,558.0,0.0,0.0
2026-05-11,1,0,6,long,2,0.0,16.0,0.0,0.0
2026-05-11,1,0,6,short,3,0.0,71.0,0.0,0.0
2026-05-11,1,0,6,very_long,3,0.0,12.0,0.0,0.0
2026-05-11,1,0,6,zero,3,0.0,519.0,0.0,0.0
2026-05-11,1,0,7,long,1,0.0,23.0,0.0,0.0
2026-05-11,1,0,7,medium,3,0.0,409.0,0.0,0.0
2026-05-11,1,0,7,short,1,0.0,66.0,0.0,0.0
2026-05-11,1,0,7,very_long,1,0.0,13.0,0.0,0.0
2026-05-11,1,0,7,zero,4,0.0,357.0,0.0,0.0
2026-05-11,1,0,8,long,1,0.0,13.0,0.0,0.0
2026-05-11,1,0,8,medium,4,0.0,252.0,0.0,0.0
2026-05-11,1,0,8,short,2,0.0,32.0,0.0,0.0
2026-05-11,1,0,8,very_long,2,0.0,12.0,0.0,0.0
2026-05-11,1,0,8,zero,3,0.0,309.0,0.0,0.0
2026-05-11,1,0,9,medium,5,0.0,174.0,0.005747126436781609,-0.005747126436781609
2026-05-11,1,0,9,zero,1,0.0,280.0,0.0,0.0
2026-05-11,1,1,0,medium,3,0.0,62.0,0.0,0.0
2026-05-11,1,1,0,very_long,1,0.0,1.0,0.0,0.0
2026-05-11,1,1,0,zero,8,0.0,66.0,0.0,0.0
2026-05-11,1,1,1,medium,3,0.0,92.0,0.0,0.0
2026-05-11,1,1,1,short,2,0.0,17.0,0.0,0.0
2026-05-11,1,1,1,very_long,6,0.0,4.0,0.0,0.0
2026-05-11,1,1,1,zero,10,0.0,42.0,0.023809523809523808,-0.023809523809523808
2026-05-11,1,1,2,long,3,0.0,21.0,0.0,0.0
2026-05-11,1,1,2,medium,53,0.0,720.0,0.0,0.0
2026-05-11,1,1,2,short,12,0.0,37.0,0.0,0.0
2026-05-11,1,1,2,very_long,5,0.0,17.0,0.0,0.0
2026-05-11,1,1,2,zero,6,0.0,283.0,0.0,0.0
2026-05-11,1,1,3,long,1,0.0,11.0,0.0,0.0
2026-05-11,1,1,3,short,7,0.0,21.0,0.0,0.0
2026-05-11,1,1,3,very_long,2,0.0,1.0,0.0,0.0
2026-05-11,1,1,3,zero,2,0.0,205.0,0.0,0.0
2026-05-11,1,1,4,long,1,0.0,19.0,0.0,0.0
2026-05-11,1,1,4,very_long,2,0.0,7.0,0.0,0.0
2026-05-11,1,1,4,zero,1,0.0,185.0,0.0,0.0
2026-05-11,1,1,5,long,7,0.0,37.0,0.0,0.0
2026-05-11,1,1,5,medium,18,0.0,549.0,0.0,0.0
2026-05-11,1,1,5,short,5,0.0,69.0,0.0,0.0
2026-05-11,1,1,5,very_long,2,0.0,9.0,0.0,0.0
2026-05-11,1,1,5,zero,8,0.0,524.0,0.0,0.0
2026-05-11,1,1,6,long,6,0.0,32.0,0.0,0.0
2026-05-11,1,1,6,medium,8,0.0,372.0,0.0,0.0
2026-05-11,1,1,6,short,9,0.0,54.0,0.0,0.0
2026-05-11,1,1,6,very_long,4,0.0,25.0,0.0,0.0
2026-05-11,1,1,6,zero,6,0.0,406.0,0.0,0.0
2026-05-11,1,1,7,long,10,0.0,68.0,0.0,0.0
2026-05-11,1,1,7,medium,10,0.0,345.0,0.0,0.0
2026-05-11,1,1,7,short,4,0.0,62.0,0.0,0.0
2026-05-11,1,1,7,very_long,8,0.0,27.0,0.0,0.0
2026-05-11,1,1,7,zero,6,0.0,331.0,0.0,0.0
2026-05-11,1,1,8,long,7,0.0,30.0,0.0,0.0
2026-05-11,1,1,8,medium,6,0.0,320.0,0.0,0.0
2026-05-11,1,1,8,short,4,0.0,40.0,0.0,0.0
2026-05-11,1,1,8,very_long,5,0.0,16.0,0.0,0.0
2026-05-11,1,1,8,zero,2,0.0,347.0,0.0,0.0
2026-05-11,1,1,9,long,21,0.14285714285714285,30.0,0.0,0.14285714285714285
2026-05-11,1,1,9,medium,15,0.0,235.0,0.00425531914893617,-0.00425531914893617
2026-05-11,1,1,9,short,3,0.0,35.0,0.0,0.0
2026-05-11,1,1,9,very_long,7,0.0,14.0,0.0,0.0
2026-05-11,1,1,9,zero,9,0.0,238.0,0.0,0.0
2026-05-12,0,0,0,very_long,1,0.0,87.0,0.0,0.0
2026-05-12,0,0,0,zero,1,0.0,596.0,0.0,0.0
2026-05-12,0,0,1,very_long,1,0.0,107.0,0.0,0.0
2026-05-12,0,0,2,long,4,0.0,85.0,0.011764705882352941,-0.011764705882352941
2026-05-12,0,0,2,medium,1,0.0,422.0,0.0,0.0
2026-05-12,0,0,2,very_long,4,0.0,107.0,0.0,0.0
2026-05-12,0,0,2,zero,1,0.0,436.0,0.0,0.0
2026-05-12,0,0,3,long,2,0.0,7.0,0.0,0.0
2026-05-12,0,0,4,zero,1,0.0,42.0,0.0,0.0
2026-05-12,0,0,5,long,1,0.0,53.0,0.0,0.0
2026-05-12,0,0,5,medium,2,0.0,132.0,0.0,0.0
2026-05-12,0,0,5,short,2,0.0,91.0,0.0,0.0
2026-05-12,0,0,6,long,3,0.0,51.0,0.0,0.0
2026-05-12,0,0,6,medium,2,0.0,126.0,0.0,0.0
2026-05-12,0,0,6,short,2,0.0,83.0,0.0,0.0
2026-05-12,0,0,6,zero,3,0.0,167.0,0.0,0.0
2026-05-12,0,0,7,long,3,0.0,47.0,0.0,0.0
2026-05-12,0,0,7,medium,1,0.0,113.0,0.0,0.0
2026-05-12,0,0,7,short,3,0.0,95.0,0.0,0.0
2026-05-12,0,0,7,very_long,1,0.0,40.0,0.0,0.0
2026-05-12,0,0,7,zero,4,0.0,219.0,0.0,0.0
2026-05-12,0,0,8,long,1,0.0,21.0,0.0,0.0
2026-05-12,0,0,8,short,2,0.0,90.0,0.0,0.0
2026-05-12,0,0,8,zero,4,0.0,247.0,0.0,0.0
2026-05-12,0,0,9,medium,1,0.0,128.0,0.0078125,-0.0078125
2026-05-12,0,0,9,short,11,0.0,170.0,0.0,0.0
2026-05-12,0,0,9,zero,12,0.08333333333333333,444.0,0.006756756756756757,0.07657657657657657
2026-05-12,0,1,0,zero,1,0.0,7.0,0.0,0.0
2026-05-12,0,1,1,zero,3,0.0,14.0,0.0,0.0
2026-05-12,0,1,2,long,1,0.0,30.0,0.0,0.0
2026-05-12,0,1,2,medium,1,0.0,194.0,0.005154639175257732,-0.005154639175257732
2026-05-12,0,1,2,zero,2,0.0,90.0,0.0,0.0
2026-05-12,0,1,6,medium,3,0.0,71.0,0.0,0.0
2026-05-12,0,1,6,short,1,0.0,11.0,0.0,0.0
2026-05-12,0,1,6,zero,2,0.0,134.0,0.0,0.0
2026-05-12,0,1,7,long,1,0.0,7.0,0.0,0.0
2026-05-12,0,1,7,medium,2,0.0,71.0,0.0,0.0
2026-05-12,0,1,7,very_long,2,0.0,11.0,0.0,0.0
2026-05-12,0,1,8,long,1,0.0,4.0,0.0,0.0
2026-05-12,0,1,8,medium,2,0.0,50.0,0.0,0.0
2026-05-12,0,1,8,short,1,0.0,12.0,0.0,0.0
2026-05-12,0,1,8,very_long,1,0.0,8.0,0.0,0.0
2026-05-12,0,1,9,long,2,0.0,1.0,0.0,0.0
2026-05-12,0,1,9,medium,2,0.0,32.0,0.03125,-0.03125
2026-05-12,0,1,9,zero,1,0.0,76.0,0.09210526315789473,-0.09210526315789473
2026-05-12,1,0,0,short,4,0.0,81.0,0.0,0.0
2026-05-12,1,0,0,very_long,5,0.0,11.0,0.0,0.0
2026-05-12,1,0,0,zero,1,0.0,145.0,0.0,0.0
2026-05-12,1,0,1,medium,1,0.0,122.0,0.0,0.0
2026-05-12,1,0,1,short,1,0.0,70.0,0.0,0.0
2026-05-12,1,0,1,very_long,5,0.0,13.0,0.0,0.0
2026-05-12,1,0,1,zero,3,0.0,185.0,0.0,0.0
2026-05-12,1,0,2,long,1,0.0,41.0,0.0,0.0
2026-05-12,1,0,2,medium,1,0.0,961.0,0.001040582726326743,-0.001040582726326743
2026-05-12,1,0,2,zero,1,0.0,857.0,0.0011668611435239206,-0.0011668611435239206
2026-05-12,1,0,3,long,1,0.0,11.0,0.0,0.0
2026-05-12,1,0,3,medium,1,0.0,377.0,0.0,0.0
2026-05-12,1,0,3,zero,1,0.0,251.0,0.0,0.0
2026-05-12,1,0,4,medium,1,0.0,652.0,0.0,0.0
2026-05-12,1,0,4,short,1,0.0,34.0,0.0,0.0
2026-05-12,1,0,4,zero,2,0.0,386.0,0.0,0.0
2026-05-12,1,0,5,medium,3,0.0,460.0,0.0,0.0
2026-05-12,1,0,5,very_long,1,0.0,14.0,0.0,0.0
2026-05-12,1,0,6,long,10,0.0,24.0,0.0,0.0
2026-05-12,1,0,6,medium,1,0.0,698.0,0.0,0.0
2026-05-12,1,0,6,short,1,0.0,147.0,0.0,0.0
2026-05-12,1,0,6,very_long,5,0.0,21.0,0.0,0.0
2026-05-12,1,0,6,zero,1,0.0,743.0,0.0,0.0
2026-05-12,1,0,7,long,5,0.0,39.0,0.0,0.0
2026-05-12,1,0,7,medium,11,0.0,687.0,0.0,0.0
2026-05-12,1,0,7,short,1,0.0,141.0,0.0,0.0
2026-05-12,1,0,7,very_long,2,0.0,30.0,0.0,0.0
2026-05-12,1,0,7,zero,1,0.0,604.0,0.004966887417218543,-0.004966887417218543
2026-05-12,1,0,8,long,4,0.0,22.0,0.0,0.0
2026-05-12,1,0,8,medium,2,0.0,435.0,0.0,0.0
2026-05-12,1,0,8,very_long,3,0.0,9.0,0.0,0.0
2026-05-12,1,0,8,zero,4,0.0,557.0,0.0,0.0
2026-05-12,1,0,9,long,2,0.0,19.0,0.05263157894736842,-0.05263157894736842
2026-05-12,1,0,9,medium,2,0.5,240.0,0.03333333333333333,0.4666666666666667
2026-05-12,1,0,9,short,1,1.0,97.0,0.020618556701030927,0.979381443298969
2026-05-12,1,0,9,very_long,5,0.0,16.0,0.0,0.0
2026-05-12,1,0,9,zero,3,0.0,358.0,0.01675977653631285,-0.01675977653631285
2026-05-12,1,1,0,long,1,0.0,1.0,0.0,0.0
2026-05-12,1,1,0,medium,1,0.0,23.0,0.0,0.0
2026-05-12,1,1,0,short,1,0.0,16.0,0.0,0.0
2026-05-12,1,1,0,very_long,5,0.0,7.0,0.0,0.0
2026-05-12,1,1,0,zero,11,0.0,41.0,0.0,0.0
2026-05-12,1,1,1,long,1,0.0,4.0,0.0,0.0
2026-05-12,1,1,1,short,2,0.0,20.0,0.0,0.0
2026-05-12,1,1,1,very_long,8,0.0,22.0,0.0,0.0
2026-05-12,1,1,1,zero,17,0.0,68.0,0.0,0.0
2026-05-12,1,1,2,long,5,0.2,45.0,0.0,0.2
2026-05-12,1,1,2,medium,47,0.0,1470.0,0.0,0.0
2026-05-12,1,1,2,short,4,0.0,77.0,0.0,0.0
2026-05-12,1,1,2,very_long,7,0.0,41.0,0.0,0.0
2026-05-12,1,1,2,zero,7,0.0,593.0,0.0,0.0
2026-05-12,1,1,3,medium,81,0.0,563.0,0.0,0.0
2026-05-12,1,1,3,short,11,0.0,78.0,0.0,0.0
2026-05-12,1,1,3,zero,1,0.0,345.0,0.0,0.0
2026-05-12,1,1,4,long,3,0.0,28.0,0.0,0.0
2026-05-12,1,1,4,medium,25,0.0,447.0,0.0,0.0
2026-05-12,1,1,4,short,2,0.0,40.0,0.0,0.0
2026-05-12,1,1,4,zero,3,0.0,238.0,0.0,0.0
2026-05-12,1,1,5,long,4,0.0,51.0,0.0,0.0
2026-05-12,1,1,5,medium,23,0.0,513.0,0.0,0.0
2026-05-12,1,1,5,short,17,0.0,74.0,0.0,0.0
2026-05-12,1,1,5,very_long,3,0.0,22.0,0.0,0.0
2026-05-12,1,1,6,long,11,0.0,45.0,0.0,0.0
2026-05-12,1,1,6,medium,11,0.0,475.0,0.0,0.0
2026-05-12,1,1,6,short,4,0.0,78.0,0.0,0.0
2026-05-12,1,1,6,very_long,2,0.0,31.0,0.0,0.0
2026-05-12,1,1,6,zero,6,0.0,519.0,0.0,0.0
2026-05-12,1,1,7,long,19,0.0,74.0,0.0,0.0
2026-05-12,1,1,7,medium,11,0.0,606.0,0.0,0.0
2026-05-12,1,1,7,short,9,0.0,103.0,0.0,0.0
2026-05-12,1,1,7,very_long,6,0.0,27.0,0.0,0.0
2026-05-12,1,1,7,zero,8,0.0,587.0,0.0,0.0
2026-05-12,1,1,8,long,9,0.0,58.0,0.0,0.0
2026-05-12,1,1,8,medium,12,0.0,586.0,0.0,0.0
2026-05-12,1,1,8,short,3,0.0,77.0,0.0,0.0
2026-05-12,1,1,8,very_long,7,0.0,27.0,0.0,0.0
2026-05-12,1,1,8,zero,5,0.0,587.0,0.0,0.0
2026-05-12,1,1,9,long,19,0.10526315789473684,38.0,0.02631578947368421,0.07894736842105263
2026-05-12,1,1,9,medium,14,0.21428571428571427,327.0,0.009174311926605505,0.20511140235910877
2026-05-12,1,1,9,short,1,0.0,79.0,0.012658227848101266,-0.012658227848101266
2026-05-12,1,1,9,very_long,7,0.0,23.0,0.0,0.0
2026-05-12,1,1,9,zero,11,0.09090909090909091,366.0,0.00819672131147541,0.0827123695976155
2026-05-13,0,0,0,medium,1,0.0,137.0,0.0,0.0
2026-05-13,0,0,0,very_long,5,0.0,72.0,0.0,0.0
2026-05-13,0,0,0,zero,1,0.0,837.0,0.0,0.0
2026-05-13,0,0,1,very_long,3,0.0,99.0,0.0,0.0
2026-05-13,0,0,2,long,4,0.0,90.0,0.0,0.0
2026-05-13,0,0,2,medium,5,0.0,291.0,0.0,0.0
2026-05-13,0,0,2,short,2,0.0,185.0,0.0,0.0
2026-05-13,0,0,2,very_long,3,0.0,170.0,0.0,0.0
2026-05-13,0,0,2,zero,2,0.0,561.0,0.0035650623885918,-0.0035650623885918
2026-05-13,0,0,4,short,3,0.0,46.0,0.0,0.0
2026-05-13,0,0,5,medium,2,0.0,99.0,0.0,0.0
2026-05-13,0,0,5,short,5,0.0,75.0,0.0,0.0
2026-05-13,0,0,5,very_long,1,0.0,42.0,0.0,0.0
2026-05-13,0,0,5,zero,2,0.0,154.0,0.0,0.0
2026-05-13,0,0,6,long,6,0.0,44.0,0.0,0.0
2026-05-13,0,0,6,medium,3,0.0,146.0,0.0,0.0
2026-05-13,0,0,6,short,2,0.0,95.0,0.0,0.0
2026-05-13,0,0,6,very_long,1,0.0,53.0,0.0,0.0
2026-05-13,0,0,6,zero,1,0.0,173.0,0.0,0.0
2026-05-13,0,0,7,long,2,0.0,70.0,0.0,0.0
2026-05-13,0,0,7,medium,7,0.0,129.0,0.0,0.0
2026-05-13,0,0,7,very_long,2,0.0,62.0,0.0,0.0
2026-05-13,0,0,7,zero,2,0.0,234.0,0.0,0.0
2026-05-13,0,0,8,medium,2,0.0,90.0,0.0,0.0
2026-05-13,0,0,8,short,3,0.0,105.0,0.0,0.0
2026-05-13,0,0,9,medium,1,0.0,99.0,0.0,0.0
2026-05-13,0,0,9,short,7,0.0,183.0,0.02185792349726776,-0.02185792349726776
2026-05-13,0,0,9,very_long,3,0.0,75.0,0.0,0.0
2026-05-13,0,0,9,zero,10,0.0,624.0,0.004807692307692308,-0.004807692307692308
2026-05-13,0,1,0,very_long,1,0.0,4.0,0.0,0.0
2026-05-13,0,1,1,medium,1,0.0,6.0,0.0,0.0
2026-05-13,0,1,2,medium,3,0.0,370.0,0.0,0.0
2026-05-13,0,1,2,very_long,7,0.0,116.0,0.0,0.0
2026-05-13,0,1,2,zero,1,0.0,104.0,0.009615384615384616,-0.009615384615384616
2026-05-13,0,1,4,long,1,0.0,4.0,0.0,0.0
2026-05-13,0,1,4,medium,2,0.0,63.0,0.0,0.0
2026-05-13,0,1,4,zero,1,0.0,121.0,0.0,0.0
2026-05-13,0,1,5,medium,1,0.0,39.0,0.0,0.0
2026-05-13,0,1,5,short,1,0.0,5.0,0.0,0.0
2026-05-13,0,1,5,very_long,5,0.0,15.0,0.0,0.0
2026-05-13,0,1,6,long,1,0.0,9.0,0.0,0.0
2026-05-13,0,1,6,short,1,0.0,12.0,0.0,0.0
2026-05-13,0,1,7,very_long,2,0.0,11.0,0.0,0.0
2026-05-13,0,1,8,medium,1,0.0,30.0,0.0,0.0
2026-05-13,0,1,8,short,1,0.0,23.0,0.0,0.0
2026-05-13,0,1,9,short,2,0.0,2.0,0.0,0.0
2026-05-13,1,0,0,long,1,0.0,5.0,0.0,0.0
2026-05-13,1,0,0,medium,1,0.0,26.0,0.0,0.0
2026-05-13,1,0,0,very_long,3,0.0,22.0,0.0,0.0
2026-05-13,1,0,0,zero,1,0.0,102.0,0.0,0.0
2026-05-13,1,0,1,long,1,0.0,14.0,0.0,0.0
2026-05-13,1,0,1,very_long,1,0.0,17.0,0.0,0.0
2026-05-13,1,0,2,long,16,0.0,29.0,0.0,0.0
2026-05-13,1,0,2,medium,2,0.0,1063.0,0.0,0.0
2026-05-13,1,0,2,short,1,0.0,54.0,0.0,0.0
2026-05-13,1,0,2,very_long,2,0.0,25.0,0.0,0.0
2026-05-13,1,0,2,zero,1,0.0,643.0,0.003110419906687403,-0.003110419906687403
2026-05-13,1,0,4,long,1,0.0,6.0,0.0,0.0
2026-05-13,1,0,5,long,2,0.0,19.0,0.0,0.0
2026-05-13,1,0,5,medium,1,0.0,471.0,0.0,0.0
2026-05-13,1,0,5,zero,1,0.0,454.0,0.0,0.0
2026-05-13,1,0,6,long,4,0.0,41.0,0.0,0.0
2026-05-13,1,0,6,medium,3,0.0,678.0,0.0,0.0
2026-05-13,1,0,6,short,1,0.0,148.0,0.0,0.0
2026-05-13,1,0,6,very_long,5,0.0,32.0,0.0,0.0
2026-05-13,1,0,7,long,4,0.0,70.0,0.0,0.0
2026-05-13,1,0,7,medium,6,0.0,540.0,0.0,0.0
2026-05-13,1,0,7,short,2,0.0,128.0,0.0,0.0
2026-05-13,1,0,7,very_long,10,0.0,26.0,0.0,0.0
2026-05-13,1,0,7,zero,2,0.0,630.0,0.0,0.0
2026-05-13,1,0,8,long,2,0.0,29.0,0.0,0.0
2026-05-13,1,0,8,very_long,2,0.0,18.0,0.0,0.0
2026-05-13,1,0,9,long,3,0.0,19.0,0.05263157894736842,-0.05263157894736842
2026-05-13,1,0,9,medium,3,0.3333333333333333,210.0,0.04285714285714286,0.29047619047619044
2026-05-13,1,0,9,short,1,0.0,53.0,0.0,0.0
2026-05-13,1,0,9,very_long,2,0.0,17.0,0.0,0.0
2026-05-13,1,1,0,long,4,0.0,9.0,0.0,0.0
2026-05-13,1,1,0,medium,3,0.0,25.0,0.0,0.0
2026-05-13,1,1,0,zero,89,0.0,24.0,0.0,0.0
2026-05-13,1,1,1,long,3,0.0,16.0,0.0,0.0
2026-05-13,1,1,1,very_long,2,0.0,5.0,0.0,0.0
2026-05-13,1,1,1,zero,92,0.0,69.0,0.0,0.0
2026-05-13,1,1,2,long,5,0.0,576.0,0.0,0.0
2026-05-13,1,1,2,medium,23,0.043478260869565216,1567.0,0.0006381620931716656,0.042840098776393554
2026-05-13,1,1,2,short,11,0.0,56.0,0.0,0.0
2026-05-13,1,1,2,very_long,6,0.0,31.0,0.0,0.0
2026-05-13,1,1,2,zero,19,0.0,554.0,0.0,0.0
2026-05-13,1,1,4,medium,30,0.0,1000.0,0.0,0.0
2026-05-13,1,1,4,short,99,0.0,43.0,0.0,0.0
2026-05-13,1,1,4,very_long,2,0.0,5.0,0.0,0.0
2026-05-13,1,1,4,zero,15,0.0,506.0,0.0,0.0
2026-05-13,1,1,5,long,2,0.5,240.0,0.0,0.5
2026-05-13,1,1,5,medium,18,0.0,559.0,0.0,0.0
2026-05-13,1,1,5,short,14,0.0,78.0,0.0,0.0
2026-05-13,1,1,5,very_long,5,0.0,25.0,0.0,0.0
2026-05-13,1,1,5,zero,3,0.0,375.0,0.0,0.0
2026-05-13,1,1,6,long,9,0.0,64.0,0.0,0.0
2026-05-13,1,1,6,medium,15,0.0,481.0,0.0,0.0
2026-05-13,1,1,6,short,13,0.0,87.0,0.0,0.0
2026-05-13,1,1,6,very_long,6,0.0,25.0,0.0,0.0
2026-05-13,1,1,6,zero,1,0.0,437.0,0.0,0.0
2026-05-13,1,1,7,long,17,0.058823529411764705,90.0,0.0,0.058823529411764705
2026-05-13,1,1,7,medium,9,0.0,528.0,0.0,0.0
2026-05-13,1,1,7,short,6,0.0,83.0,0.0,0.0
2026-05-13,1,1,7,very_long,20,0.0,37.0,0.0,0.0
2026-05-13,1,1,7,zero,12,0.0,487.0,0.0,0.0
2026-05-13,1,1,8,long,7,0.0,51.0,0.0,0.0
2026-05-13,1,1,8,medium,15,0.0,459.0,0.0,0.0
2026-05-13,1,1,8,short,1,0.0,68.0,0.0,0.0
2026-05-13,1,1,8,very_long,8,0.0,36.0,0.0,0.0
2026-05-13,1,1,8,zero,25,0.0,551.0,0.0018148820326678765,-0.0018148820326678765
2026-05-13,1,1,9,long,11,0.2727272727272727,38.0,0.07894736842105263,0.19377990430622008
2026-05-13,1,1,9,medium,10,0.2,302.0,0.013245033112582781,0.18675496688741722
2026-05-13,1,1,9,short,5,0.2,59.0,0.0,0.2
2026-05-13,1,1,9,very_long,10,0.1,25.0,0.08,0.020000000000000004
2026-05-13,1,1,9,zero,44,0.0,316.0,0.015822784810126583,-0.015822784810126583
2026-05-14,0,0,0,medium,2,0.0,212.0,0.0,0.0
2026-05-14,0,0,0,short,1,0.0,374.0,0.0,0.0
2026-05-14,0,0,0,very_long,5,0.0,45.0,0.0,0.0
2026-05-14,0,0,1,long,1,0.0,78.0,0.0,0.0
2026-05-14,0,0,1,medium,1,0.0,276.0,0.0,0.0
2026-05-14,0,0,1,short,1,0.0,533.0,0.001876172607879925,-0.001876172607879925
2026-05-14,0,0,1,very_long,8,0.0,80.0,0.0,0.0
2026-05-14,0,0,1,zero,2,0.0,1107.0,0.0009033423667570009,-0.0009033423667570009
2026-05-14,0,0,2,long,2,0.0,95.0,0.0,0.0
2026-05-14,0,0,2,medium,1,0.0,380.0,0.002631578947368421,-0.002631578947368421
2026-05-14,0,0,2,very_long,4,0.0,96.0,0.0,0.0
2026-05-14,0,0,2,zero,4,0.25,394.0,0.0,0.25
2026-05-14,0,0,5,long,5,0.0,38.0,0.0,0.0
2026-05-14,0,0,5,medium,1,0.0,140.0,0.0,0.0
2026-05-14,0,0,5,short,1,0.0,128.0,0.0,0.0
2026-05-14,0,0,5,very_long,1,0.0,53.0,0.0,0.0
2026-05-14,0,0,5,zero,4,0.0,147.0,0.0,0.0
2026-05-14,0,0,6,long,1,0.0,48.0,0.0,0.0
2026-05-14,0,0,6,short,3,0.0,82.0,0.0,0.0
2026-05-14,0,0,6,very_long,2,0.0,52.0,0.0,0.0
2026-05-14,0,0,6,zero,2,0.0,212.0,0.0,0.0
2026-05-14,0,0,7,long,2,0.0,76.0,0.013157894736842105,-0.013157894736842105
2026-05-14,0,0,7,medium,4,0.0,130.0,0.0,0.0
2026-05-14,0,0,7,short,2,0.0,128.0,0.0,0.0
2026-05-14,0,0,7,very_long,4,0.0,46.0,0.0,0.0
2026-05-14,0,0,7,zero,6,0.0,230.0,0.0,0.0
2026-05-14,0,0,8,medium,4,0.0,101.0,0.0,0.0
2026-05-14,0,0,8,short,1,0.0,155.0,0.0064516129032258064,-0.0064516129032258064
2026-05-14,0,0,8,very_long,2,0.0,27.0,0.0,0.0
2026-05-14,0,0,8,zero,1,0.0,304.0,0.0,0.0
2026-05-14,0,0,9,long,2,0.0,47.0,0.02127659574468085,-0.02127659574468085
2026-05-14,0,0,9,short,11,0.18181818181818182,333.0,0.0,0.18181818181818182
2026-05-14,0,0,9,very_long,3,0.0,42.0,0.0,0.0
2026-05-14,0,0,9,zero,12,0.25,588.0,0.0017006802721088435,0.24829931972789115
2026-05-14,0,1,2,long,2,0.0,4.0,0.0,0.0
2026-05-14,0,1,2,very_long,1,0.0,36.0,0.0,0.0
2026-05-14,0,1,4,medium,3,0.0,76.0,0.0,0.0
2026-05-14,0,1,5,very_long,1,0.0,18.0,0.0,0.0
2026-05-14,0,1,6,long,2,0.0,10.0,0.0,0.0
2026-05-14,0,1,6,very_long,1,0.0,9.0,0.0,0.0
2026-05-14,0,1,7,long,1,0.0,16.0,0.0,0.0
2026-05-14,0,1,7,zero,3,0.0,81.0,0.0,0.0
2026-05-14,0,1,9,medium,1,0.0,15.0,0.06666666666666667,-0.06666666666666667
2026-05-14,1,0,0,medium,1,0.0,20.0,0.0,0.0
2026-05-14,1,0,0,very_long,1,0.0,12.0,0.0,0.0
2026-05-14,1,0,1,long,1,0.0,27.0,0.0,0.0
2026-05-14,1,0,1,very_long,3,0.0,7.0,0.0,0.0
2026-05-14,1,0,1,zero,1,0.0,49.0,0.0,0.0
2026-05-14,1,0,2,long,3,0.0,60.0,0.0,0.0
2026-05-14,1,0,2,medium,2,0.0,895.0,0.0011173184357541898,-0.0011173184357541898
2026-05-14,1,0,2,very_long,2,0.0,21.0,0.0,0.0
2026-05-14,1,0,2,zero,3,0.0,784.0,0.002551020408163265,-0.002551020408163265
2026-05-14,1,0,4,short,1,0.0,47.0,0.0,0.0
2026-05-14,1,0,5,long,4,0.0,21.0,0.0,0.0
2026-05-14,1,0,5,medium,1,0.0,444.0,0.0,0.0
2026-05-14,1,0,5,very_long,1,0.0,19.0,0.0,0.0
2026-05-14,1,0,6,long,4,0.0,46.0,0.0,0.0
2026-05-14,1,0,6,medium,5,0.0,656.0,0.0,0.0
2026-05-14,1,0,6,short,1,0.0,151.0,0.0,0.0
2026-05-14,1,0,6,very_long,4,0.0,27.0,0.0,0.0
2026-05-14,1,0,6,zero,1,0.0,830.0,0.0,0.0
2026-05-14,1,0,7,medium,9,0.0,556.0,0.0,0.0
2026-05-14,1,0,7,short,2,0.0,125.0,0.0,0.0
2026-05-14,1,0,7,very_long,6,0.0,29.0,0.0,0.0
2026-05-14,1,0,7,zero,3,0.0,627.0,0.0,0.0
2026-05-14,1,0,8,long,1,0.0,18.0,0.0,0.0
2026-05-14,1,0,8,medium,2,0.0,392.0,0.0,0.0
2026-05-14,1,0,8,short,1,0.0,103.0,0.0,0.0
2026-05-14,1,0,8,very_long,1,0.0,22.0,0.0,0.0
2026-05-14,1,0,8,zero,2,0.0,629.0,0.0,0.0
2026-05-14,1,0,9,medium,1,0.0,210.0,0.06666666666666667,-0.06666666666666667
2026-05-14,1,0,9,very_long,4,0.0,18.0,0.0,0.0
2026-05-14,1,0,9,zero,2,0.0,308.0,0.025974025974025976,-0.025974025974025976
2026-05-14,1,1,0,long,3,0.0,27.0,0.0,0.0
2026-05-14,1,1,0,medium,7,0.0,71.0,0.0,0.0
2026-05-14,1,1,0,short,2,0.0,29.0,0.0,0.0
2026-05-14,1,1,0,very_long,6,0.0,18.0,0.0,0.0
2026-05-14,1,1,0,zero,1,0.0,16.0,0.0,0.0
2026-05-14,1,1,1,long,4,0.0,32.0,0.0,0.0
2026-05-14,1,1,1,medium,2,0.0,144.0,0.0,0.0
2026-05-14,1,1,1,short,1,0.0,32.0,0.0,0.0
2026-05-14,1,1,1,very_long,5,0.0,18.0,0.0,0.0
2026-05-14,1,1,1,zero,1,0.0,26.0,0.0,0.0
2026-05-14,1,1,2,long,6,0.3333333333333333,68.0,0.014705882352941176,0.31862745098039214
2026-05-14,1,1,2,medium,16,0.0,1166.0,0.0,0.0
2026-05-14,1,1,2,short,2,0.0,24.0,0.0,0.0
2026-05-14,1,1,2,very_long,9,0.0,22.0,0.0,0.0
2026-05-14,1,1,2,zero,4,0.0,661.0,0.0,0.0
2026-05-14,1,1,4,long,1,0.0,24.0,0.0,0.0
2026-05-14,1,1,4,medium,2,0.0,920.0,0.0,0.0
2026-05-14,1,1,4,short,36,0.0,74.0,0.0,0.0
2026-05-14,1,1,4,very_long,2,0.0,5.0,0.0,0.0
2026-05-14,1,1,4,zero,4,0.0,527.0,0.0,0.0
2026-05-14,1,1,5,long,3,0.0,39.0,0.0,0.0
2026-05-14,1,1,5,medium,9,0.0,496.0,0.0,0.0
2026-05-14,1,1,5,short,6,0.0,39.0,0.0,0.0
2026-05-14,1,1,5,very_long,7,0.0,14.0,0.0,0.0
2026-05-14,1,1,5,zero,3,0.0,354.0,0.0,0.0
2026-05-14,1,1,6,long,8,0.0,65.0,0.0,0.0
2026-05-14,1,1,6,medium,11,0.0,544.0,0.001838235294117647,-0.001838235294117647
2026-05-14,1,1,6,short,3,0.0,57.0,0.0,0.0
2026-05-14,1,1,6,very_long,13,0.0,42.0,0.0,0.0
2026-05-14,1,1,6,zero,2,0.0,474.0,0.0,0.0
2026-05-14,1,1,7,long,14,0.0,124.0,0.0,0.0
2026-05-14,1,1,7,medium,4,0.0,589.0,0.0,0.0
2026-05-14,1,1,7,short,6,0.0,81.0,0.0,0.0
2026-05-14,1,1,7,very_long,13,0.0,44.0,0.0,0.0
2026-05-14,1,1,7,zero,4,0.0,508.0,0.001968503937007874,-0.001968503937007874
2026-05-14,1,1,8,long,8,0.0,66.0,0.0,0.0
2026-05-14,1,1,8,medium,8,0.0,548.0,0.0,0.0
2026-05-14,1,1,8,short,4,0.0,82.0,0.0,0.0
2026-05-14,1,1,8,very_long,13,0.0,35.0,0.0,0.0
2026-05-14,1,1,8,zero,4,0.0,618.0,0.0,0.0
2026-05-14,1,1,9,long,15,0.2,67.0,0.04477611940298507,0.15522388059701495
2026-05-14,1,1,9,medium,11,0.18181818181818182,339.0,0.008849557522123894,0.17296862429605792
2026-05-14,1,1,9,short,10,0.2,65.0,0.015384615384615385,0.18461538461538463
2026-05-14,1,1,9,very_long,7,0.0,35.0,0.0,0.0
2026-05-14,1,1,9,zero,5,0.0,303.0,0.026402640264026403,-0.026402640264026403
2026-05-15,0,0,0,long,1,0.0,45.0,0.0,0.0
2026-05-15,0,0,0,medium,4,0.0,206.0,0.0,0.0
2026-05-15,0,0,0,very_long,6,0.16666666666666666,36.0,0.0,0.16666666666666666
2026-05-15,0,0,1,very_long,1,0.0,66.0,0.0,0.0
2026-05-15,0,0,2,long,1,0.0,104.0,0.0,0.0
2026-05-15,0,0,2,medium,4,0.0,299.0,0.006688963210702341,-0.006688963210702341
2026-05-15,0,0,2,short,3,0.0,187.0,0.0,0.0
2026-05-15,0,0,2,very_long,2,0.0,108.0,0.0,0.0
2026-05-15,0,0,2,zero,3,0.0,526.0,0.0,0.0
2026-05-15,0,0,4,medium,3,0.0,95.0,0.0,0.0
2026-05-15,0,0,4,short,1,0.0,27.0,0.0,0.0
2026-05-15,0,0,5,long,2,0.0,44.0,0.0,0.0
2026-05-15,0,0,5,medium,2,0.0,140.0,0.0,0.0
2026-05-15,0,0,6,long,1,0.0,42.0,0.0,0.0
2026-05-15,0,0,6,medium,7,0.0,140.0,0.0,0.0
2026-05-15,0,0,6,short,1,0.0,66.0,0.0,0.0
2026-05-15,0,0,6,very_long,2,0.0,56.0,0.0,0.0
2026-05-15,0,0,6,zero,5,0.0,241.0,0.0,0.0
2026-05-15,0,0,7,long,2,0.0,76.0,0.0,0.0
2026-05-15,0,0,7,medium,1,0.0,118.0,0.0,0.0
2026-05-15,0,0,7,short,2,0.0,90.0,0.0,0.0
2026-05-15,0,0,7,very_long,2,0.0,56.0,0.0,0.0
2026-05-15,0,0,7,zero,2,0.0,240.0,0.0,0.0
2026-05-15,0,0,8,long,2,0.0,27.0,0.0,0.0
2026-05-15,0,0,8,medium,1,0.0,88.0,0.0,0.0
2026-05-15,0,0,8,short,3,0.0,124.0,0.0,0.0
2026-05-15,0,0,8,very_long,3,0.0,17.0,0.0,0.0
2026-05-15,0,0,8,zero,3,0.0,273.0,0.0,0.0
2026-05-15,0,0,9,medium,1,0.0,155.0,0.0,0.0
2026-05-15,0,0,9,short,8,0.0,237.0,0.004219409282700422,-0.004219409282700422
2026-05-15,0,0,9,very_long,1,0.0,25.0,0.0,0.0
2026-05-15,0,0,9,zero,11,0.0,575.0,0.006956521739130435,-0.006956521739130435
2026-05-15,0,1,1,medium,1,0.0,12.0,0.0,0.0
2026-05-15,0,1,1,very_long,1,0.0,11.0,0.0,0.0
2026-05-15,0,1,2,long,1,0.0,12.0,0.08333333333333333,-0.08333333333333333
2026-05-15,0,1,2,medium,9,0.0,1176.0,0.0,0.0
2026-05-15,0,1,2,short,1,0.0,29.0,0.0,0.0
2026-05-15,0,1,2,very_long,1,0.0,9.0,0.0,0.0
2026-05-15,0,1,2,zero,1,0.0,42.0,0.0,0.0
2026-05-15,0,1,4,medium,12,0.0,92.0,0.0,0.0
2026-05-15,0,1,5,long,1,0.0,4.0,0.0,0.0
2026-05-15,0,1,5,medium,3,0.0,52.0,0.0,0.0
2026-05-15,0,1,6,zero,3,0.0,74.0,0.0,0.0
2026-05-15,0,1,7,long,1,0.0,11.0,0.0,0.0
2026-05-15,0,1,7,medium,2,0.0,43.0,0.0,0.0
2026-05-15,0,1,7,very_long,1,0.0,6.0,0.0,0.0
2026-05-15,0,1,8,long,2,0.0,1.0,0.0,0.0
2026-05-15,0,1,8,short,3,0.0,16.0,0.0,0.0
2026-05-15,0,1,9,medium,1,0.0,16.0,0.0,0.0
2026-05-15,0,1,9,very_long,2,0.0,4.0,0.0,0.0
2026-05-15,0,1,9,zero,1,0.0,89.0,0.011235955056179775,-0.011235955056179775
2026-05-15,1,0,0,long,1,0.0,18.0,0.0,0.0
2026-05-15,1,0,0,very_long,2,0.0,4.0,0.0,0.0
2026-05-15,1,0,1,long,2,0.0,21.0,0.0,0.0
2026-05-15,1,0,1,medium,1,0.0,39.0,0.0,0.0
2026-05-15,1,0,2,long,2,0.0,52.0,0.0,0.0
2026-05-15,1,0,2,medium,1,0.0,933.0,0.0,0.0
2026-05-15,1,0,2,short,2,0.0,81.0,0.0,0.0
2026-05-15,1,0,2,very_long,2,0.0,34.0,0.0,0.0
2026-05-15,1,0,2,zero,7,0.0,723.0,0.0027662517289073307,-0.0027662517289073307
2026-05-15,1,0,4,long,1,0.0,6.0,0.0,0.0
2026-05-15,1,0,5,medium,3,0.0,408.0,0.0,0.0
2026-05-15,1,0,5,short,2,0.0,89.0,0.0,0.0
2026-05-15,1,0,5,very_long,1,0.0,24.0,0.0,0.0
2026-05-15,1,0,5,zero,6,0.0,498.0,0.0,0.0
2026-05-15,1,0,6,long,4,0.0,39.0,0.0,0.0
2026-05-15,1,0,6,medium,5,0.0,444.0,0.0,0.0
2026-05-15,1,0,6,short,1,0.0,129.0,0.0,0.0
2026-05-15,1,0,6,very_long,4,0.0,20.0,0.0,0.0
2026-05-15,1,0,6,zero,2,0.0,658.0,0.0,0.0
2026-05-15,1,0,7,long,8,0.0,40.0,0.0,0.0
2026-05-15,1,0,7,medium,6,0.0,437.0,0.0,0.0
2026-05-15,1,0,7,very_long,3,0.0,29.0,0.0,0.0
2026-05-15,1,0,7,zero,1,0.0,521.0,0.0,0.0
2026-05-15,1,0,8,long,3,0.0,23.0,0.0,0.0
2026-05-15,1,0,8,medium,1,0.0,311.0,0.003215434083601286,-0.003215434083601286
2026-05-15,1,0,8,short,1,0.0,75.0,0.0,0.0
2026-05-15,1,0,8,very_long,1,0.0,15.0,0.0,0.0
2026-05-15,1,0,8,zero,1,0.0,537.0,0.0,0.0
2026-05-15,1,0,9,long,1,0.0,26.0,0.0,0.0
2026-05-15,1,0,9,medium,4,0.25,152.0,0.02631578947368421,0.2236842105263158
2026-05-15,1,0,9,short,10,0.0,53.0,0.03773584905660377,-0.03773584905660377
2026-05-15,1,0,9,very_long,1,0.0,17.0,0.058823529411764705,-0.058823529411764705
2026-05-15,1,0,9,zero,1,0.0,299.0,0.03678929765886288,-0.03678929765886288
2026-05-15,1,1,0,long,16,0.0,38.0,0.0,0.0
2026-05-15,1,1,0,medium,1,0.0,95.0,0.0,0.0
2026-05-15,1,1,0,short,1,0.0,19.0,0.0,0.0
2026-05-15,1,1,0,very_long,18,0.0,18.0,0.0,0.0
2026-05-15,1,1,0,zero,8,0.0,20.0,0.0,0.0
2026-05-15,1,1,1,long,39,0.0,60.0,0.0,0.0
2026-05-15,1,1,1,medium,2,0.0,120.0,0.0,0.0
2026-05-15,1,1,1,very_long,26,0.0,30.0,0.0,0.0
2026-05-15,1,1,1,zero,9,0.0,21.0,0.0,0.0
2026-05-15,1,1,2,long,5,0.0,39.0,0.02564102564102564,-0.02564102564102564
2026-05-15,1,1,2,medium,12,0.0,1254.0,0.0,0.0
2026-05-15,1,1,2,short,3,0.0,31.0,0.0,0.0
2026-05-15,1,1,2,very_long,14,0.0,31.0,0.0,0.0
2026-05-15,1,1,2,zero,5,0.0,551.0,0.0,0.0
2026-05-15,1,1,4,long,1,0.0,29.0,0.0,0.0
2026-05-15,1,1,4,medium,53,0.0,854.0,0.0,0.0
2026-05-15,1,1,4,short,1,0.0,38.0,0.0,0.0
2026-05-15,1,1,4,very_long,2,0.0,7.0,0.0,0.0
2026-05-15,1,1,4,zero,10,0.0,448.0,0.0,0.0
2026-05-15,1,1,5,long,7,0.0,31.0,0.0,0.0
2026-05-15,1,1,5,medium,12,0.0,456.0,0.0,0.0
2026-05-15,1,1,5,short,3,0.0,59.0,0.0,0.0
2026-05-15,1,1,5,very_long,13,0.0,17.0,0.0,0.0
2026-05-15,1,1,5,zero,2,0.0,392.0,0.0,0.0
2026-05-15,1,1,6,long,6,0.0,26.0,0.0,0.0
2026-05-15,1,1,6,medium,6,0.0,372.0,0.0,0.0
2026-05-15,1,1,6,short,4,0.0,73.0,0.0,0.0
2026-05-15,1,1,6,very_long,12,0.0,31.0,0.0,0.0
2026-05-15,1,1,6,zero,6,0.0,406.0,0.0,0.0
2026-05-15,1,1,7,long,22,0.0,87.0,0.0,0.0
2026-05-15,1,1,7,medium,16,0.0625,422.0,0.0,0.0625
2026-05-15,1,1,7,short,6,0.0,55.0,0.0,0.0
2026-05-15,1,1,7,very_long,19,0.0,59.0,0.0,0.0
2026-05-15,1,1,7,zero,6,0.0,480.0,0.0020833333333333333,-0.0020833333333333333
2026-05-15,1,1,8,long,13,0.0,56.0,0.0,0.0
2026-05-15,1,1,8,medium,6,0.0,531.0,0.003766478342749529,-0.003766478342749529
2026-05-15,1,1,8,short,3,0.0,78.0,0.0,0.0
2026-05-15,1,1,8,very_long,11,0.0,31.0,0.0,0.0
2026-05-15,1,1,8,zero,2,0.0,556.0,0.0017985611510791368,-0.0017985611510791368
2026-05-15,1,1,9,long,38,0.10526315789473684,62.0,0.03225806451612903,0.0730050933786078
2026-05-15,1,1,9,medium,18,0.16666666666666666,373.0,0.010723860589812333,0.15594280607685432
2026-05-15,1,1,9,short,4,0.0,70.0,0.02857142857142857,-0.02857142857142857
2026-05-15,1,1,9,very_long,17,0.0,46.0,0.021739130434782608,-0.021739130434782608
2026-05-15,1,1,9,zero,9,0.1111111111111111,289.0,0.04152249134948097,0.06958861976163014
2026-05-16,0,0,0,long,1,0.0,40.0,0.0,0.0
2026-05-16,0,0,0,medium,1,0.0,281.0,0.0,0.0
2026-05-16,0,0,0,very_long,10,0.0,45.0,0.0,0.0
2026-05-16,0,0,0,zero,2,0.0,690.0,0.0,0.0
2026-05-16,0,0,1,medium,1,0.0,447.0,0.0,0.0
2026-05-16,0,0,1,short,1,0.0,431.0,0.0,0.0
2026-05-16,0,0,1,very_long,2,0.0,58.0,0.0,0.0
2026-05-16,0,0,1,zero,3,0.0,1105.0,0.0,0.0
2026-05-16,0,0,2,long,5,0.0,75.0,0.0,0.0
2026-05-16,0,0,2,short,4,0.0,178.0,0.0,0.0
2026-05-16,0,0,2,very_long,2,0.0,85.0,0.0,0.0
2026-05-16,0,0,2,zero,10,0.0,493.0,0.0,0.0
2026-05-16,0,0,4,short,1,0.0,25.0,0.0,0.0
2026-05-16,0,0,5,long,1,0.0,40.0,0.0,0.0
2026-05-16,0,0,5,very_long,2,0.0,46.0,0.0,0.0
2026-05-16,0,0,5,zero,2,0.0,199.0,0.0,0.0
2026-05-16,0,0,6,long,3,0.0,40.0,0.0,0.0
2026-05-16,0,0,6,short,2,0.0,84.0,0.0,0.0
2026-05-16,0,0,6,very_long,3,0.0,50.0,0.0,0.0
2026-05-16,0,0,6,zero,2,0.0,192.0,0.0,0.0
2026-05-16,0,0,7,medium,2,0.0,130.0,0.0,0.0
2026-05-16,0,0,7,short,2,0.0,102.0,0.0,0.0
2026-05-16,0,0,7,very_long,3,0.0,52.0,0.0,0.0
2026-05-16,0,0,7,zero,6,0.0,251.0,0.0,0.0
2026-05-16,0,0,8,medium,4,0.0,136.0,0.0,0.0
2026-05-16,0,0,8,short,1,0.0,134.0,0.0,0.0
2026-05-16,0,0,8,very_long,3,0.0,30.0,0.0,0.0
2026-05-16,0,0,8,zero,2,0.0,307.0,0.0,0.0
2026-05-16,0,0,9,very_long,1,0.0,41.0,0.0,0.0
2026-05-16,0,0,9,zero,20,0.15,676.0,0.0014792899408284023,0.14852071005917158
2026-05-16,0,1,2,long,1,0.0,13.0,0.0,0.0
2026-05-16,0,1,2,medium,4,0.0,124.0,0.0,0.0
2026-05-16,0,1,2,very_long,2,0.0,14.0,0.0,0.0
2026-05-16,0,1,5,long,2,0.0,15.0,0.0,0.0
2026-05-16,0,1,5,medium,3,0.0,43.0,0.0,0.0
2026-05-16,0,1,6,long,1,0.0,7.0,0.0,0.0
2026-05-16,0,1,6,medium,1,0.0,62.0,0.0,0.0
2026-05-16,0,1,6,very_long,2,0.0,7.0,0.0,0.0
2026-05-16,0,1,7,very_long,3,0.0,13.0,0.0,0.0
2026-05-16,0,1,7,zero,2,0.0,56.0,0.0,0.0
2026-05-16,0,1,8,zero,1,0.0,49.0,0.0,0.0
2026-05-16,0,1,9,very_long,1,0.0,12.0,0.0,0.0
2026-05-16,1,0,0,long,2,0.0,4.0,0.0,0.0
2026-05-16,1,0,0,zero,1,0.0,59.0,0.0,0.0
2026-05-16,1,0,1,long,4,0.0,11.0,0.0,0.0
2026-05-16,1,0,1,very_long,5,0.0,11.0,0.0,0.0
2026-05-16,1,0,1,zero,1,0.0,176.0,0.0,0.0
2026-05-16,1,0,2,long,4,0.0,24.0,0.0,0.0
2026-05-16,1,0,2,medium,3,0.0,895.0,0.0,0.0
2026-05-16,1,0,2,very_long,1,0.0,23.0,0.0,0.0
2026-05-16,1,0,2,zero,1,0.0,624.0,0.003205128205128205,-0.003205128205128205
2026-05-16,1,0,4,short,1,0.0,34.0,0.0,0.0
2026-05-16,1,0,4,zero,1,0.0,386.0,0.0,0.0
2026-05-16,1,0,5,long,2,0.0,18.0,0.0,0.0
2026-05-16,1,0,5,medium,3,0.0,346.0,0.0,0.0
2026-05-16,1,0,5,zero,5,0.0,371.0,0.0026954177897574125,-0.0026954177897574125
2026-05-16,1,0,6,long,1,0.0,38.0,0.0,0.0
2026-05-16,1,0,6,medium,1,0.0,418.0,0.0,0.0
2026-05-16,1,0,6,short,1,0.0,82.0,0.0,0.0
2026-05-16,1,0,6,very_long,3,0.0,31.0,0.0,0.0
2026-05-16,1,0,6,zero,2,0.0,544.0,0.0,0.0
2026-05-16,1,0,7,long,4,0.0,33.0,0.0,0.0
2026-05-16,1,0,7,medium,1,0.0,326.0,0.0,0.0
2026-05-16,1,0,7,short,2,0.0,70.0,0.0,0.0
2026-05-16,1,0,7,very_long,4,0.0,29.0,0.0,0.0
2026-05-16,1,0,7,zero,3,0.0,398.0,0.0,0.0
2026-05-16,1,0,8,long,4,0.0,13.0,0.0,0.0
2026-05-16,1,0,8,medium,2,0.0,281.0,0.0,0.0
2026-05-16,1,0,8,very_long,2,0.0,12.0,0.0,0.0
2026-05-16,1,0,8,zero,3,0.0,434.0,0.0,0.0
2026-05-16,1,0,9,long,2,0.0,10.0,0.0,0.0
2026-05-16,1,0,9,medium,2,0.0,175.0,0.02857142857142857,-0.02857142857142857
2026-05-16,1,0,9,short,3,0.0,72.0,0.0,0.0
2026-05-16,1,0,9,zero,8,0.0,283.0,0.024734982332155476,-0.024734982332155476
2026-05-16,1,1,0,long,3,0.0,6.0,0.0,0.0
2026-05-16,1,1,0,medium,50,0.0,66.0,0.0,0.0
2026-05-16,1,1,0,short,2,0.0,28.0,0.0,0.0
2026-05-16,1,1,0,very_long,6,0.0,12.0,0.0,0.0
2026-05-16,1,1,0,zero,7,0.0,37.0,0.0,0.0
2026-05-16,1,1,1,long,14,0.0,6.0,0.0,0.0
2026-05-16,1,1,1,medium,69,0.0,104.0,0.0,0.0
2026-05-16,1,1,1,short,5,0.0,26.0,0.0,0.0
2026-05-16,1,1,1,very_long,4,0.0,28.0,0.0,0.0
2026-05-16,1,1,1,zero,9,0.0,54.0,0.0,0.0
2026-05-16,1,1,2,long,13,0.07692307692307693,28.0,0.03571428571428571,0.041208791208791215
2026-05-16,1,1,2,medium,39,0.0,1411.0,0.0007087172218284905,-0.0007087172218284905
2026-05-16,1,1,2,short,9,0.1111111111111111,97.0,0.0,0.1111111111111111
2026-05-16,1,1,2,very_long,5,0.0,17.0,0.0,0.0
2026-05-16,1,1,2,zero,7,0.0,808.0,0.0,0.0
2026-05-16,1,1,4,long,2,0.0,20.0,0.0,0.0
2026-05-16,1,1,4,short,1,0.0,29.0,0.0,0.0
2026-05-16,1,1,4,zero,9,0.0,399.0,0.0,0.0
2026-05-16,1,1,5,long,14,0.0,31.0,0.0,0.0
2026-05-16,1,1,5,medium,27,0.0,443.0,0.0,0.0
2026-05-16,1,1,5,short,3,0.0,55.0,0.0,0.0
2026-05-16,1,1,5,very_long,4,0.0,12.0,0.0,0.0
2026-05-16,1,1,5,zero,6,0.0,326.0,0.0,0.0
2026-05-16,1,1,6,long,17,0.0,36.0,0.0,0.0
2026-05-16,1,1,6,medium,9,0.0,383.0,0.0,0.0
2026-05-16,1,1,6,short,5,0.0,48.0,0.0,0.0
2026-05-16,1,1,6,very_long,7,0.0,25.0,0.0,0.0
2026-05-16,1,1,6,zero,3,0.0,383.0,0.0,0.0
2026-05-16,1,1,7,long,13,0.0,80.0,0.0,0.0
2026-05-16,1,1,7,medium,17,0.0,422.0,0.0,0.0
2026-05-16,1,1,7,short,13,0.0,53.0,0.0,0.0
2026-05-16,1,1,7,very_long,16,0.0,35.0,0.0,0.0
2026-05-16,1,1,7,zero,11,0.0,367.0,0.0,0.0
2026-05-16,1,1,8,long,16,0.0,47.0,0.0,0.0
2026-05-16,1,1,8,medium,26,0.0,423.0,0.002364066193853428,-0.002364066193853428
2026-05-16,1,1,8,short,5,0.0,64.0,0.0,0.0
2026-05-16,1,1,8,very_long,6,0.0,29.0,0.0,0.0
2026-05-16,1,1,8,zero,4,0.0,554.0,0.0,0.0
2026-05-16,1,1,9,long,24,0.20833333333333334,42.0,0.047619047619047616,0.16071428571428573
2026-05-16,1,1,9,medium,52,0.038461538461538464,304.0,0.019736842105263157,0.018724696356275307
2026-05-16,1,1,9,short,5,0.2,89.0,0.011235955056179775,0.18876404494382024
2026-05-16,1,1,9,very_long,11,0.09090909090909091,42.0,0.0,0.09090909090909091
2026-05-16,1,1,9,zero,2,0.5,287.0,0.017421602787456445,0.48257839721254353
2026-05-17,0,0,0,zero,1,0.0,657.0,0.0,0.0
2026-05-17,0,0,1,long,1,0.0,41.0,0.0,0.0
2026-05-17,0,0,1,medium,1,0.0,214.0,0.0,0.0
2026-05-17,0,0,1,very_long,1,0.0,140.0,0.0,0.0
2026-05-17,0,0,1,zero,1,0.0,1043.0,0.0,0.0
2026-05-17,0,0,2,long,10,0.0,56.0,0.0,0.0
2026-05-17,0,0,2,very_long,3,0.0,94.0,0.0,0.0
2026-05-17,0,0,5,long,5,0.0,31.0,0.0,0.0
2026-05-17,0,0,5,medium,3,0.0,119.0,0.0,0.0
2026-05-17,0,0,5,short,1,0.0,75.0,0.0,0.0
2026-05-17,0,0,5,very_long,2,0.0,35.0,0.0,0.0
2026-05-17,0,0,5,zero,2,0.0,174.0,0.0,0.0
2026-05-17,0,0,6,long,2,0.0,55.0,0.0,0.0
2026-05-17,0,0,6,medium,1,0.0,120.0,0.0,0.0
2026-05-17,0,0,6,zero,4,0.0,165.0,0.0,0.0
2026-05-17,0,0,7,long,2,0.0,39.0,0.0,0.0
2026-05-17,0,0,7,medium,3,0.0,127.0,0.0,0.0
2026-05-17,0,0,7,zero,2,0.0,260.0,0.0,0.0
2026-05-17,0,0,8,short,2,0.0,113.0,0.0,0.0
2026-05-17,0,0,8,zero,5,0.0,263.0,0.0,0.0
2026-05-17,0,0,9,short,3,0.0,163.0,0.0,0.0
2026-05-17,0,0,9,zero,14,0.0,621.0,0.00644122383252818,-0.00644122383252818
2026-05-17,0,1,0,medium,2,0.0,6.0,0.0,0.0
2026-05-17,0,1,0,very_long,1,0.0,16.0,0.0,0.0
2026-05-17,0,1,1,long,1,0.0,2.0,0.0,0.0
2026-05-17,0,1,1,medium,2,0.0,20.0,0.0,0.0
2026-05-17,0,1,1,short,1,0.0,7.0,0.0,0.0
2026-05-17,0,1,2,long,2,0.0,11.0,0.0,0.0
2026-05-17,0,1,2,medium,3,0.0,108.0,0.0,0.0
2026-05-17,0,1,5,medium,1,0.0,23.0,0.0,0.0
2026-05-17,0,1,6,long,1,0.0,7.0,0.0,0.0
2026-05-17,0,1,6,medium,1,0.0,30.0,0.0,0.0
2026-05-17,0,1,7,medium,2,0.0,18.0,0.0,0.0
2026-05-17,0,1,7,zero,1,0.0,47.0,0.0,0.0
2026-05-17,0,1,9,short,1,0.0,8.0,0.0,0.0
2026-05-17,1,0,0,medium,1,0.0,62.0,0.0,0.0
2026-05-17,1,0,0,very_long,1,0.0,3.0,0.0,0.0
2026-05-17,1,0,1,very_long,2,0.0,7.0,0.0,0.0
2026-05-17,1,0,1,zero,1,0.0,114.0,0.0,0.0
2026-05-17,1,0,2,long,1,0.0,45.0,0.0,0.0
2026-05-17,1,0,2,medium,1,0.0,654.0,0.0,0.0
2026-05-17,1,0,2,very_long,5,0.0,21.0,0.0,0.0
2026-05-17,1,0,2,zero,1,0.0,673.0,0.0029717682020802376,-0.0029717682020802376
2026-05-17,1,0,4,zero,1,0.0,553.0,0.0,0.0
2026-05-17,1,0,5,medium,7,0.0,292.0,0.0,0.0
2026-05-17,1,0,5,very_long,2,0.0,8.0,0.0,0.0
2026-05-17,1,0,5,zero,1,0.0,527.0,0.0,0.0
2026-05-17,1,0,6,long,10,0.0,41.0,0.0,0.0
2026-05-17,1,0,6,medium,2,0.0,410.0,0.0,0.0
2026-05-17,1,0,6,short,1,0.0,108.0,0.0,0.0
2026-05-17,1,0,6,very_long,3,0.0,26.0,0.0,0.0
2026-05-17,1,0,6,zero,1,0.0,794.0,0.0,0.0
2026-05-17,1,0,7,long,5,0.0,37.0,0.0,0.0
2026-05-17,1,0,7,medium,4,0.0,290.0,0.0,0.0
2026-05-17,1,0,7,short,3,0.0,63.0,0.0,0.0
2026-05-17,1,0,7,very_long,5,0.0,30.0,0.0,0.0
2026-05-17,1,0,7,zero,2,0.0,390.0,0.0,0.0
2026-05-17,1,0,8,long,1,0.0,14.0,0.0,0.0
2026-05-17,1,0,8,very_long,2,0.0,6.0,0.0,0.0
2026-05-17,1,0,8,zero,3,0.0,553.0,0.0,0.0
2026-05-17,1,0,9,medium,1,0.0,211.0,0.02843601895734597,-0.02843601895734597
2026-05-17,1,0,9,short,1,0.0,69.0,0.014492753623188406,-0.014492753623188406
2026-05-17,1,0,9,very_long,1,0.0,9.0,0.0,0.0
2026-05-17,1,1,0,long,9,0.0,4.0,0.0,0.0
2026-05-17,1,1,0,medium,3,0.0,59.0,0.0,0.0
2026-05-17,1,1,0,very_long,4,0.0,6.0,0.0,0.0
2026-05-17,1,1,0,zero,6,0.0,54.0,0.0,0.0
2026-05-17,1,1,1,long,30,0.0,4.0,0.0,0.0
2026-05-17,1,1,1,medium,5,0.0,142.0,0.0,0.0
2026-05-17,1,1,1,very_long,1,0.0,6.0,0.0,0.0
2026-05-17,1,1,1,zero,4,0.0,100.0,0.0,0.0
2026-05-17,1,1,2,long,9,0.1111111111111111,32.0,0.03125,0.0798611111111111
2026-05-17,1,1,2,medium,54,0.018518518518518517,1082.0,0.0,0.018518518518518517
2026-05-17,1,1,2,short,3,0.0,62.0,0.0,0.0
2026-05-17,1,1,2,very_long,4,0.0,19.0,0.0,0.0
2026-05-17,1,1,2,zero,4,0.0,827.0,0.0012091898428053204,-0.0012091898428053204
2026-05-17,1,1,4,long,1,0.0,18.0,0.0,0.0
2026-05-17,1,1,4,medium,1,0.0,679.0,0.0,0.0
2026-05-17,1,1,4,zero,5,0.0,589.0,0.0,0.0
2026-05-17,1,1,5,long,4,0.0,47.0,0.0,0.0
2026-05-17,1,1,5,medium,28,0.0,421.0,0.0,0.0
2026-05-17,1,1,5,short,4,0.0,41.0,0.0,0.0
2026-05-17,1,1,5,very_long,5,0.0,27.0,0.0,0.0
2026-05-17,1,1,6,long,6,0.0,41.0,0.0,0.0
2026-05-17,1,1,6,medium,17,0.0,391.0,0.0,0.0
2026-05-17,1,1,6,short,2,0.0,57.0,0.0,0.0
2026-05-17,1,1,6,very_long,10,0.0,23.0,0.0,0.0
2026-05-17,1,1,6,zero,2,0.0,477.0,0.0,0.0
2026-05-17,1,1,7,long,16,0.0,70.0,0.0,0.0
2026-05-17,1,1,7,medium,16,0.0,346.0,0.0,0.0
2026-05-17,1,1,7,short,2,0.0,41.0,0.0,0.0
2026-05-17,1,1,7,very_long,11,0.0,36.0,0.0,0.0
2026-05-17,1,1,7,zero,4,0.0,417.0,0.0,0.0
2026-05-17,1,1,8,long,16,0.0,37.0,0.0,0.0
2026-05-17,1,1,8,medium,6,0.0,432.0,0.0023148148148148147,-0.0023148148148148147
2026-05-17,1,1,8,short,2,0.0,53.0,0.0,0.0
2026-05-17,1,1,8,very_long,8,0.0,13.0,0.0,0.0
2026-05-17,1,1,8,zero,4,0.25,663.0,0.0,0.25
2026-05-17,1,1,9,long,26,0.23076923076923078,30.0,0.06666666666666667,0.16410256410256413
2026-05-17,1,1,9,medium,9,0.2222222222222222,298.0,0.003355704697986577,0.21886651752423564
2026-05-17,1,1,9,short,1,1.0,40.0,0.0,1.0
2026-05-17,1,1,9,very_long,6,0.5,16.0,0.0,0.5
2026-05-17,1,1,9,zero,4,0.0,395.0,0.012658227848101266,-0.012658227848101266
2026-05-18,0,0,0,very_long,2,0.0,108.0,0.0,0.0
2026-05-18,0,0,0,zero,4,0.0,805.0,0.0,0.0
2026-05-18,0,0,1,short,1,0.0,393.0,0.0,0.0
2026-05-18,0,0,1,very_long,2,0.0,142.0,0.0,0.0
2026-05-18,0,0,1,zero,4,0.0,1204.0,0.0,0.0
2026-05-18,0,0,2,long,6,0.0,68.0,0.0,0.0
2026-05-18,0,0,2,medium,6,0.16666666666666666,279.0,0.0,0.16666666666666666
2026-05-18,0,0,2,very_long,2,0.0,75.0,0.0,0.0
2026-05-18,0,0,2,zero,3,0.0,421.0,0.0,0.0
2026-05-18,0,0,4,long,2,0.0,3.0,0.0,0.0
2026-05-18,0,0,4,medium,3,0.0,54.0,0.0,0.0
2026-05-18,0,0,4,zero,2,0.0,128.0,0.0,0.0
2026-05-18,0,0,5,long,4,0.0,26.0,0.0,0.0
2026-05-18,0,0,5,medium,2,0.0,112.0,0.0,0.0
2026-05-18,0,0,6,medium,2,0.0,102.0,0.0,0.0
2026-05-18,0,0,6,very_long,1,0.0,37.0,0.0,0.0
2026-05-18,0,0,7,medium,6,0.0,108.0,0.0,0.0
2026-05-18,0,0,7,short,2,0.0,93.0,0.0,0.0
2026-05-18,0,0,7,very_long,1,0.0,46.0,0.0,0.0
2026-05-18,0,0,7,zero,4,0.0,237.0,0.0,0.0
2026-05-18,0,0,8,long,1,0.0,25.0,0.0,0.0
2026-05-18,0,0,8,very_long,1,0.0,54.0,0.0,0.0
2026-05-18,0,0,8,zero,4,0.0,311.0,0.0,0.0
2026-05-18,0,0,9,very_long,1,0.0,130.0,0.007692307692307693,-0.007692307692307693
2026-05-18,0,0,9,zero,5,0.0,645.0,0.0,0.0
2026-05-18,0,1,0,long,2,0.0,1.0,0.0,0.0
2026-05-18,0,1,0,zero,2,0.0,42.0,0.0,0.0
2026-05-18,0,1,1,zero,1,0.0,45.0,0.0,0.0
2026-05-18,0,1,2,very_long,1,0.0,7.0,0.0,0.0
2026-05-18,0,1,6,long,1,0.0,9.0,0.0,0.0
2026-05-18,0,1,6,very_long,8,0.0,10.0,0.0,0.0
2026-05-18,0,1,7,long,1,0.0,14.0,0.0,0.0
2026-05-18,0,1,7,very_long,10,0.0,13.0,0.0,0.0
2026-05-18,0,1,7,zero,1,0.0,73.0,0.0,0.0
2026-05-18,0,1,8,medium,1,0.0,17.0,0.0,0.0
2026-05-18,0,1,8,short,2,0.0,11.0,0.0,0.0
2026-05-18,0,1,8,very_long,24,0.0,19.0,0.0,0.0
2026-05-18,0,1,9,long,1,0.0,1.0,0.0,0.0
2026-05-18,0,1,9,very_long,3,0.0,9.0,0.0,0.0
2026-05-18,1,0,0,very_long,3,0.0,11.0,0.0,0.0
2026-05-18,1,0,0,zero,1,0.0,77.0,0.0,0.0
2026-05-18,1,0,1,medium,1,0.0,59.0,0.0,0.0
2026-05-18,1,0,1,short,3,0.0,25.0,0.0,0.0
2026-05-18,1,0,1,very_long,3,0.0,11.0,0.0,0.0
2026-05-18,1,0,1,zero,1,0.0,97.0,0.0,0.0
2026-05-18,1,0,2,long,1,0.0,70.0,0.0,0.0
2026-05-18,1,0,2,medium,2,0.0,670.0,0.0014925373134328358,-0.0014925373134328358
2026-05-18,1,0,2,short,3,0.0,55.0,0.0,0.0
2026-05-18,1,0,2,very_long,3,0.0,19.0,0.0,0.0
2026-05-18,1,0,2,zero,1,0.0,1250.0,0.0032,-0.0032
2026-05-18,1,0,4,long,1,0.0,45.0,0.0,0.0
2026-05-18,1,0,4,zero,1,0.0,862.0,0.0,0.0
2026-05-18,1,0,6,long,4,0.0,31.0,0.0,0.0
2026-05-18,1,0,6,medium,5,0.0,363.0,0.0,0.0
2026-05-18,1,0,6,very_long,4,0.0,19.0,0.0,0.0
2026-05-18,1,0,6,zero,2,0.0,929.0,0.0,0.0
2026-05-18,1,0,7,long,6,0.0,47.0,0.0,0.0
2026-05-18,1,0,7,medium,4,0.0,269.0,0.0,0.0
2026-05-18,1,0,7,short,1,0.0,78.0,0.0,0.0
2026-05-18,1,0,7,very_long,9,0.0,21.0,0.0,0.0
2026-05-18,1,0,7,zero,1,0.0,634.0,0.0,0.0
2026-05-18,1,0,8,long,3,0.0,11.0,0.0,0.0
2026-05-18,1,0,8,medium,1,0.0,235.0,0.0,0.0
2026-05-18,1,0,8,short,2,0.0,112.0,0.0,0.0
2026-05-18,1,0,8,zero,2,0.0,709.0,0.0028208744710860366,-0.0028208744710860366
2026-05-18,1,0,9,medium,2,0.0,139.0,0.07194244604316546,-0.07194244604316546
2026-05-18,1,0,9,short,1,0.0,59.0,0.0,0.0
2026-05-18,1,0,9,very_long,4,0.0,17.0,0.0,0.0
2026-05-18,1,0,9,zero,4,0.0,373.0,0.032171581769437,-0.032171581769437
2026-05-18,1,1,0,long,5,0.0,7.0,0.0,0.0
2026-05-18,1,1,0,medium,7,0.0,20.0,0.0,0.0
2026-05-18,1,1,0,short,1,0.0,6.0,0.0,0.0
2026-05-18,1,1,0,very_long,3,0.0,2.0,0.0,0.0
2026-05-18,1,1,0,zero,7,0.0,60.0,0.0,0.0
2026-05-18,1,1,1,long,4,0.0,10.0,0.0,0.0
2026-05-18,1,1,1,medium,4,0.0,17.0,0.0,0.0
2026-05-18,1,1,1,short,2,0.0,16.0,0.0,0.0
2026-05-18,1,1,1,very_long,3,0.0,12.0,0.0,0.0
2026-05-18,1,1,1,zero,7,0.0,85.0,0.0,0.0
2026-05-18,1,1,2,long,6,0.0,26.0,0.0,0.0
2026-05-18,1,1,2,medium,86,0.0,763.0,0.0,0.0
2026-05-18,1,1,2,short,7,0.0,37.0,0.0,0.0
2026-05-18,1,1,2,very_long,5,0.0,24.0,0.0,0.0
2026-05-18,1,1,2,zero,6,0.0,1604.0,0.0,0.0
2026-05-18,1,1,4,long,2,0.0,24.0,0.0,0.0
2026-05-18,1,1,4,medium,8,0.0,629.0,0.0,0.0
2026-05-18,1,1,4,short,3,0.0,35.0,0.0,0.0
2026-05-18,1,1,4,zero,5,0.0,839.0,0.0,0.0
2026-05-18,1,1,5,long,10,0.0,43.0,0.0,0.0
2026-05-18,1,1,5,medium,57,0.0,364.0,0.0,0.0
2026-05-18,1,1,5,short,10,0.0,51.0,0.0,0.0
2026-05-18,1,1,5,very_long,3,0.0,42.0,0.0,0.0
2026-05-18,1,1,5,zero,3,0.0,525.0,0.0019047619047619048,-0.0019047619047619048
2026-05-18,1,1,6,long,10,0.0,54.0,0.0,0.0
2026-05-18,1,1,6,medium,13,0.0,391.0,0.0,0.0
2026-05-18,1,1,6,short,4,0.0,78.0,0.0,0.0
2026-05-18,1,1,6,very_long,7,0.0,41.0,0.0,0.0
2026-05-18,1,1,6,zero,3,0.0,612.0,0.0,0.0
2026-05-18,1,1,7,long,30,0.0,112.0,0.0,0.0
2026-05-18,1,1,7,medium,17,0.0,361.0,0.0,0.0
2026-05-18,1,1,7,short,4,0.0,65.0,0.0,0.0
2026-05-18,1,1,7,very_long,12,0.0,34.0,0.0,0.0
2026-05-18,1,1,7,zero,4,0.0,512.0,0.001953125,-0.001953125
2026-05-18,1,1,8,long,14,0.0,48.0,0.0,0.0
2026-05-18,1,1,8,medium,10,0.0,327.0,0.0030581039755351682,-0.0030581039755351682
2026-05-18,1,1,8,short,5,0.0,71.0,0.0,0.0
2026-05-18,1,1,8,very_long,5,0.0,36.0,0.0,0.0
2026-05-18,1,1,8,zero,5,0.0,770.0,0.0,0.0
2026-05-18,1,1,9,long,11,0.18181818181818182,37.0,0.05405405405405406,0.12776412776412777
2026-05-18,1,1,9,medium,15,0.0,218.0,0.027522935779816515,-0.027522935779816515
2026-05-18,1,1,9,short,6,0.0,57.0,0.017543859649122806,-0.017543859649122806
2026-05-18,1,1,9,very_long,7,0.0,18.0,0.05555555555555555,-0.05555555555555555
2026-05-18,1,1,9,zero,8,0.0,417.0,0.011990407673860911,-0.011990407673860911
2026-05-19,0,0,0,medium,1,0.0,172.0,0.0,0.0
2026-05-19,0,0,1,long,1,0.0,87.0,0.0,0.0
2026-05-19,0,0,1,medium,1,0.0,223.0,0.0,0.0
2026-05-19,0,0,1,very_long,1,0.0,108.0,0.0,0.0
2026-05-19,0,0,2,long,1,0.0,76.0,0.0,0.0
2026-05-19,0,0,2,medium,4,0.0,204.0,0.0,0.0
2026-05-19,0,0,2,short,3,0.0,165.0,0.0,0.0
2026-05-19,0,0,2,very_long,1,0.0,56.0,0.0,0.0
2026-05-19,0,0,2,zero,3,0.3333333333333333,380.0,0.0,0.3333333333333333
2026-05-19,0,0,4,zero,1,0.0,91.0,0.0,0.0
2026-05-19,0,0,5,long,1,0.0,32.0,0.0,0.0
2026-05-19,0,0,5,medium,1,0.0,105.0,0.0,0.0
2026-05-19,0,0,5,short,1,0.0,89.0,0.0,0.0
2026-05-19,0,0,5,zero,3,0.6666666666666666,191.0,0.0,0.6666666666666666
2026-05-19,0,0,6,long,2,0.0,46.0,0.0,0.0
2026-05-19,0,0,6,medium,1,0.0,120.0,0.0,0.0
2026-05-19,0,0,6,short,2,0.5,77.0,0.0,0.5
2026-05-19,0,0,6,zero,1,0.0,204.0,0.0,0.0
2026-05-19,0,0,7,medium,3,0.0,109.0,0.0,0.0
2026-05-19,0,0,7,short,2,0.0,97.0,0.0,0.0
2026-05-19,0,0,7,zero,2,0.0,226.0,0.0,0.0
2026-05-19,0,0,8,medium,4,0.0,87.0,0.0,0.0
2026-05-19,0,0,8,zero,2,0.0,252.0,0.003968253968253968,-0.003968253968253968
2026-05-19,0,0,9,long,2,0.0,50.0,0.02,-0.02
2026-05-19,0,0,9,short,7,0.0,208.0,0.0,0.0
2026-05-19,0,0,9,zero,5,0.2,531.0,0.018832391713747645,0.18116760828625236
2026-05-19,0,1,0,long,1,0.0,1.0,0.0,0.0
2026-05-19,0,1,2,medium,2,0.0,69.0,0.0,0.0
2026-05-19,0,1,5,very_long,1,0.0,9.0,0.0,0.0
2026-05-19,0,1,6,long,5,0.0,11.0,0.0,0.0
2026-05-19,0,1,6,short,1,0.0,14.0,0.0,0.0
2026-05-19,0,1,6,zero,1,0.0,51.0,0.0,0.0
2026-05-19,0,1,7,long,5,0.0,11.0,0.0,0.0
2026-05-19,0,1,7,medium,1,0.0,33.0,0.0,0.0
2026-05-19,0,1,7,very_long,1,0.0,17.0,0.0,0.0
2026-05-19,0,1,7,zero,1,0.0,60.0,0.0,0.0
2026-05-19,0,1,8,long,15,0.0,1.0,0.0,0.0
2026-05-19,0,1,8,very_long,3,0.0,9.0,0.0,0.0
2026-05-19,0,1,9,long,3,0.0,2.0,0.5,-0.5
2026-05-19,0,1,9,short,1,1.0,10.0,0.0,1.0
2026-05-19,0,1,9,very_long,2,0.0,14.0,0.0,0.0
2026-05-19,1,0,0,long,4,0.0,3.0,0.0,0.0
2026-05-19,1,0,0,short,1,0.0,8.0,0.0,0.0
2026-05-19,1,0,1,very_long,1,0.0,9.0,0.0,0.0
2026-05-19,1,0,2,medium,2,0.0,660.0,0.0015151515151515152,-0.0015151515151515152
2026-05-19,1,0,2,short,4,0.0,77.0,0.0,0.0
2026-05-19,1,0,2,very_long,3,0.0,30.0,0.0,0.0
2026-05-19,1,0,4,long,3,0.0,9.0,0.0,0.0
2026-05-19,1,0,5,long,2,0.0,32.0,0.0,0.0
2026-05-19,1,0,5,medium,2,0.0,441.0,0.0,0.0
2026-05-19,1,0,5,short,1,0.0,88.0,0.0,0.0
2026-05-19,1,0,5,very_long,1,0.0,14.0,0.0,0.0
2026-05-19,1,0,5,zero,4,0.0,870.0,0.0,0.0
2026-05-19,1,0,6,long,2,0.0,30.0,0.0,0.0
2026-05-19,1,0,6,medium,1,0.0,264.0,0.003787878787878788,-0.003787878787878788
2026-05-19,1,0,6,short,1,0.0,113.0,0.0,0.0
2026-05-19,1,0,6,very_long,1,0.0,27.0,0.0,0.0
2026-05-19,1,0,6,zero,2,0.0,880.0,0.0,0.0
2026-05-19,1,0,7,long,5,0.0,36.0,0.0,0.0
2026-05-19,1,0,7,medium,3,0.0,247.0,0.0,0.0
2026-05-19,1,0,7,short,1,0.0,73.0,0.0,0.0
2026-05-19,1,0,7,very_long,2,0.0,22.0,0.0,0.0
2026-05-19,1,0,7,zero,3,0.0,548.0,0.0,0.0
2026-05-19,1,0,8,long,3,0.0,18.0,0.0,0.0
2026-05-19,1,0,8,medium,3,0.0,238.0,0.0,0.0
2026-05-19,1,0,8,short,3,0.0,116.0,0.0,0.0
2026-05-19,1,0,8,zero,4,0.0,662.0,0.0,0.0
2026-05-19,1,0,9,long,1,1.0,17.0,0.0,1.0
2026-05-19,1,0,9,short,13,0.0,73.0,0.0684931506849315,-0.0684931506849315
2026-05-19,1,0,9,zero,4,0.0,320.0,0.0125,-0.0125
2026-05-19,1,1,0,medium,4,0.0,49.0,0.0,0.0
2026-05-19,1,1,0,short,1,0.0,15.0,0.0,0.0
2026-05-19,1,1,0,very_long,2,0.0,4.0,0.0,0.0
2026-05-19,1,1,1,long,4,0.0,11.0,0.0,0.0
2026-05-19,1,1,1,medium,2,0.0,71.0,0.0,0.0
2026-05-19,1,1,1,short,1,0.0,24.0,0.0,0.0
2026-05-19,1,1,1,very_long,4,0.0,5.0,0.0,0.0
2026-05-19,1,1,1,zero,2,0.0,25.0,0.0,0.0
2026-05-19,1,1,2,long,9,0.0,32.0,0.0,0.0
2026-05-19,1,1,2,medium,84,0.023809523809523808,747.0,0.0013386880856760374,0.02247083572384777
2026-05-19,1,1,2,short,5,0.0,68.0,0.0,0.0
2026-05-19,1,1,2,very_long,4,0.0,41.0,0.024390243902439025,-0.024390243902439025
2026-05-19,1,1,2,zero,4,0.0,1029.0,0.0,0.0
2026-05-19,1,1,4,long,4,0.0,10.0,0.0,0.0
2026-05-19,1,1,4,short,6,0.0,23.0,0.0,0.0
2026-05-19,1,1,4,very_long,1,0.0,2.0,0.0,0.0
2026-05-19,1,1,5,long,10,0.0,36.0,0.0,0.0
2026-05-19,1,1,5,medium,49,0.0,437.0,0.0,0.0
2026-05-19,1,1,5,short,20,0.0,85.0,0.0,0.0
2026-05-19,1,1,5,very_long,4,0.0,21.0,0.0,0.0
2026-05-19,1,1,5,zero,6,0.0,674.0,0.0,0.0
2026-05-19,1,1,6,long,15,0.0,58.0,0.0,0.0
2026-05-19,1,1,6,medium,13,0.0,295.0,0.0,0.0
2026-05-19,1,1,6,short,7,0.0,75.0,0.0,0.0
2026-05-19,1,1,6,very_long,10,0.0,20.0,0.0,0.0
2026-05-19,1,1,6,zero,4,0.0,515.0,0.0,0.0
2026-05-19,1,1,7,long,15,0.0,80.0,0.0,0.0
2026-05-19,1,1,7,medium,14,0.0,302.0,0.0,0.0
2026-05-19,1,1,7,short,6,0.0,59.0,0.0,0.0
2026-05-19,1,1,7,very_long,11,0.0,34.0,0.0,0.0
2026-05-19,1,1,7,zero,7,0.0,450.0,0.0022222222222222222,-0.0022222222222222222
2026-05-19,1,1,8,long,8,0.125,47.0,0.0,0.125
2026-05-19,1,1,8,medium,12,0.0,327.0,0.0,0.0
2026-05-19,1,1,8,short,4,0.0,63.0,0.0,0.0
2026-05-19,1,1,8,very_long,6,0.0,41.0,0.0,0.0
2026-05-19,1,1,8,zero,3,0.0,652.0,0.0,0.0
2026-05-19,1,1,9,long,24,0.20833333333333334,36.0,0.027777777777777776,0.18055555555555558
2026-05-19,1,1,9,medium,14,0.14285714285714285,224.0,0.03125,0.11160714285714285
2026-05-19,1,1,9,very_long,11,0.0,32.0,0.03125,-0.03125
2026-05-19,1,1,9,zero,1,0.0,363.0,0.01928374655647383,-0.01928374655647383
2026-05-20,0,0,2,long,2,0.0,118.0,0.00847457627118644,-0.00847457627118644
2026-05-20,0,0,2,medium,2,0.0,213.0,0.0,0.0
2026-05-20,0,0,2,zero,1,0.0,442.0,0.0,0.0
2026-05-20,0,0,4,short,1,0.0,33.0,0.0,0.0
2026-05-20,0,0,5,medium,1,0.0,91.0,0.0,0.0
2026-05-20,0,0,5,short,1,0.0,62.0,0.0,0.0
2026-05-20,0,0,6,medium,3,0.0,89.0,0.0,0.0
2026-05-20,0,0,6,short,2,0.0,69.0,0.0,0.0
2026-05-20,0,0,6,very_long,2,0.0,34.0,0.0,0.0
2026-05-20,0,0,6,zero,3,0.0,169.0,0.0,0.0
2026-05-20,0,0,7,long,2,0.0,52.0,0.0,0.0
2026-05-20,0,0,7,medium,4,0.0,95.0,0.0,0.0
2026-05-20,0,0,7,short,2,0.0,123.0,0.0,0.0
2026-05-20,0,0,7,zero,3,0.0,244.0,0.0,0.0
2026-05-20,0,0,8,long,1,0.0,32.0,0.0,0.0
2026-05-20,0,0,8,medium,3,0.0,90.0,0.0,0.0
2026-05-20,0,0,8,short,2,0.0,153.0,0.0,0.0
2026-05-20,0,0,8,very_long,2,0.0,24.0,0.0,0.0
2026-05-20,0,0,9,short,22,0.045454545454545456,351.0,0.0,0.045454545454545456
2026-05-20,0,0,9,very_long,1,0.0,63.0,0.0,0.0
2026-05-20,0,0,9,zero,3,0.0,606.0,0.0049504950495049506,-0.0049504950495049506
2026-05-20,0,1,0,zero,1,0.0,32.0,0.0,0.0
2026-05-20,0,1,1,zero,3,0.0,39.0,0.0,0.0
2026-05-20,0,1,2,very_long,3,0.0,22.0,0.0,0.0
2026-05-20,0,1,2,zero,1,0.0,70.0,0.0,0.0
2026-05-20,0,1,4,zero,1,0.0,47.0,0.0,0.0
2026-05-20,0,1,5,medium,2,0.0,32.0,0.0,0.0
2026-05-20,0,1,5,short,1,0.0,4.0,0.0,0.0
2026-05-20,0,1,5,very_long,1,0.0,13.0,0.0,0.0
2026-05-20,0,1,5,zero,3,0.0,45.0,0.0,0.0
2026-05-20,0,1,6,long,3,0.0,8.0,0.0,0.0
2026-05-20,0,1,6,medium,1,0.0,24.0,0.0,0.0
2026-05-20,0,1,6,very_long,1,0.0,13.0,0.0,0.0
2026-05-20,0,1,7,long,1,0.0,20.0,0.0,0.0
2026-05-20,0,1,7,medium,1,0.0,29.0,0.0,0.0
2026-05-20,0,1,7,very_long,2,0.0,19.0,0.0,0.0
2026-05-20,0,1,7,zero,2,0.0,41.0,0.0,0.0
2026-05-20,0,1,8,long,18,0.0,16.0,0.0,0.0
2026-05-20,0,1,8,medium,1,0.0,19.0,0.0,0.0
2026-05-20,0,1,8,very_long,6,0.0,16.0,0.0,0.0
2026-05-20,0,1,9,long,5,0.0,2.0,0.0,0.0
2026-05-20,0,1,9,very_long,1,0.0,21.0,0.0,0.0
2026-05-20,1,0,0,long,1,0.0,7.0,0.0,0.0
2026-05-20,1,0,0,medium,1,0.0,25.0,0.0,0.0
2026-05-20,1,0,0,short,2,0.0,13.0,0.0,0.0
2026-05-20,1,0,0,zero,1,0.0,45.0,0.0,0.0
2026-05-20,1,0,1,medium,2,0.0,38.0,0.0,0.0
2026-05-20,1,0,1,short,1,0.0,12.0,0.0,0.0
2026-05-20,1,0,1,zero,3,0.0,38.0,0.0,0.0
2026-05-20,1,0,2,long,4,0.0,48.0,0.0,0.0
2026-05-20,1,0,2,medium,1,0.0,562.0,0.0017793594306049821,-0.0017793594306049821
2026-05-20,1,0,2,very_long,2,0.0,19.0,0.0,0.0
2026-05-20,1,0,2,zero,1,0.0,787.0,0.0063532401524777635,-0.0063532401524777635
2026-05-20,1,0,5,long,1,0.0,32.0,0.0,0.0
2026-05-20,1,0,5,medium,2,0.0,364.0,0.0,0.0
2026-05-20,1,0,5,short,1,0.0,98.0,0.0,0.0
2026-05-20,1,0,5,zero,3,0.0,645.0,0.0,0.0
2026-05-20,1,0,6,long,3,0.0,30.0,0.0,0.0
2026-05-20,1,0,6,medium,4,0.0,176.0,0.0,0.0
2026-05-20,1,0,6,very_long,3,0.0,24.0,0.0,0.0
2026-05-20,1,0,6,zero,1,0.0,508.0,0.0,0.0
2026-05-20,1,0,7,long,6,0.0,46.0,0.0,0.0
2026-05-20,1,0,7,medium,10,0.0,165.0,0.0,0.0
2026-05-20,1,0,7,short,1,0.0,58.0,0.0,0.0
2026-05-20,1,0,7,very_long,2,0.0,32.0,0.0,0.0
2026-05-20,1,0,8,long,3,0.0,30.0,0.0,0.0
2026-05-20,1,0,8,medium,5,0.0,198.0,0.0,0.0
2026-05-20,1,0,8,short,3,0.0,93.0,0.0,0.0
2026-05-20,1,0,8,very_long,1,0.0,13.0,0.0,0.0
2026-05-20,1,0,8,zero,2,0.0,559.0,0.0,0.0
2026-05-20,1,0,9,long,2,0.0,12.0,0.08333333333333333,-0.08333333333333333
2026-05-20,1,0,9,medium,2,0.0,114.0,0.017543859649122806,-0.017543859649122806
2026-05-20,1,0,9,zero,2,0.0,285.0,0.007017543859649123,-0.007017543859649123
2026-05-20,1,1,0,long,1,0.0,6.0,0.0,0.0
2026-05-20,1,1,0,medium,2,0.0,36.0,0.0,0.0
2026-05-20,1,1,0,short,7,0.0,6.0,0.0,0.0
2026-05-20,1,1,0,very_long,2,0.0,8.0,0.0,0.0
2026-05-20,1,1,0,zero,3,0.0,46.0,0.0,0.0
2026-05-20,1,1,1,long,4,0.0,4.0,0.0,0.0
2026-05-20,1,1,1,medium,4,0.0,68.0,0.0,0.0
2026-05-20,1,1,1,short,2,0.0,4.0,0.0,0.0
2026-05-20,1,1,1,very_long,5,0.0,6.0,0.0,0.0
2026-05-20,1,1,1,zero,6,0.0,44.0,0.0,0.0
2026-05-20,1,1,2,long,6,0.0,27.0,0.0,0.0
2026-05-20,1,1,2,medium,106,0.0,966.0,0.0,0.0
2026-05-20,1,1,2,short,8,0.0,30.0,0.0,0.0
2026-05-20,1,1,2,very_long,18,0.0,31.0,0.0,0.0
2026-05-20,1,1,2,zero,14,0.0,778.0,0.0,0.0
2026-05-20,1,1,4,long,2,0.0,23.0,0.0,0.0
2026-05-20,1,1,4,medium,5,0.0,1022.0,0.0,0.0
2026-05-20,1,1,4,short,1,0.0,54.0,0.0,0.0
2026-05-20,1,1,4,zero,24,0.0,697.0,0.0,0.0
2026-05-20,1,1,5,long,5,0.2,51.0,0.0,0.2
2026-05-20,1,1,5,medium,52,0.0,490.0,0.0020408163265306124,-0.0020408163265306124
2026-05-20,1,1,5,short,3,0.0,64.0,0.0,0.0
2026-05-20,1,1,5,very_long,18,0.0,30.0,0.0,0.0
2026-05-20,1,1,5,zero,6,0.0,552.0,0.0,0.0
2026-05-20,1,1,6,long,10,0.0,48.0,0.0,0.0
2026-05-20,1,1,6,medium,13,0.0,258.0,0.0,0.0
2026-05-20,1,1,6,short,2,0.0,46.0,0.0,0.0
2026-05-20,1,1,6,very_long,8,0.0,27.0,0.0,0.0
2026-05-20,1,1,6,zero,8,0.0,399.0,0.0,0.0
2026-05-20,1,1,7,long,16,0.0,86.0,0.0,0.0
2026-05-20,1,1,7,medium,14,0.0,266.0,0.0,0.0
2026-05-20,1,1,7,short,5,0.0,57.0,0.0,0.0
2026-05-20,1,1,7,very_long,14,0.0,34.0,0.0,0.0
2026-05-20,1,1,7,zero,11,0.0,407.0,0.0,0.0
2026-05-20,1,1,8,long,18,0.0,64.0,0.015625,-0.015625
2026-05-20,1,1,8,medium,7,0.0,323.0,0.0,0.0
2026-05-20,1,1,8,short,3,0.0,77.0,0.0,0.0
2026-05-20,1,1,8,very_long,17,0.0,29.0,0.0,0.0
2026-05-20,1,1,8,zero,4,0.0,671.0,0.0,0.0
2026-05-20,1,1,9,long,18,0.16666666666666666,48.0,0.020833333333333332,0.14583333333333331
2026-05-20,1,1,9,medium,16,0.0625,241.0,0.024896265560165973,0.03760373443983403
2026-05-20,1,1,9,short,9,0.0,53.0,0.0,0.0
2026-05-20,1,1,9,very_long,7,0.0,31.0,0.0,0.0
2026-05-20,1,1,9,zero,3,0.0,408.0,0.012254901960784314,-0.012254901960784314
2026-05-21,0,0,0,long,1,0.0,42.0,0.0,0.0
2026-05-21,0,0,0,zero,5,0.0,1188.0,0.0,0.0
2026-05-21,0,0,1,very_long,1,0.0,101.0,0.0,0.0
2026-05-21,0,0,1,zero,1,0.0,1892.0,0.0005285412262156448,-0.0005285412262156448
2026-05-21,0,0,2,long,3,0.0,146.0,0.0136986301369863,-0.0136986301369863
2026-05-21,0,0,2,medium,5,0.0,332.0,0.0,0.0
2026-05-21,0,0,2,very_long,9,0.0,134.0,0.0,0.0
2026-05-21,0,0,2,zero,8,0.0,1527.0,0.0,0.0
2026-05-21,0,0,5,long,1,0.0,65.0,0.015384615384615385,-0.015384615384615385
2026-05-21,0,0,5,medium,1,0.0,105.0,0.0,0.0
2026-05-21,0,0,5,short,1,0.0,101.0,0.0,0.0
2026-05-21,0,0,5,very_long,2,0.0,38.0,0.0,0.0
2026-05-21,0,0,5,zero,1,0.0,201.0,0.0,0.0
2026-05-21,0,0,6,long,2,0.0,45.0,0.0,0.0
2026-05-21,0,0,6,medium,2,0.0,88.0,0.0,0.0
2026-05-21,0,0,6,short,2,0.0,78.0,0.0,0.0
2026-05-21,0,0,6,very_long,3,0.0,35.0,0.0,0.0
2026-05-21,0,0,6,zero,4,0.0,184.0,0.0,0.0
2026-05-21,0,0,7,long,2,0.0,40.0,0.0,0.0
2026-05-21,0,0,7,medium,4,0.0,102.0,0.0,0.0
2026-05-21,0,0,7,short,1,0.0,84.0,0.0,0.0
2026-05-21,0,0,7,very_long,3,0.0,45.0,0.0,0.0
2026-05-21,0,0,7,zero,5,0.0,319.0,0.0,0.0
2026-05-21,0,0,8,medium,1,0.0,79.0,0.0,0.0
2026-05-21,0,0,8,short,1,0.0,126.0,0.0,0.0
2026-05-21,0,0,8,very_long,2,0.0,25.0,0.0,0.0
2026-05-21,0,0,8,zero,5,0.0,496.0,0.0,0.0
2026-05-21,0,0,9,short,10,0.0,307.0,0.0,0.0
2026-05-21,0,0,9,very_long,1,0.0,72.0,0.027777777777777776,-0.027777777777777776
2026-05-21,0,0,9,zero,7,0.0,1080.0,0.007407407407407408,-0.007407407407407408
2026-05-21,0,1,0,very_long,1,0.0,13.0,0.0,0.0
2026-05-21,0,1,2,long,2,0.0,23.0,0.0,0.0
2026-05-21,0,1,2,zero,3,0.0,162.0,0.0,0.0
2026-05-21,0,1,4,medium,1,0.0,56.0,0.0,0.0
2026-05-21,0,1,4,zero,2,0.0,49.0,0.0,0.0
2026-05-21,0,1,5,long,1,0.0,8.0,0.0,0.0
2026-05-21,0,1,5,medium,1,0.0,19.0,0.0,0.0
2026-05-21,0,1,6,long,2,0.0,8.0,0.0,0.0
2026-05-21,0,1,6,medium,1,0.0,14.0,0.0,0.0
2026-05-21,0,1,6,very_long,6,0.0,9.0,0.0,0.0
2026-05-21,0,1,6,zero,1,0.0,21.0,0.0,0.0
2026-05-21,0,1,7,long,3,0.0,11.0,0.0,0.0
2026-05-21,0,1,7,medium,1,0.0,21.0,0.0,0.0
2026-05-21,0,1,7,short,1,0.0,22.0,0.0,0.0
2026-05-21,0,1,8,long,5,0.0,7.0,0.0,0.0
2026-05-21,0,1,8,short,1,0.0,13.0,0.0,0.0
2026-05-21,0,1,8,very_long,7,0.0,9.0,0.0,0.0
2026-05-21,0,1,9,long,6,0.0,4.0,0.0,0.0
2026-05-21,0,1,9,short,4,0.0,5.0,0.0,0.0
2026-05-21,0,1,9,very_long,5,0.0,11.0,0.0,0.0
2026-05-21,0,1,9,zero,1,0.0,45.0,0.0,0.0
2026-05-21,1,0,0,long,3,0.0,19.0,0.0,0.0
2026-05-21,1,0,0,medium,2,0.0,219.0,0.0,0.0
2026-05-21,1,0,0,short,3,0.0,96.0,0.0,0.0
2026-05-21,1,0,0,very_long,1,0.0,17.0,0.0,0.0
2026-05-21,1,0,1,very_long,1,0.0,10.0,0.0,0.0
2026-05-21,1,0,1,zero,3,0.0,56.0,0.0,0.0
2026-05-21,1,0,2,long,5,0.0,48.0,0.0,0.0
2026-05-21,1,0,2,medium,1,0.0,801.0,0.0,0.0
2026-05-21,1,0,2,short,1,0.0,66.0,0.0,0.0
2026-05-21,1,0,2,very_long,4,0.0,32.0,0.0,0.0
2026-05-21,1,0,2,zero,3,0.0,838.0,0.003579952267303103,-0.003579952267303103
2026-05-21,1,0,4,medium,4,0.0,500.0,0.0,0.0
2026-05-21,1,0,4,zero,1,0.0,627.0,0.0,0.0
2026-05-21,1,0,5,medium,2,0.0,282.0,0.0,0.0
2026-05-21,1,0,5,short,1,0.0,75.0,0.0,0.0
2026-05-21,1,0,5,very_long,1,0.0,21.0,0.0,0.0
2026-05-21,1,0,6,long,2,0.0,40.0,0.0,0.0
2026-05-21,1,0,6,medium,3,0.0,121.0,0.0,0.0
2026-05-21,1,0,6,very_long,2,0.0,22.0,0.0,0.0
2026-05-21,1,0,6,zero,1,0.0,301.0,0.0,0.0
2026-05-21,1,0,7,long,5,0.0,36.0,0.0,0.0
2026-05-21,1,0,7,medium,4,0.0,172.0,0.0,0.0
2026-05-21,1,0,7,short,2,0.0,86.0,0.0,0.0
2026-05-21,1,0,7,very_long,10,0.0,26.0,0.0,0.0
2026-05-21,1,0,7,zero,4,0.0,447.0,0.0,0.0
2026-05-21,1,0,8,long,4,0.0,11.0,0.0,0.0
2026-05-21,1,0,8,medium,1,0.0,150.0,0.0,0.0
2026-05-21,1,0,8,short,1,0.0,56.0,0.0,0.0
2026-05-21,1,0,8,very_long,1,0.0,17.0,0.0,0.0
2026-05-21,1,0,8,zero,1,0.0,481.0,0.0,0.0
2026-05-21,1,0,9,medium,4,0.0,96.0,0.010416666666666666,-0.010416666666666666
2026-05-21,1,0,9,short,2,0.0,40.0,0.025,-0.025
2026-05-21,1,0,9,very_long,1,0.0,20.0,0.0,0.0
2026-05-21,1,0,9,zero,5,0.0,235.0,0.01702127659574468,-0.01702127659574468
2026-05-21,1,1,0,long,8,0.0,18.0,0.0,0.0
2026-05-21,1,1,0,medium,8,0.0,109.0,0.0,0.0
2026-05-21,1,1,0,short,3,0.0,39.0,0.0,0.0
2026-05-21,1,1,0,very_long,3,0.0,10.0,0.0,0.0
2026-05-21,1,1,0,zero,13,0.0,463.0,0.0,0.0
2026-05-21,1,1,1,long,4,0.0,13.0,0.0,0.0
2026-05-21,1,1,1,medium,4,0.0,32.0,0.03125,-0.03125
2026-05-21,1,1,1,very_long,7,0.0,5.0,0.0,0.0
2026-05-21,1,1,1,zero,10,0.0,63.0,0.0,0.0
2026-05-21,1,1,2,long,13,0.0,68.0,0.0,0.0
2026-05-21,1,1,2,medium,38,0.0,1131.0,0.0,0.0
2026-05-21,1,1,2,short,3,0.0,44.0,0.0,0.0
2026-05-21,1,1,2,very_long,17,0.0,58.0,0.0,0.0
2026-05-21,1,1,2,zero,24,0.0,680.0,0.0,0.0
2026-05-21,1,1,4,long,1,0.0,21.0,0.0,0.0
2026-05-21,1,1,4,medium,3,0.0,781.0,0.0,0.0
2026-05-21,1,1,4,short,2,0.0,62.0,0.0,0.0
2026-05-21,1,1,4,very_long,1,0.0,6.0,0.0,0.0
2026-05-21,1,1,4,zero,3,0.0,471.0,0.0,0.0
2026-05-21,1,1,5,long,14,0.0,43.0,0.0,0.0
2026-05-21,1,1,5,medium,15,0.06666666666666667,410.0,0.0,0.06666666666666667
2026-05-21,1,1,5,short,3,0.0,40.0,0.0,0.0
2026-05-21,1,1,5,very_long,18,0.0,31.0,0.0,0.0
2026-05-21,1,1,5,zero,4,0.0,489.0,0.0,0.0
2026-05-21,1,1,6,long,6,0.0,52.0,0.0,0.0
2026-05-21,1,1,6,medium,12,0.0,126.0,0.007936507936507936,-0.007936507936507936
2026-05-21,1,1,6,short,2,0.0,21.0,0.0,0.0
2026-05-21,1,1,6,very_long,12,0.0,35.0,0.0,0.0
2026-05-21,1,1,7,long,12,0.0,80.0,0.0,0.0
2026-05-21,1,1,7,medium,12,0.0,240.0,0.0,0.0
2026-05-21,1,1,7,short,7,0.0,61.0,0.0,0.0
2026-05-21,1,1,7,very_long,9,0.0,64.0,0.0,0.0
2026-05-21,1,1,7,zero,3,0.0,365.0,0.0,0.0
2026-05-21,1,1,8,long,14,0.0,43.0,0.0,0.0
2026-05-21,1,1,8,medium,11,0.0,236.0,0.0,0.0
2026-05-21,1,1,8,short,3,0.0,53.0,0.0,0.0
2026-05-21,1,1,8,very_long,24,0.0,64.0,0.0,0.0
2026-05-21,1,1,8,zero,5,0.0,504.0,0.0,0.0
2026-05-21,1,1,9,long,9,0.1111111111111111,32.0,0.0,0.1111111111111111
2026-05-21,1,1,9,medium,17,0.11764705882352941,158.0,0.0,0.11764705882352941
2026-05-21,1,1,9,short,3,0.0,36.0,0.0,0.0
2026-05-21,1,1,9,very_long,3,0.0,24.0,0.0,0.0
2026-05-21,1,1,9,zero,8,0.0,274.0,0.010948905109489052,-0.010948905109489052
2026-05-22,0,0,0,very_long,2,0.0,70.0,0.0,0.0
2026-05-22,0,0,0,zero,3,0.0,948.0,0.0,0.0
2026-05-22,0,0,1,short,1,0.0,568.0,0.0,0.0
2026-05-22,0,0,1,very_long,1,0.0,74.0,0.0,0.0
2026-05-22,0,0,2,long,6,0.0,89.0,0.0,0.0
2026-05-22,0,0,2,medium,3,0.0,234.0,0.0,0.0
2026-05-22,0,0,2,short,1,0.0,197.0,0.0,0.0
2026-05-22,0,0,2,very_long,9,0.0,99.0,0.0,0.0
2026-05-22,0,0,2,zero,13,0.0,855.0,0.0035087719298245615,-0.0035087719298245615
2026-05-22,0,0,4,zero,1,0.0,112.0,0.008928571428571428,-0.008928571428571428
2026-05-22,0,0,5,long,1,0.0,29.0,0.0,0.0
2026-05-22,0,0,5,short,1,0.0,82.0,0.0,0.0
2026-05-22,0,0,6,long,1,0.0,36.0,0.0,0.0
2026-05-22,0,0,6,medium,2,0.0,85.0,0.0,0.0
2026-05-22,0,0,6,short,5,0.0,66.0,0.0,0.0
2026-05-22,0,0,6,very_long,2,0.0,37.0,0.0,0.0
2026-05-22,0,0,6,zero,4,0.0,147.0,0.0,0.0
2026-05-22,0,0,7,long,2,0.0,29.0,0.0,0.0
2026-05-22,0,0,7,medium,2,0.0,111.0,0.0,0.0
2026-05-22,0,0,7,very_long,4,0.0,36.0,0.0,0.0
2026-05-22,0,0,7,zero,14,0.0,216.0,0.0,0.0
2026-05-22,0,0,8,medium,2,0.0,54.0,0.0,0.0
2026-05-22,0,0,8,short,3,0.0,124.0,0.0,0.0
2026-05-22,0,0,8,zero,6,0.0,358.0,0.0,0.0
2026-05-22,0,0,9,medium,2,0.0,107.0,0.018691588785046728,-0.018691588785046728
2026-05-22,0,0,9,short,9,0.1111111111111111,331.0,0.0030211480362537764,0.10808996307485733
2026-05-22,0,0,9,very_long,1,0.0,57.0,0.0,0.0
2026-05-22,0,0,9,zero,18,0.0,699.0,0.001430615164520744,-0.001430615164520744
2026-05-22,0,1,0,long,2,0.0,5.0,0.0,0.0
2026-05-22,0,1,0,very_long,2,0.0,15.0,0.0,0.0
2026-05-22,0,1,1,medium,3,0.0,13.0,0.0,0.0
2026-05-22,0,1,1,short,1,0.0,1.0,0.0,0.0
2026-05-22,0,1,1,very_long,1,0.0,16.0,0.0,0.0
2026-05-22,0,1,2,long,1,0.0,22.0,0.045454545454545456,-0.045454545454545456
2026-05-22,0,1,2,very_long,1,0.0,18.0,0.0,0.0
2026-05-22,0,1,2,zero,2,0.0,58.0,0.017241379310344827,-0.017241379310344827
2026-05-22,0,1,5,very_long,1,0.0,3.0,0.0,0.0
2026-05-22,0,1,6,medium,2,0.0,15.0,0.0,0.0
2026-05-22,0,1,6,short,3,0.0,4.0,0.0,0.0
2026-05-22,0,1,6,very_long,1,0.0,7.0,0.0,0.0
2026-05-22,0,1,7,long,1,0.0,17.0,0.0,0.0
2026-05-22,0,1,7,medium,1,0.0,19.0,0.0,0.0
2026-05-22,0,1,7,short,3,0.0,14.0,0.0,0.0
2026-05-22,0,1,7,very_long,4,0.0,11.0,0.0,0.0
2026-05-22,0,1,7,zero,1,0.0,36.0,0.0,0.0
2026-05-22,0,1,8,long,1,0.0,12.0,0.0,0.0
2026-05-22,0,1,8,very_long,5,0.0,8.0,0.0,0.0
2026-05-22,0,1,9,very_long,5,0.0,13.0,0.0,0.0
2026-05-22,1,0,0,long,4,0.0,15.0,0.0,0.0
2026-05-22,1,0,0,medium,3,0.0,141.0,0.0,0.0
2026-05-22,1,0,0,very_long,1,0.0,22.0,0.0,0.0
2026-05-22,1,0,0,zero,2,0.0,288.0,0.0,0.0
2026-05-22,1,0,1,long,3,0.0,5.0,0.0,0.0
2026-05-22,1,0,1,medium,1,0.0,135.0,0.0,0.0
2026-05-22,1,0,1,very_long,2,0.0,19.0,0.0,0.0
2026-05-22,1,0,1,zero,4,0.0,80.0,0.0,0.0
2026-05-22,1,0,2,medium,4,0.0,652.0,0.003067484662576687,-0.003067484662576687
2026-05-22,1,0,2,very_long,1,0.0,32.0,0.0,0.0
2026-05-22,1,0,2,zero,1,0.0,780.0,0.002564102564102564,-0.002564102564102564
2026-05-22,1,0,4,medium,1,0.0,510.0,0.0,0.0
2026-05-22,1,0,4,short,1,0.0,103.0,0.0,0.0
2026-05-22,1,0,5,long,1,0.0,32.0,0.0,0.0
2026-05-22,1,0,5,very_long,2,0.0,19.0,0.0,0.0
2026-05-22,1,0,5,zero,1,0.0,682.0,0.0,0.0
2026-05-22,1,0,6,long,2,0.0,40.0,0.0,0.0
2026-05-22,1,0,6,medium,1,0.0,188.0,0.005319148936170213,-0.005319148936170213
2026-05-22,1,0,6,short,1,0.0,73.0,0.0,0.0
2026-05-22,1,0,6,very_long,6,0.0,31.0,0.0,0.0
2026-05-22,1,0,7,long,6,0.0,39.0,0.0,0.0
2026-05-22,1,0,7,medium,4,0.0,183.0,0.0,0.0
2026-05-22,1,0,7,very_long,3,0.0,30.0,0.0,0.0
2026-05-22,1,0,7,zero,1,0.0,364.0,0.0,0.0
2026-05-22,1,0,8,long,1,0.0,14.0,0.0,0.0
2026-05-22,1,0,8,medium,17,0.0,199.0,0.0,0.0
2026-05-22,1,0,8,very_long,3,0.0,16.0,0.0,0.0
2026-05-22,1,0,8,zero,1,0.0,467.0,0.0,0.0
2026-05-22,1,0,9,long,1,0.0,12.0,0.08333333333333333,-0.08333333333333333
2026-05-22,1,0,9,medium,8,0.0,147.0,0.061224489795918366,-0.061224489795918366
2026-05-22,1,0,9,short,1,0.0,56.0,0.0,0.0
2026-05-22,1,0,9,very_long,1,0.0,16.0,0.0,0.0
2026-05-22,1,0,9,zero,2,0.0,327.0,0.03669724770642202,-0.03669724770642202
2026-05-22,1,1,0,long,5,0.0,30.0,0.0,0.0
2026-05-22,1,1,0,medium,2,0.0,87.0,0.0,0.0
2026-05-22,1,1,0,short,2,0.0,24.0,0.0,0.0
2026-05-22,1,1,0,very_long,10,0.0,10.0,0.0,0.0
2026-05-22,1,1,0,zero,6,0.0,171.0,0.0,0.0
2026-05-22,1,1,1,long,6,0.0,12.0,0.0,0.0
2026-05-22,1,1,1,medium,2,0.0,55.0,0.0,0.0
2026-05-22,1,1,1,short,1,0.0,12.0,0.0,0.0
2026-05-22,1,1,1,very_long,3,0.0,2.0,0.0,0.0
2026-05-22,1,1,1,zero,1,1.0,39.0,0.0,1.0
2026-05-22,1,1,2,long,16,0.0625,92.0,0.0,0.0625
2026-05-22,1,1,2,medium,81,0.0,1145.0,0.0008733624454148472,-0.0008733624454148472
2026-05-22,1,1,2,short,15,0.0,47.0,0.0,0.0
2026-05-22,1,1,2,very_long,24,0.041666666666666664,72.0,0.0,0.041666666666666664
2026-05-22,1,1,2,zero,28,0.0,1171.0,0.0,0.0
2026-05-22,1,1,4,long,2,0.0,26.0,0.0,0.0
2026-05-22,1,1,4,medium,2,0.0,778.0,0.0,0.0
2026-05-22,1,1,4,short,1,0.0,67.0,0.0,0.0
2026-05-22,1,1,4,very_long,2,0.0,9.0,0.0,0.0
2026-05-22,1,1,4,zero,5,0.0,656.0,0.0,0.0
2026-05-22,1,1,5,long,3,0.0,29.0,0.0,0.0
2026-05-22,1,1,5,medium,35,0.0,538.0,0.0,0.0
2026-05-22,1,1,5,short,6,0.0,54.0,0.0,0.0
2026-05-22,1,1,5,very_long,5,0.0,39.0,0.0,0.0
2026-05-22,1,1,5,zero,7,0.0,506.0,0.0,0.0
2026-05-22,1,1,6,long,7,0.0,34.0,0.0,0.0
2026-05-22,1,1,6,medium,9,0.0,224.0,0.0,0.0
2026-05-22,1,1,6,short,3,0.0,53.0,0.0,0.0
2026-05-22,1,1,6,very_long,13,0.0,30.0,0.0,0.0
2026-05-22,1,1,6,zero,2,0.0,379.0,0.0,0.0
2026-05-22,1,1,7,long,13,0.0,99.0,0.0,0.0
2026-05-22,1,1,7,medium,18,0.0,268.0,0.0,0.0
2026-05-22,1,1,7,short,2,0.0,47.0,0.0,0.0
2026-05-22,1,1,7,very_long,11,0.0,50.0,0.0,0.0
2026-05-22,1,1,7,zero,4,0.0,396.0,0.0025252525252525255,-0.0025252525252525255
2026-05-22,1,1,8,long,19,0.0,34.0,0.0,0.0
2026-05-22,1,1,8,medium,4,0.0,292.0,0.003424657534246575,-0.003424657534246575
2026-05-22,1,1,8,short,5,0.0,47.0,0.0,0.0
2026-05-22,1,1,8,very_long,8,0.0,29.0,0.0,0.0
2026-05-22,1,1,8,zero,4,0.0,613.0,0.0,0.0
2026-05-22,1,1,9,long,16,0.125,42.0,0.023809523809523808,0.10119047619047619
2026-05-22,1,1,9,medium,12,0.08333333333333333,196.0,0.030612244897959183,0.052721088435374146
2026-05-22,1,1,9,short,2,0.5,46.0,0.021739130434782608,0.4782608695652174
2026-05-22,1,1,9,very_long,13,0.07692307692307693,33.0,0.030303030303030304,0.046620046620046623
2026-05-22,1,1,9,zero,9,0.1111111111111111,328.0,0.012195121951219513,0.0989159891598916
2026-05-23,0,0,0,very_long,2,0.0,54.0,0.0,0.0
2026-05-23,0,0,0,zero,4,0.0,765.0,0.0,0.0
2026-05-23,0,0,1,long,1,0.0,45.0,0.0,0.0
2026-05-23,0,0,1,medium,1,0.0,164.0,0.0,0.0
2026-05-23,0,0,1,very_long,3,0.0,55.0,0.01818181818181818,-0.01818181818181818
2026-05-23,0,0,2,long,1,0.0,62.0,0.0,0.0
2026-05-23,0,0,2,medium,3,0.0,292.0,0.0,0.0
2026-05-23,0,0,2,very_long,1,0.0,120.0,0.008333333333333333,-0.008333333333333333
2026-05-23,0,0,2,zero,2,0.0,378.0,0.0,0.0
2026-05-23,0,0,4,zero,1,0.0,83.0,0.0,0.0
2026-05-23,0,0,5,long,1,0.0,27.0,0.0,0.0
2026-05-23,0,0,5,medium,3,0.0,114.0,0.0,0.0
2026-05-23,0,0,5,short,1,0.0,70.0,0.0,0.0
2026-05-23,0,0,5,zero,4,0.0,141.0,0.0,0.0
2026-05-23,0,0,6,medium,3,0.0,116.0,0.0,0.0
2026-05-23,0,0,6,short,3,0.0,65.0,0.0,0.0
2026-05-23,0,0,6,very_long,7,0.0,35.0,0.0,0.0
2026-05-23,0,0,6,zero,1,0.0,130.0,0.0,0.0
2026-05-23,0,0,7,long,2,0.0,48.0,0.0,0.0
2026-05-23,0,0,7,medium,3,0.0,108.0,0.0,0.0
2026-05-23,0,0,7,short,6,0.0,86.0,0.0,0.0
2026-05-23,0,0,7,very_long,3,0.0,43.0,0.0,0.0
2026-05-23,0,0,7,zero,3,0.0,182.0,0.0,0.0
2026-05-23,0,0,8,long,2,0.0,17.0,0.0,0.0
2026-05-23,0,0,8,zero,5,0.0,215.0,0.0,0.0
2026-05-23,0,0,9,long,1,0.0,59.0,0.0,0.0
2026-05-23,0,0,9,zero,21,0.0,453.0,0.002207505518763797,-0.002207505518763797
2026-05-23,0,1,0,short,1,0.0,12.0,0.0,0.0
2026-05-23,0,1,2,medium,1,0.0,195.0,0.0,0.0
2026-05-23,0,1,2,very_long,2,0.0,13.0,0.0,0.0
2026-05-23,0,1,4,zero,1,0.0,80.0,0.0,0.0
2026-05-23,0,1,6,very_long,1,0.0,7.0,0.0,0.0
2026-05-23,0,1,7,long,1,0.0,7.0,0.0,0.0
2026-05-23,0,1,7,medium,3,0.0,28.0,0.0,0.0
2026-05-23,0,1,7,very_long,1,0.0,14.0,0.0,0.0
2026-05-23,0,1,8,very_long,4,0.0,7.0,0.0,0.0
2026-05-23,0,1,9,long,1,0.0,2.0,0.0,0.0
2026-05-23,0,1,9,very_long,1,0.0,11.0,0.0,0.0
2026-05-23,1,0,0,long,1,0.0,13.0,0.0,0.0
2026-05-23,1,0,0,short,1,0.0,43.0,0.0,0.0
2026-05-23,1,0,1,medium,1,0.0,22.0,0.0,0.0
2026-05-23,1,0,2,medium,2,0.0,467.0,0.0,0.0
2026-05-23,1,0,2,short,1,0.0,26.0,0.0,0.0
2026-05-23,1,0,2,very_long,2,0.0,34.0,0.0,0.0
2026-05-23,1,0,6,long,1,0.0,38.0,0.0,0.0
2026-05-23,1,0,6,medium,2,0.0,193.0,0.0,0.0
2026-05-23,1,0,6,very_long,6,0.0,26.0,0.0,0.0
2026-05-23,1,0,6,zero,1,0.0,384.0,0.0,0.0
2026-05-23,1,0,7,long,4,0.0,53.0,0.0,0.0
2026-05-23,1,0,7,medium,6,0.0,122.0,0.0,0.0
2026-05-23,1,0,7,short,1,0.0,61.0,0.0,0.0
2026-05-23,1,0,7,very_long,6,0.0,24.0,0.0,0.0
2026-05-23,1,0,8,medium,1,0.0,145.0,0.0,0.0
2026-05-23,1,0,8,short,1,0.0,63.0,0.0,0.0
2026-05-23,1,0,8,very_long,1,0.0,16.0,0.0,0.0
2026-05-23,1,0,8,zero,1,0.0,434.0,0.0,0.0
2026-05-23,1,0,9,long,1,0.0,7.0,0.14285714285714285,-0.14285714285714285
2026-05-23,1,0,9,medium,1,0.0,89.0,0.02247191011235955,-0.02247191011235955
2026-05-23,1,1,0,long,1,0.0,21.0,0.0,0.0
2026-05-23,1,1,0,medium,1,0.0,80.0,0.0,0.0
2026-05-23,1,1,0,short,2,0.0,23.0,0.0,0.0
2026-05-23,1,1,0,very_long,1,0.0,15.0,0.0,0.0
2026-05-23,1,1,0,zero,5,0.0,168.0,0.0,0.0
2026-05-23,1,1,1,long,5,0.0,3.0,0.0,0.0
2026-05-23,1,1,1,short,1,0.0,19.0,0.0,0.0
2026-05-23,1,1,1,very_long,4,0.0,9.0,0.0,0.0
2026-05-23,1,1,2,long,3,0.3333333333333333,81.0,0.0,0.3333333333333333
2026-05-23,1,1,2,medium,29,0.0,756.0,0.0,0.0
2026-05-23,1,1,2,short,3,0.0,22.0,0.0,0.0
2026-05-23,1,1,2,very_long,6,0.0,44.0,0.0,0.0
2026-05-23,1,1,2,zero,17,0.0,489.0,0.0,0.0
2026-05-23,1,1,4,medium,2,0.0,498.0,0.0,0.0
2026-05-23,1,1,4,short,1,0.0,39.0,0.0,0.0
2026-05-23,1,1,5,long,7,0.14285714285714285,31.0,0.0,0.14285714285714285
2026-05-23,1,1,5,medium,18,0.05555555555555555,378.0,0.0,0.05555555555555555
2026-05-23,1,1,5,short,5,0.0,76.0,0.0,0.0
2026-05-23,1,1,5,very_long,3,0.0,60.0,0.0,0.0
2026-05-23,1,1,6,long,5,0.0,52.0,0.0,0.0
2026-05-23,1,1,6,medium,4,0.0,193.0,0.0,0.0
2026-05-23,1,1,6,short,3,0.0,62.0,0.0,0.0
2026-05-23,1,1,6,very_long,10,0.0,26.0,0.0,0.0
2026-05-23,1,1,6,zero,7,0.0,312.0,0.0,0.0
2026-05-23,1,1,7,long,10,0.0,93.0,0.0,0.0
2026-05-23,1,1,7,medium,12,0.0,245.0,0.0,0.0
2026-05-23,1,1,7,short,5,0.0,50.0,0.0,0.0
2026-05-23,1,1,7,very_long,9,0.0,32.0,0.0,0.0
2026-05-23,1,1,7,zero,4,0.0,363.0,0.0,0.0
2026-05-23,1,1,8,long,11,0.0,60.0,0.0,0.0
2026-05-23,1,1,8,medium,5,0.0,265.0,0.0037735849056603774,-0.0037735849056603774
2026-05-23,1,1,8,short,1,0.0,52.0,0.0,0.0
2026-05-23,1,1,8,very_long,1,0.0,46.0,0.0,0.0
2026-05-23,1,1,8,zero,2,0.0,544.0,0.0,0.0
2026-05-23,1,1,9,long,17,0.23529411764705882,49.0,0.0,0.23529411764705882
2026-05-23,1,1,9,medium,18,0.05555555555555555,165.0,0.030303030303030304,0.02525252525252525
2026-05-23,1,1,9,short,6,0.16666666666666666,61.0,0.01639344262295082,0.15027322404371585
2026-05-23,1,1,9,very_long,15,0.13333333333333333,62.0,0.016129032258064516,0.11720430107526882
2026-05-23,1,1,9,zero,1,0.0,304.0,0.009868421052631578,-0.009868421052631578
2026-05-24,0,0,0,medium,24,0.0,196.0,0.0,0.0
2026-05-24,0,0,0,short,1,0.0,432.0,0.0,0.0
2026-05-24,0,0,0,very_long,1,0.0,66.0,0.0,0.0
2026-05-24,0,0,1,medium,39,0.0,209.0,0.0,0.0
2026-05-24,0,0,1,very_long,4,0.0,53.0,0.0,0.0
2026-05-24,0,0,2,long,3,0.0,59.0,0.0,0.0
2026-05-24,0,0,2,medium,4,0.0,146.0,0.0,0.0
2026-05-24,0,0,2,short,1,0.0,123.0,0.0,0.0
2026-05-24,0,0,2,very_long,1,0.0,180.0,0.0,0.0
2026-05-24,0,0,2,zero,2,0.0,350.0,0.0,0.0
2026-05-24,0,0,3,short,1,0.0,19.0,0.0,0.0
2026-05-24,0,0,4,zero,1,0.0,82.0,0.0,0.0
2026-05-24,0,0,5,long,1,0.0,19.0,0.0,0.0
2026-05-24,0,0,5,short,1,0.0,70.0,0.0,0.0
2026-05-24,0,0,5,zero,4,0.0,156.0,0.0,0.0
2026-05-24,0,0,6,long,2,0.0,35.0,0.0,0.0
2026-05-24,0,0,6,medium,3,0.0,115.0,0.008695652173913044,-0.008695652173913044
2026-05-24,0,0,6,short,3,0.0,94.0,0.0,0.0
2026-05-24,0,0,6,very_long,4,0.0,47.0,0.0,0.0
2026-05-24,0,0,6,zero,2,0.0,159.0,0.0,0.0
2026-05-24,0,0,7,long,4,0.0,46.0,0.0,0.0
2026-05-24,0,0,7,medium,4,0.0,100.0,0.0,0.0
2026-05-24,0,0,7,short,3,0.0,100.0,0.0,0.0
2026-05-24,0,0,7,very_long,3,0.0,49.0,0.0,0.0
2026-05-24,0,0,7,zero,3,0.0,194.0,0.0,0.0
2026-05-24,0,0,8,medium,4,0.0,66.0,0.0,0.0
2026-05-24,0,0,8,zero,3,0.0,278.0,0.0,0.0
2026-05-24,0,0,9,medium,9,0.0,135.0,0.007407407407407408,-0.007407407407407408
2026-05-24,0,0,9,short,4,0.0,345.0,0.0,0.0
2026-05-24,0,0,9,very_long,1,0.0,27.0,0.0,0.0
2026-05-24,0,0,9,zero,21,0.0,571.0,0.008756567425569177,-0.008756567425569177
2026-05-24,0,1,0,very_long,1,0.0,8.0,0.0,0.0
2026-05-24,0,1,1,medium,1,0.0,12.0,0.0,0.0
2026-05-24,0,1,1,very_long,1,0.0,6.0,0.0,0.0
2026-05-24,0,1,2,long,1,0.0,10.0,0.0,0.0
2026-05-24,0,1,2,very_long,2,0.0,23.0,0.0,0.0
2026-05-24,0,1,2,zero,3,0.0,35.0,0.0,0.0
2026-05-24,0,1,3,long,1,0.0,1.0,0.0,0.0
2026-05-24,0,1,5,very_long,1,0.0,5.0,0.0,0.0
2026-05-24,0,1,6,long,2,0.0,9.0,0.0,0.0
2026-05-24,0,1,6,very_long,2,0.0,16.0,0.0,0.0
2026-05-24,0,1,7,very_long,2,0.0,17.0,0.0,0.0
2026-05-24,0,1,7,zero,3,0.0,55.0,0.01818181818181818,-0.01818181818181818
2026-05-24,0,1,8,very_long,1,0.0,4.0,0.0,0.0
2026-05-24,0,1,9,very_long,2,0.0,4.0,0.0,0.0
2026-05-24,1,0,0,medium,1,0.0,91.0,0.0,0.0
2026-05-24,1,0,0,very_long,1,0.0,16.0,0.0,0.0
2026-05-24,1,0,0,zero,1,0.0,179.0,0.0,0.0
2026-05-24,1,0,1,long,1,0.0,10.0,0.0,0.0
2026-05-24,1,0,1,very_long,1,0.0,16.0,0.0,0.0
2026-05-24,1,0,1,zero,1,0.0,105.0,0.0,0.0
2026-05-24,1,0,2,long,1,0.0,20.0,0.0,0.0
2026-05-24,1,0,2,medium,3,0.0,565.0,0.0017699115044247787,-0.0017699115044247787
2026-05-24,1,0,2,short,5,0.0,44.0,0.0,0.0
2026-05-24,1,0,2,zero,18,0.0,646.0,0.0046439628482972135,-0.0046439628482972135
2026-05-24,1,0,3,medium,1,0.0,108.0,0.0,0.0
2026-05-24,1,0,4,medium,3,0.0,370.0,0.0,0.0
2026-05-24,1,0,4,zero,4,0.0,480.0,0.0,0.0
2026-05-24,1,0,5,long,1,0.0,22.0,0.0,0.0
2026-05-24,1,0,5,medium,1,0.0,293.0,0.0,0.0
2026-05-24,1,0,5,short,1,0.0,49.0,0.0,0.0
2026-05-24,1,0,5,very_long,3,0.0,13.0,0.0,0.0
2026-05-24,1,0,5,zero,34,0.0,464.0,0.0,0.0
2026-05-24,1,0,6,long,2,0.0,20.0,0.0,0.0
2026-05-24,1,0,6,medium,2,0.0,198.0,0.0,0.0
2026-05-24,1,0,6,short,1,0.0,82.0,0.0,0.0
2026-05-24,1,0,6,very_long,3,0.0,20.0,0.0,0.0
2026-05-24,1,0,6,zero,6,0.0,480.0,0.0,0.0
2026-05-24,1,0,7,long,2,0.0,43.0,0.0,0.0
2026-05-24,1,0,7,medium,3,0.0,182.0,0.0,0.0
2026-05-24,1,0,7,short,1,0.0,51.0,0.0,0.0
2026-05-24,1,0,7,very_long,2,0.0,24.0,0.0,0.0
2026-05-24,1,0,7,zero,2,0.0,329.0,0.0,0.0
2026-05-24,1,0,8,long,1,0.0,22.0,0.0,0.0
2026-05-24,1,0,8,medium,5,0.0,210.0,0.0,0.0
2026-05-24,1,0,8,short,1,0.0,65.0,0.0,0.0
2026-05-24,1,0,8,zero,1,0.0,440.0,0.0,0.0
2026-05-24,1,0,9,medium,3,0.0,151.0,0.019867549668874173,-0.019867549668874173
2026-05-24,1,0,9,short,1,0.0,52.0,0.0,0.0
2026-05-24,1,0,9,zero,1,0.0,245.0,0.024489795918367346,-0.024489795918367346
2026-05-24,1,1,0,long,3,0.0,26.0,0.0,0.0
2026-05-24,1,1,0,medium,3,0.0,79.0,0.0,0.0
2026-05-24,1,1,0,short,2,0.0,15.0,0.0,0.0
2026-05-24,1,1,0,very_long,6,0.0,8.0,0.0,0.0
2026-05-24,1,1,0,zero,1,0.0,118.0,0.0,0.0
2026-05-24,1,1,1,long,6,0.0,6.0,0.0,0.0
2026-05-24,1,1,1,medium,1,0.0,53.0,0.0,0.0
2026-05-24,1,1,1,very_long,3,0.0,8.0,0.0,0.0
2026-05-24,1,1,1,zero,3,0.0,84.0,0.0,0.0
2026-05-24,1,1,2,long,6,0.0,21.0,0.0,0.0
2026-05-24,1,1,2,medium,11,0.0,1018.0,0.0,0.0
2026-05-24,1,1,2,short,12,0.0,23.0,0.0,0.0
2026-05-24,1,1,2,very_long,14,0.0,12.0,0.0,0.0
2026-05-24,1,1,3,long,1,0.0,4.0,0.0,0.0
2026-05-24,1,1,3,medium,8,0.0,414.0,0.0,0.0
2026-05-24,1,1,3,short,2,0.0,27.0,0.0,0.0
2026-05-24,1,1,3,very_long,1,0.0,5.0,0.0,0.0
2026-05-24,1,1,3,zero,10,0.0,232.0,0.0,0.0
2026-05-24,1,1,4,long,1,0.0,14.0,0.0,0.0
2026-05-24,1,1,4,medium,1,0.0,562.0,0.0,0.0
2026-05-24,1,1,4,short,4,0.0,46.0,0.0,0.0
2026-05-24,1,1,4,very_long,1,0.0,4.0,0.0,0.0
2026-05-24,1,1,4,zero,1,0.0,318.0,0.0,0.0
2026-05-24,1,1,5,long,7,0.0,40.0,0.0,0.0
2026-05-24,1,1,5,medium,6,0.0,446.0,0.0,0.0
2026-05-24,1,1,5,short,7,0.0,47.0,0.0,0.0
2026-05-24,1,1,5,very_long,2,0.0,12.0,0.0,0.0
2026-05-24,1,1,5,zero,2,0.0,361.0,0.0,0.0
2026-05-24,1,1,6,long,7,0.0,71.0,0.0,0.0
2026-05-24,1,1,6,medium,11,0.0,290.0,0.0,0.0
2026-05-24,1,1,6,short,6,0.0,43.0,0.0,0.0
2026-05-24,1,1,6,very_long,10,0.0,27.0,0.0,0.0
2026-05-24,1,1,6,zero,5,0.0,363.0,0.0,0.0
2026-05-24,1,1,7,long,15,0.0,122.0,0.0,0.0
2026-05-24,1,1,7,medium,17,0.058823529411764705,309.0,0.0,0.058823529411764705
2026-05-24,1,1,7,short,4,0.0,46.0,0.0,0.0
2026-05-24,1,1,7,very_long,17,0.0,38.0,0.0,0.0
2026-05-24,1,1,7,zero,7,0.0,336.0,0.0,0.0
2026-05-24,1,1,8,long,18,0.0,62.0,0.0,0.0
2026-05-24,1,1,8,medium,9,0.0,297.0,0.0,0.0
2026-05-24,1,1,8,short,2,0.0,62.0,0.0,0.0
2026-05-24,1,1,8,very_long,8,0.0,16.0,0.0,0.0
2026-05-24,1,1,8,zero,10,0.0,528.0,0.0,0.0
2026-05-24,1,1,9,long,18,0.2222222222222222,44.0,0.022727272727272728,0.19949494949494948
2026-05-24,1,1,9,medium,19,0.21052631578947367,198.0,0.015151515151515152,0.19537480063795853
2026-05-24,1,1,9,short,5,0.2,45.0,0.0,0.2
2026-05-24,1,1,9,very_long,8,0.0,19.0,0.05263157894736842,-0.05263157894736842
2026-05-24,1,1,9,zero,8,0.125,294.0,0.01020408163265306,0.11479591836734694
2026-05-25,0,0,0,long,1,0.0,32.0,0.0,0.0
2026-05-25,0,0,0,medium,1,0.0,225.0,0.0,0.0
2026-05-25,0,0,0,very_long,1,0.0,82.0,0.0,0.0
2026-05-25,0,0,0,zero,2,0.0,850.0,0.0,0.0
2026-05-25,0,0,1,long,1,0.0,50.0,0.0,0.0
2026-05-25,0,0,1,very_long,1,0.0,75.0,0.0,0.0
2026-05-25,0,0,1,zero,10,0.0,1162.0,0.0,0.0
2026-05-25,0,0,3,long,1,0.0,70.0,0.0,0.0
2026-05-25,0,0,3,medium,5,0.0,180.0,0.011111111111111112,-0.011111111111111112
2026-05-25,0,0,3,short,2,0.0,153.0,0.0,0.0
2026-05-25,0,0,3,zero,6,0.0,293.0,0.0,0.0
2026-05-25,0,0,5,medium,1,0.0,66.0,0.0,0.0
2026-05-25,0,0,5,short,2,0.0,105.0,0.0,0.0
2026-05-25,0,0,5,very_long,2,0.0,32.0,0.0,0.0
2026-05-25,0,0,5,zero,2,0.0,165.0,0.0,0.0
2026-05-25,0,0,6,long,1,0.0,47.0,0.0,0.0
2026-05-25,0,0,6,short,1,0.0,79.0,0.0,0.0
2026-05-25,0,0,6,very_long,2,0.0,51.0,0.0,0.0
2026-05-25,0,0,6,zero,2,0.0,202.0,0.0,0.0
2026-05-25,0,0,7,long,2,0.0,52.0,0.0,0.0
2026-05-25,0,0,7,medium,1,0.0,119.0,0.0,0.0
2026-05-25,0,0,7,very_long,3,0.0,47.0,0.0,0.0
2026-05-25,0,0,7,zero,2,0.0,202.0,0.0,0.0
2026-05-25,0,0,8,long,1,0.0,16.0,0.0,0.0
2026-05-25,0,0,8,medium,2,0.0,96.0,0.0,0.0
2026-05-25,0,0,8,very_long,1,0.0,24.0,0.0,0.0
2026-05-25,0,0,8,zero,5,0.0,290.0,0.0,0.0
2026-05-25,0,0,9,short,4,0.0,321.0,0.003115264797507788,-0.003115264797507788
2026-05-25,0,0,9,zero,19,0.05263157894736842,604.0,0.004966887417218543,0.04766469153014988
2026-05-25,0,1,0,long,1,0.0,5.0,0.0,0.0
2026-05-25,0,1,0,very_long,2,0.0,3.0,0.0,0.0
2026-05-25,0,1,1,medium,1,0.0,57.0,0.0,0.0
2026-05-25,0,1,1,very_long,1,0.0,3.0,0.0,0.0
2026-05-25,0,1,3,short,2,0.0,15.0,0.0,0.0
2026-05-25,0,1,4,medium,1,0.0,49.0,0.0,0.0
2026-05-25,0,1,5,medium,1,0.0,29.0,0.0,0.0
2026-05-25,0,1,5,short,1,0.0,16.0,0.0,0.0
2026-05-25,0,1,6,long,2,0.0,6.0,0.0,0.0
2026-05-25,0,1,6,medium,1,0.0,19.0,0.0,0.0
2026-05-25,0,1,7,medium,1,0.0,19.0,0.0,0.0
2026-05-25,0,1,7,short,1,0.0,9.0,0.0,0.0
2026-05-25,0,1,8,medium,2,0.0,23.0,0.0,0.0
2026-05-25,0,1,8,short,1,0.0,11.0,0.0,0.0
2026-05-25,0,1,8,very_long,1,0.0,9.0,0.0,0.0
2026-05-25,0,1,9,medium,1,0.0,25.0,0.0,0.0
2026-05-25,0,1,9,very_long,1,0.0,8.0,0.125,-0.125
2026-05-25,1,0,0,medium,1,0.0,69.0,0.0,0.0
2026-05-25,1,0,1,very_long,1,0.0,8.0,0.0,0.0
2026-05-25,1,0,1,zero,4,0.0,80.0,0.0,0.0
2026-05-25,1,0,3,medium,1,0.0,709.0,0.0014104372355430183,-0.0014104372355430183
2026-05-25,1,0,3,very_long,1,0.0,22.0,0.0,0.0
2026-05-25,1,0,3,zero,2,0.0,901.0,0.0,0.0
2026-05-25,1,0,4,zero,2,0.0,651.0,0.0,0.0
2026-05-25,1,0,5,medium,2,0.0,324.0,0.0,0.0
2026-05-25,1,0,5,short,1,0.0,99.0,0.0,0.0
2026-05-25,1,0,5,zero,2,0.0,677.0,0.0,0.0
2026-05-25,1,0,6,long,6,0.0,45.0,0.0,0.0
2026-05-25,1,0,6,medium,6,0.0,266.0,0.0,0.0
2026-05-25,1,0,6,very_long,2,0.0,28.0,0.0,0.0
2026-05-25,1,0,6,zero,2,0.0,611.0,0.0,0.0
2026-05-25,1,0,7,long,5,0.0,70.0,0.0,0.0
2026-05-25,1,0,7,medium,8,0.0,230.0,0.0,0.0
2026-05-25,1,0,7,short,3,0.0,72.0,0.0,0.0
2026-05-25,1,0,7,very_long,4,0.0,26.0,0.0,0.0
2026-05-25,1,0,7,zero,1,0.0,484.0,0.0,0.0
2026-05-25,1,0,8,long,2,0.0,23.0,0.0,0.0
2026-05-25,1,0,8,medium,1,0.0,235.0,0.00425531914893617,-0.00425531914893617
2026-05-25,1,0,9,long,1,0.0,13.0,0.0,0.0
2026-05-25,1,0,9,medium,1,0.0,143.0,0.027972027972027972,-0.027972027972027972
2026-05-25,1,0,9,short,1,0.0,74.0,0.02702702702702703,-0.02702702702702703
2026-05-25,1,0,9,zero,1,0.0,268.0,0.011194029850746268,-0.011194029850746268
2026-05-25,1,1,0,long,3,0.0,28.0,0.0,0.0
2026-05-25,1,1,0,medium,2,0.0,46.0,0.0,0.0
2026-05-25,1,1,0,short,3,0.0,50.0,0.0,0.0
2026-05-25,1,1,0,very_long,1,0.0,31.0,0.0,0.0
2026-05-25,1,1,0,zero,12,0.0,105.0,0.0,0.0
2026-05-25,1,1,1,long,2,0.0,8.0,0.0,0.0
2026-05-25,1,1,1,short,5,0.0,32.0,0.0,0.0
2026-05-25,1,1,1,very_long,4,0.0,36.0,0.0,0.0
2026-05-25,1,1,1,zero,2,0.0,108.0,0.0,0.0
2026-05-25,1,1,3,long,9,0.0,87.0,0.0,0.0
2026-05-25,1,1,3,medium,28,0.0,1319.0,0.0,0.0
2026-05-25,1,1,3,short,12,0.0,47.0,0.0,0.0
2026-05-25,1,1,3,very_long,6,0.16666666666666666,27.0,0.0,0.16666666666666666
2026-05-25,1,1,3,zero,13,0.0,1208.0,0.0008278145695364238,-0.0008278145695364238
2026-05-25,1,1,4,long,1,0.0,19.0,0.0,0.0
2026-05-25,1,1,4,medium,5,0.0,687.0,0.0,0.0
2026-05-25,1,1,4,zero,2,0.0,449.0,0.0,0.0
2026-05-25,1,1,5,long,8,0.125,69.0,0.0,0.125
2026-05-25,1,1,5,medium,23,0.0,446.0,0.0,0.0
2026-05-25,1,1,5,short,14,0.0,78.0,0.0,0.0
2026-05-25,1,1,5,very_long,4,0.0,77.0,0.0,0.0
2026-05-25,1,1,5,zero,10,0.0,648.0,0.0,0.0
2026-05-25,1,1,6,long,13,0.0,105.0,0.0,0.0
2026-05-25,1,1,6,medium,13,0.0,343.0,0.0,0.0
2026-05-25,1,1,6,short,6,0.0,98.0,0.0,0.0
2026-05-25,1,1,6,very_long,4,0.0,38.0,0.0,0.0
2026-05-25,1,1,6,zero,6,0.0,518.0,0.0,0.0
2026-05-25,1,1,7,long,15,0.0,123.0,0.0,0.0
2026-05-25,1,1,7,medium,17,0.0,359.0,0.0,0.0
2026-05-25,1,1,7,short,6,0.0,79.0,0.0,0.0
2026-05-25,1,1,7,very_long,8,0.0,44.0,0.0,0.0
2026-05-25,1,1,7,zero,7,0.0,506.0,0.0,0.0
2026-05-25,1,1,8,long,14,0.0,67.0,0.0,0.0
2026-05-25,1,1,8,medium,7,0.0,360.0,0.0,0.0
2026-05-25,1,1,8,short,6,0.0,101.0,0.0,0.0
2026-05-25,1,1,8,very_long,6,0.16666666666666666,49.0,0.0,0.16666666666666666
2026-05-25,1,1,8,zero,6,0.0,755.0,0.0,0.0
2026-05-25,1,1,9,long,8,0.25,43.0,0.023255813953488372,0.22674418604651164
2026-05-25,1,1,9,medium,19,0.15789473684210525,215.0,0.023255813953488372,0.1346389228886169
2026-05-25,1,1,9,short,12,0.0,85.0,0.0,0.0
2026-05-25,1,1,9,very_long,4,0.0,64.0,0.0,0.0
2026-05-25,1,1,9,zero,11,0.0,401.0,0.007481296758104738,-0.007481296758104738
2026-05-26,0,0,0,long,1,0.0,40.0,0.0,0.0
2026-05-26,0,0,0,very_long,2,0.0,79.0,0.0,0.0
2026-05-26,0,0,1,long,1,0.0,36.0,0.0,0.0
2026-05-26,0,0,1,medium,1,0.0,161.0,0.0,0.0
2026-05-26,0,0,1,very_long,1,0.0,82.0,0.0,0.0
2026-05-26,0,0,1,zero,1,0.0,1580.0,0.0,0.0
2026-05-26,0,0,3,long,2,0.0,48.0,0.0,0.0
2026-05-26,0,0,3,medium,2,0.0,138.0,0.0,0.0
2026-05-26,0,0,3,zero,2,0.0,330.0,0.0,0.0
2026-05-26,0,0,5,long,1,0.0,27.0,0.0,0.0
2026-05-26,0,0,5,medium,2,0.0,70.0,0.0,0.0
2026-05-26,0,0,5,zero,2,0.0,190.0,0.0,0.0
2026-05-26,0,0,6,long,4,0.0,39.0,0.0,0.0
2026-05-26,0,0,6,very_long,1,0.0,46.0,0.0,0.0
2026-05-26,0,0,7,long,2,0.0,41.0,0.0,0.0
2026-05-26,0,0,7,medium,1,0.0,88.0,0.0,0.0
2026-05-26,0,0,7,short,1,0.0,111.0,0.0,0.0
2026-05-26,0,0,8,zero,3,0.0,446.0,0.0,0.0
2026-05-26,0,0,9,short,8,0.125,352.0,0.0,0.125
2026-05-26,0,0,9,zero,5,0.0,869.0,0.0023014959723820483,-0.0023014959723820483
2026-05-26,0,1,0,very_long,1,0.0,8.0,0.0,0.0
2026-05-26,0,1,0,zero,4,0.0,24.0,0.0,0.0
2026-05-26,0,1,3,short,2,0.0,41.0,0.0,0.0
2026-05-26,0,1,3,very_long,1,0.0,2.0,0.0,0.0
2026-05-26,0,1,3,zero,1,0.0,72.0,0.0,0.0
2026-05-26,0,1,4,medium,1,0.0,43.0,0.0,0.0
2026-05-26,0,1,5,medium,1,0.0,29.0,0.0,0.0
2026-05-26,0,1,6,long,1,0.0,15.0,0.0,0.0
2026-05-26,0,1,6,very_long,1,0.0,6.0,0.0,0.0
2026-05-26,0,1,7,long,2,0.0,11.0,0.0,0.0
2026-05-26,0,1,7,very_long,2,0.0,13.0,0.0,0.0
2026-05-26,0,1,7,zero,5,0.0,49.0,0.0,0.0
2026-05-26,0,1,8,long,1,0.0,5.0,0.0,0.0
2026-05-26,0,1,8,very_long,1,0.0,13.0,0.0,0.0
2026-05-26,0,1,8,zero,1,0.0,59.0,0.0,0.0
2026-05-26,0,1,9,zero,1,0.0,61.0,0.11475409836065574,-0.11475409836065574
2026-05-26,1,0,0,medium,2,0.0,38.0,0.0,0.0
2026-05-26,1,0,0,very_long,1,0.0,12.0,0.0,0.0
2026-05-26,1,0,0,zero,3,0.0,126.0,0.0,0.0
2026-05-26,1,0,1,medium,1,0.0,22.0,0.0,0.0
2026-05-26,1,0,1,very_long,1,0.0,12.0,0.0,0.0
2026-05-26,1,0,3,long,6,0.0,37.0,0.0,0.0
2026-05-26,1,0,3,medium,13,0.07692307692307693,707.0,0.0,0.07692307692307693
2026-05-26,1,0,3,short,7,0.0,43.0,0.0,0.0
2026-05-26,1,0,3,very_long,5,0.0,18.0,0.0,0.0
2026-05-26,1,0,3,zero,1,0.0,832.0,0.0,0.0
2026-05-26,1,0,4,long,1,0.0,16.0,0.0,0.0
2026-05-26,1,0,4,medium,2,0.0,528.0,0.0,0.0
2026-05-26,1,0,4,zero,1,0.0,532.0,0.0,0.0
2026-05-26,1,0,5,medium,6,0.0,272.0,0.0,0.0
2026-05-26,1,0,5,short,6,0.0,59.0,0.0,0.0
2026-05-26,1,0,5,zero,4,0.0,555.0,0.0,0.0
2026-05-26,1,0,6,long,4,0.0,46.0,0.0,0.0
2026-05-26,1,0,6,medium,9,0.0,284.0,0.0,0.0
2026-05-26,1,0,6,short,2,0.0,88.0,0.0,0.0
2026-05-26,1,0,6,very_long,6,0.0,21.0,0.0,0.0
2026-05-26,1,0,6,zero,3,0.0,738.0,0.0013550135501355014,-0.0013550135501355014
2026-05-26,1,0,7,long,4,0.0,41.0,0.0,0.0
2026-05-26,1,0,7,medium,4,0.0,203.0,0.0,0.0
2026-05-26,1,0,7,short,2,0.0,49.0,0.0,0.0
2026-05-26,1,0,7,very_long,6,0.0,40.0,0.0,0.0
2026-05-26,1,0,7,zero,2,0.0,409.0,0.0,0.0
2026-05-26,1,0,8,long,1,0.0,18.0,0.0,0.0
2026-05-26,1,0,8,medium,4,0.0,218.0,0.0,0.0
2026-05-26,1,0,8,short,2,0.0,80.0,0.0,0.0
2026-05-26,1,0,8,very_long,3,0.0,10.0,0.0,0.0
2026-05-26,1,0,8,zero,1,0.0,524.0,0.0,0.0
2026-05-26,1,0,9,long,1,1.0,20.0,0.05,0.95
2026-05-26,1,0,9,medium,3,0.0,118.0,0.03389830508474576,-0.03389830508474576
2026-05-26,1,0,9,short,2,0.0,38.0,0.0,0.0
2026-05-26,1,0,9,very_long,1,0.0,19.0,0.0,0.0
2026-05-26,1,0,9,zero,1,0.0,305.0,0.013114754098360656,-0.013114754098360656
2026-05-26,1,1,0,long,4,0.0,31.0,0.0,0.0
2026-05-26,1,1,0,medium,3,0.0,46.0,0.0,0.0
2026-05-26,1,1,0,short,4,0.0,23.0,0.0,0.0
2026-05-26,1,1,0,very_long,2,0.0,47.0,0.0,0.0
2026-05-26,1,1,0,zero,3,0.0,56.0,0.0,0.0
2026-05-26,1,1,1,long,5,0.0,18.0,0.0,0.0
2026-05-26,1,1,1,medium,4,0.0,18.0,0.0,0.0
2026-05-26,1,1,1,short,1,0.0,15.0,0.0,0.0
2026-05-26,1,1,1,zero,2,0.0,11.0,0.0,0.0
2026-05-26,1,1,2,medium,1,0.0,2.0,0.0,0.0
2026-05-26,1,1,3,long,29,0.0,56.0,0.0,0.0
2026-05-26,1,1,3,medium,26,0.038461538461538464,672.0,0.002976190476190476,0.035485347985347984
2026-05-26,1,1,3,short,11,0.0,54.0,0.0,0.0
2026-05-26,1,1,3,very_long,5,0.0,41.0,0.0,0.0
2026-05-26,1,1,3,zero,12,0.0,930.0,0.0,0.0
2026-05-26,1,1,4,long,2,0.0,18.0,0.0,0.0
2026-05-26,1,1,4,medium,4,0.0,748.0,0.0,0.0
2026-05-26,1,1,4,short,4,0.0,14.0,0.0,0.0
2026-05-26,1,1,4,zero,3,0.0,467.0,0.0,0.0
2026-05-26,1,1,5,long,50,0.0,68.0,0.0,0.0
2026-05-26,1,1,5,medium,16,0.0,375.0,0.0,0.0
2026-05-26,1,1,5,short,6,0.0,40.0,0.0,0.0
2026-05-26,1,1,5,very_long,6,0.0,38.0,0.0,0.0
2026-05-26,1,1,5,zero,9,0.0,514.0,0.0,0.0
2026-05-26,1,1,6,long,13,0.0,99.0,0.0,0.0
2026-05-26,1,1,6,medium,8,0.0,355.0,0.0,0.0
2026-05-26,1,1,6,short,4,0.0,75.0,0.0,0.0
2026-05-26,1,1,6,very_long,11,0.0,37.0,0.0,0.0
2026-05-26,1,1,6,zero,11,0.0,521.0,0.0,0.0
2026-05-26,1,1,7,long,19,0.0,120.0,0.0,0.0
2026-05-26,1,1,7,medium,10,0.1,329.0,0.0,0.1
2026-05-26,1,1,7,short,6,0.0,61.0,0.0,0.0
2026-05-26,1,1,7,very_long,11,0.0,44.0,0.0,0.0
2026-05-26,1,1,7,zero,8,0.0,471.0,0.0,0.0
2026-05-26,1,1,8,long,12,0.0,82.0,0.0,0.0
2026-05-26,1,1,8,medium,13,0.0,365.0,0.0027397260273972603,-0.0027397260273972603
2026-05-26,1,1,8,short,7,0.0,57.0,0.0,0.0
2026-05-26,1,1,8,very_long,16,0.0,47.0,0.0,0.0
2026-05-26,1,1,8,zero,1,0.0,631.0,0.001584786053882726,-0.001584786053882726
2026-05-26,1,1,9,long,15,0.06666666666666667,55.0,0.01818181818181818,0.048484848484848485
2026-05-26,1,1,9,medium,12,0.16666666666666666,228.0,0.03070175438596491,0.13596491228070173
2026-05-26,1,1,9,short,11,0.0,53.0,0.018867924528301886,-0.018867924528301886
2026-05-26,1,1,9,very_long,7,0.2857142857142857,64.0,0.0,0.2857142857142857
2026-05-26,1,1,9,zero,6,0.3333333333333333,331.0,0.006042296072507553,0.32729103726082576
2026-05-27,0,0,0,medium,1,0.0,124.0,0.0,0.0
2026-05-27,0,0,0,very_long,1,0.0,143.0,0.0,0.0
2026-05-27,0,0,0,zero,6,0.0,1122.0,0.0,0.0
2026-05-27,0,0,1,zero,11,0.0,1534.0,0.0,0.0
2026-05-27,0,0,2,zero,1,0.0,76.0,0.0,0.0
2026-05-27,0,0,3,short,2,0.0,140.0,0.0,0.0
2026-05-27,0,0,3,very_long,2,0.0,74.0,0.0,0.0
2026-05-27,0,0,3,zero,2,0.0,364.0,0.0,0.0
2026-05-27,0,0,5,medium,1,0.0,143.0,0.0,0.0
2026-05-27,0,0,5,short,1,0.0,83.0,0.0,0.0
2026-05-27,0,0,5,zero,1,0.0,165.0,0.0,0.0
2026-05-27,0,0,6,very_long,1,0.0,42.0,0.0,0.0
2026-05-27,0,0,6,zero,2,0.0,172.0,0.0,0.0
2026-05-27,0,0,7,short,2,0.0,89.0,0.0,0.0
2026-05-27,0,0,7,very_long,2,0.0,43.0,0.0,0.0
2026-05-27,0,0,7,zero,4,0.0,250.0,0.0,0.0
2026-05-27,0,0,8,medium,1,0.0,65.0,0.0,0.0
2026-05-27,0,0,8,very_long,2,0.0,45.0,0.0,0.0
2026-05-27,0,0,8,zero,4,0.0,425.0,0.0,0.0
2026-05-27,0,0,9,long,1,0.0,35.0,0.0,0.0
2026-05-27,0,0,9,short,1,0.0,288.0,0.0,0.0
2026-05-27,0,0,9,zero,8,0.0,850.0,0.001176470588235294,-0.001176470588235294
2026-05-27,0,1,1,long,1,0.0,8.0,0.0,0.0
2026-05-27,0,1,1,very_long,1,0.0,11.0,0.0,0.0
2026-05-27,0,1,2,very_long,1,0.0,2.0,0.0,0.0
2026-05-27,0,1,3,long,21,0.0,28.0,0.0,0.0
2026-05-27,0,1,3,medium,17,0.0,256.0,0.0,0.0
2026-05-27,0,1,3,short,1,0.0,25.0,0.0,0.0
2026-05-27,0,1,3,very_long,2,0.0,10.0,0.0,0.0
2026-05-27,0,1,3,zero,3,0.0,64.0,0.0,0.0
2026-05-27,0,1,4,medium,14,0.0,78.0,0.0,0.0
2026-05-27,0,1,5,zero,1,0.0,57.0,0.0,0.0
2026-05-27,0,1,6,very_long,2,0.0,7.0,0.0,0.0
2026-05-27,0,1,6,zero,1,0.0,87.0,0.0,0.0
2026-05-27,0,1,7,long,4,0.0,15.0,0.0,0.0
2026-05-27,0,1,7,very_long,1,0.0,16.0,0.0,0.0
2026-05-27,0,1,7,zero,3,0.0,50.0,0.0,0.0
2026-05-27,0,1,8,long,2,0.0,6.0,0.0,0.0
2026-05-27,0,1,8,short,2,0.0,13.0,0.0,0.0
2026-05-27,0,1,8,very_long,1,0.0,5.0,0.0,0.0
2026-05-27,0,1,8,zero,1,0.0,65.0,0.0,0.0
2026-05-27,0,1,9,long,1,0.0,8.0,0.375,-0.375
2026-05-27,0,1,9,zero,1,0.0,72.0,0.06944444444444445,-0.06944444444444445
2026-05-27,1,0,0,medium,1,0.0,62.0,0.0,0.0
2026-05-27,1,0,0,zero,1,0.0,302.0,0.0,0.0
2026-05-27,1,0,3,long,1,0.0,65.0,0.0,0.0
2026-05-27,1,0,3,medium,5,0.0,741.0,0.0,0.0
2026-05-27,1,0,3,short,4,0.0,81.0,0.0,0.0
2026-05-27,1,0,3,very_long,8,0.0,17.0,0.0,0.0
2026-05-27,1,0,3,zero,3,0.0,767.0,0.002607561929595828,-0.002607561929595828
2026-05-27,1,0,4,long,6,0.0,32.0,0.0,0.0
2026-05-27,1,0,4,medium,5,0.0,552.0,0.0,0.0
2026-05-27,1,0,4,short,1,0.0,77.0,0.0,0.0
2026-05-27,1,0,4,zero,5,0.0,788.0,0.0,0.0
2026-05-27,1,0,5,long,4,0.0,22.0,0.0,0.0
2026-05-27,1,0,5,medium,7,0.0,273.0,0.0,0.0
2026-05-27,1,0,5,short,1,0.0,74.0,0.0,0.0
2026-05-27,1,0,5,very_long,6,0.0,16.0,0.0,0.0
2026-05-27,1,0,5,zero,2,0.0,583.0,0.0,0.0
2026-05-27,1,0,6,long,6,0.0,50.0,0.0,0.0
2026-05-27,1,0,6,medium,2,0.0,299.0,0.0,0.0
2026-05-27,1,0,6,very_long,4,0.0,35.0,0.0,0.0
2026-05-27,1,0,6,zero,2,0.0,664.0,0.0,0.0
2026-05-27,1,0,7,long,5,0.0,50.0,0.0,0.0
2026-05-27,1,0,7,medium,6,0.0,179.0,0.0,0.0
2026-05-27,1,0,7,short,1,0.0,64.0,0.0,0.0
2026-05-27,1,0,7,very_long,3,0.0,28.0,0.0,0.0
2026-05-27,1,0,7,zero,4,0.0,407.0,0.0,0.0
2026-05-27,1,0,8,long,1,0.0,30.0,0.0,0.0
2026-05-27,1,0,8,medium,2,0.0,223.0,0.0,0.0
2026-05-27,1,0,8,very_long,2,0.0,14.0,0.0,0.0
2026-05-27,1,0,8,zero,1,0.0,609.0,0.0,0.0
2026-05-27,1,0,9,long,1,0.0,20.0,0.15,-0.15
2026-05-27,1,0,9,medium,3,0.3333333333333333,109.0,0.01834862385321101,0.3149847094801223
2026-05-27,1,0,9,short,2,0.0,58.0,0.06896551724137931,-0.06896551724137931
2026-05-27,1,0,9,zero,3,0.0,408.0,0.0024509803921568627,-0.0024509803921568627
2026-05-27,1,1,0,long,3,0.0,13.0,0.0,0.0
2026-05-27,1,1,0,medium,14,0.0,34.0,0.0,0.0
2026-05-27,1,1,0,short,15,0.0,11.0,0.0,0.0
2026-05-27,1,1,0,very_long,1,0.0,6.0,0.0,0.0
2026-05-27,1,1,0,zero,1,0.0,71.0,0.0,0.0
2026-05-27,1,1,1,long,2,0.0,4.0,0.0,0.0
2026-05-27,1,1,1,medium,26,0.0,14.0,0.0,0.0
2026-05-27,1,1,1,short,15,0.0,13.0,0.0,0.0
2026-05-27,1,1,1,very_long,1,0.0,2.0,0.0,0.0
2026-05-27,1,1,1,zero,1,0.0,13.0,0.0,0.0
2026-05-27,1,1,3,long,40,0.0,103.0,0.0,0.0
2026-05-27,1,1,3,medium,17,0.0,1023.0,0.0009775171065493646,-0.0009775171065493646
2026-05-27,1,1,3,short,6,0.0,32.0,0.0,0.0
2026-05-27,1,1,3,very_long,12,0.0,17.0,0.0,0.0
2026-05-27,1,1,3,zero,2,0.0,992.0,0.0,0.0
2026-05-27,1,1,4,long,6,0.0,66.0,0.0,0.0
2026-05-27,1,1,4,medium,4,0.0,791.0,0.0,0.0
2026-05-27,1,1,4,zero,4,0.0,525.0,0.0,0.0
2026-05-27,1,1,5,long,22,0.0,52.0,0.0,0.0
2026-05-27,1,1,5,medium,20,0.0,408.0,0.0,0.0
2026-05-27,1,1,5,short,4,0.0,54.0,0.0,0.0
2026-05-27,1,1,5,very_long,9,0.0,13.0,0.0,0.0
2026-05-27,1,1,6,long,8,0.0,123.0,0.0,0.0
2026-05-27,1,1,6,medium,13,0.0,310.0,0.0,0.0
2026-05-27,1,1,6,short,1,0.0,78.0,0.0,0.0
2026-05-27,1,1,6,very_long,9,0.0,31.0,0.0,0.0
2026-05-27,1,1,6,zero,6,0.0,502.0,0.0,0.0
2026-05-27,1,1,7,long,15,0.0,142.0,0.0,0.0
2026-05-27,1,1,7,medium,17,0.0,295.0,0.003389830508474576,-0.003389830508474576
2026-05-27,1,1,7,short,7,0.0,52.0,0.0,0.0
2026-05-27,1,1,7,very_long,9,0.0,37.0,0.0,0.0
2026-05-27,1,1,7,zero,3,0.0,435.0,0.0,0.0
2026-05-27,1,1,8,long,36,0.0,60.0,0.0,0.0
2026-05-27,1,1,8,medium,25,0.0,347.0,0.0,0.0
2026-05-27,1,1,8,short,8,0.0,66.0,0.0,0.0
2026-05-27,1,1,8,very_long,4,0.0,31.0,0.0,0.0
2026-05-27,1,1,8,zero,3,0.0,668.0,0.0,0.0
2026-05-27,1,1,9,long,20,0.2,56.0,0.03571428571428571,0.1642857142857143
2026-05-27,1,1,9,medium,34,0.0,198.0,0.020202020202020204,-0.020202020202020204
2026-05-27,1,1,9,short,16,0.0,40.0,0.0,0.0
2026-05-27,1,1,9,very_long,8,0.125,46.0,0.0,0.125
2026-05-27,1,1,9,zero,6,0.16666666666666666,363.0,0.01928374655647383,0.14738292011019283
2026-05-28,0,0,0,long,1,0.0,163.0,0.0,0.0
2026-05-28,0,0,0,medium,1,0.0,199.0,0.0,0.0
2026-05-28,0,0,1,long,1,0.0,134.0,0.0,0.0
2026-05-28,0,0,1,very_long,1,0.0,402.0,0.0,0.0
2026-05-28,0,0,3,long,3,0.0,97.0,0.0,0.0
2026-05-28,0,0,3,medium,2,0.0,309.0,0.003236245954692557,-0.003236245954692557
2026-05-28,0,0,3,very_long,1,0.0,78.0,0.0,0.0
2026-05-28,0,0,3,zero,3,0.0,335.0,0.0,0.0
2026-05-28,0,0,5,long,1,0.0,27.0,0.0,0.0
2026-05-28,0,0,5,zero,1,0.0,163.0,0.0,0.0
2026-05-28,0,0,6,long,3,0.0,42.0,0.0,0.0
2026-05-28,0,0,6,medium,1,0.0,105.0,0.0,0.0
2026-05-28,0,0,6,very_long,1,0.0,56.0,0.0,0.0
2026-05-28,0,0,6,zero,2,0.0,192.0,0.0,0.0
2026-05-28,0,0,7,long,4,0.0,45.0,0.0,0.0
2026-05-28,0,0,7,medium,2,0.0,95.0,0.0,0.0
2026-05-28,0,0,7,short,1,0.0,69.0,0.0,0.0
2026-05-28,0,0,7,very_long,3,0.0,75.0,0.0,0.0
2026-05-28,0,0,7,zero,2,0.0,222.0,0.0,0.0
2026-05-28,0,0,8,zero,1,0.0,290.0,0.0034482758620689655,-0.0034482758620689655
2026-05-28,0,0,9,long,1,0.0,73.0,0.0,0.0
2026-05-28,0,0,9,short,3,0.0,191.0,0.0,0.0
2026-05-28,0,0,9,zero,2,0.0,701.0,0.0042796005706134095,-0.0042796005706134095
2026-05-28,0,1,0,short,1,0.0,1.0,0.0,0.0
2026-05-28,0,1,0,zero,3,0.0,13.0,0.0,0.0
2026-05-28,0,1,3,long,5,0.0,32.0,0.0,0.0
2026-05-28,0,1,3,very_long,4,0.0,10.0,0.0,0.0
2026-05-28,0,1,3,zero,1,0.0,135.0,0.0,0.0
2026-05-28,0,1,5,long,2,0.0,8.0,0.0,0.0
2026-05-28,0,1,5,medium,1,0.0,29.0,0.0,0.0
2026-05-28,0,1,5,very_long,1,0.0,3.0,0.0,0.0
2026-05-28,0,1,6,medium,1,0.0,26.0,0.0,0.0
2026-05-28,0,1,6,very_long,1,0.0,11.0,0.0,0.0
2026-05-28,0,1,7,long,2,0.0,11.0,0.0,0.0
2026-05-28,0,1,7,very_long,1,0.0,9.0,0.0,0.0
2026-05-28,0,1,8,medium,1,0.0,25.0,0.0,0.0
2026-05-28,0,1,8,short,2,0.0,6.0,0.0,0.0
2026-05-28,0,1,8,very_long,1,0.0,6.0,0.0,0.0
2026-05-28,0,1,9,short,1,0.0,8.0,0.0,0.0
2026-05-28,0,1,9,zero,1,0.0,48.0,0.14583333333333334,-0.14583333333333334
2026-05-28,1,0,0,short,1,0.0,46.0,0.0,0.0
2026-05-28,1,0,0,very_long,1,0.0,34.0,0.0,0.0
2026-05-28,1,0,1,medium,1,0.0,42.0,0.0,0.0
2026-05-28,1,0,1,very_long,1,0.0,47.0,0.0,0.0
2026-05-28,1,0,3,long,2,0.0,42.0,0.047619047619047616,-0.047619047619047616
2026-05-28,1,0,3,medium,3,0.0,744.0,0.0,0.0
2026-05-28,1,0,3,short,1,0.0,116.0,0.0,0.0
2026-05-28,1,0,3,very_long,2,0.0,32.0,0.0,0.0
2026-05-28,1,0,4,long,1,0.0,13.0,0.0,0.0
2026-05-28,1,0,4,zero,1,0.0,687.0,0.0,0.0
2026-05-28,1,0,5,long,1,0.0,21.0,0.0,0.0
2026-05-28,1,0,5,very_long,2,0.0,13.0,0.0,0.0
2026-05-28,1,0,5,zero,2,0.0,606.0,0.0016501650165016502,-0.0016501650165016502
2026-05-28,1,0,6,long,3,0.0,53.0,0.0,0.0
2026-05-28,1,0,6,medium,5,0.0,300.0,0.0,0.0
2026-05-28,1,0,6,very_long,3,0.0,29.0,0.0,0.0
2026-05-28,1,0,6,zero,1,0.0,746.0,0.0,0.0
2026-05-28,1,0,7,long,2,0.0,61.0,0.0,0.0
2026-05-28,1,0,7,medium,4,0.0,210.0,0.0,0.0
2026-05-28,1,0,7,very_long,7,0.0,50.0,0.02,-0.02
2026-05-28,1,0,7,zero,3,0.0,419.0,0.0,0.0
2026-05-28,1,0,8,long,1,0.0,28.0,0.03571428571428571,-0.03571428571428571
2026-05-28,1,0,8,medium,4,0.0,205.0,0.0,0.0
2026-05-28,1,0,8,very_long,2,0.0,23.0,0.0,0.0
2026-05-28,1,0,9,medium,1,0.0,126.0,0.015873015873015872,-0.015873015873015872
2026-05-28,1,0,9,very_long,2,0.0,42.0,0.047619047619047616,-0.047619047619047616
2026-05-28,1,1,0,long,1,0.0,11.0,0.0,0.0
2026-05-28,1,1,0,medium,4,0.0,77.0,0.0,0.0
2026-05-28,1,1,0,short,4,0.0,14.0,0.0,0.0
2026-05-28,1,1,0,very_long,2,0.0,5.0,0.0,0.0
2026-05-28,1,1,0,zero,4,0.0,100.0,0.0,0.0
2026-05-28,1,1,1,medium,2,0.0,13.0,0.0,0.0
2026-05-28,1,1,1,short,11,0.0,1.0,0.0,0.0
2026-05-28,1,1,1,very_long,1,0.0,9.0,0.0,0.0
2026-05-28,1,1,1,zero,1,0.0,9.0,0.0,0.0
2026-05-28,1,1,3,long,74,0.0,147.0,0.006802721088435374,-0.006802721088435374
2026-05-28,1,1,3,medium,2,0.0,952.0,0.0010504201680672268,-0.0010504201680672268
2026-05-28,1,1,3,short,4,0.0,74.0,0.0,0.0
2026-05-28,1,1,3,zero,3,0.0,1120.0,0.0008928571428571428,-0.0008928571428571428
2026-05-28,1,1,4,long,7,0.0,43.0,0.0,0.0
2026-05-28,1,1,4,zero,2,0.0,538.0,0.0,0.0
2026-05-28,1,1,5,long,20,0.0,47.0,0.0,0.0
2026-05-28,1,1,5,medium,8,0.0,363.0,0.0,0.0
2026-05-28,1,1,5,short,3,0.0,67.0,0.0,0.0
2026-05-28,1,1,5,very_long,5,0.0,19.0,0.0,0.0
2026-05-28,1,1,5,zero,5,0.0,472.0,0.0,0.0
2026-05-28,1,1,6,long,13,0.0,98.0,0.0,0.0
2026-05-28,1,1,6,medium,12,0.0,362.0,0.0,0.0
2026-05-28,1,1,6,short,7,0.0,96.0,0.0,0.0
2026-05-28,1,1,6,very_long,11,0.0,39.0,0.0,0.0
2026-05-28,1,1,6,zero,8,0.0,558.0,0.0,0.0
2026-05-28,1,1,7,long,34,0.0,132.0,0.0,0.0
2026-05-28,1,1,7,medium,19,0.0,305.0,0.003278688524590164,-0.003278688524590164
2026-05-28,1,1,7,short,8,0.0,68.0,0.0,0.0
2026-05-28,1,1,7,very_long,14,0.0,44.0,0.0,0.0
2026-05-28,1,1,7,zero,7,0.0,365.0,0.0,0.0
2026-05-28,1,1,8,long,17,0.0,55.0,0.0,0.0
2026-05-28,1,1,8,medium,19,0.0,312.0,0.0,0.0
2026-05-28,1,1,8,short,5,0.0,71.0,0.0,0.0
2026-05-28,1,1,8,very_long,12,0.0,34.0,0.0,0.0
2026-05-28,1,1,8,zero,3,0.0,590.0,0.0,0.0
2026-05-28,1,1,9,long,38,0.02631578947368421,49.0,0.02040816326530612,0.005907626208378088
2026-05-28,1,1,9,medium,31,0.03225806451612903,189.0,0.026455026455026454,0.005803038061102578
2026-05-28,1,1,9,short,18,0.05555555555555555,49.0,0.02040816326530612,0.035147392290249435
2026-05-28,1,1,9,very_long,6,0.16666666666666666,22.0,0.0,0.16666666666666666
2026-05-28,1,1,9,zero,2,0.0,377.0,0.015915119363395226,-0.015915119363395226
2026-05-29,0,0,0,long,1,0.0,70.0,0.0,0.0
2026-05-29,0,0,0,medium,1,0.0,193.0,0.0,0.0
2026-05-29,0,0,1,medium,1,0.0,186.0,0.0,0.0
2026-05-29,0,0,1,zero,3,0.0,1430.0,0.0006993006993006993,-0.0006993006993006993
2026-05-29,0,0,2,long,1,0.0,4.0,0.0,0.0
2026-05-29,0,0,3,long,1,0.0,67.0,0.0,0.0
2026-05-29,0,0,3,medium,3,0.0,178.0,0.0,0.0
2026-05-29,0,0,3,very_long,1,0.0,51.0,0.0,0.0
2026-05-29,0,0,3,zero,1,0.0,477.0,0.0,0.0
2026-05-29,0,0,5,medium,2,0.0,95.0,0.0,0.0
2026-05-29,0,0,5,short,1,0.0,77.0,0.0,0.0
2026-05-29,0,0,5,very_long,1,0.0,33.0,0.0,0.0
2026-05-29,0,0,5,zero,1,0.0,190.0,0.0,0.0
2026-05-29,0,0,6,long,2,0.0,43.0,0.0,0.0
2026-05-29,0,0,6,medium,2,0.0,129.0,0.0,0.0
2026-05-29,0,0,6,short,1,0.0,86.0,0.0,0.0
2026-05-29,0,0,6,very_long,3,0.0,49.0,0.0,0.0
2026-05-29,0,0,6,zero,2,0.0,218.0,0.0,0.0
2026-05-29,0,0,7,long,1,0.0,45.0,0.0,0.0
2026-05-29,0,0,7,medium,2,0.0,112.0,0.0,0.0
2026-05-29,0,0,7,short,2,0.0,81.0,0.0,0.0
2026-05-29,0,0,7,very_long,5,0.0,61.0,0.0,0.0
2026-05-29,0,0,7,zero,4,0.0,237.0,0.0,0.0
2026-05-29,0,0,8,zero,2,0.0,330.0,0.0,0.0
2026-05-29,0,0,9,long,1,0.0,27.0,0.0,0.0
2026-05-29,0,0,9,medium,1,0.0,117.0,0.017094017094017096,-0.017094017094017096
2026-05-29,0,0,9,short,6,0.0,188.0,0.010638297872340425,-0.010638297872340425
2026-05-29,0,0,9,zero,1,0.0,791.0,0.0037926675094816687,-0.0037926675094816687
2026-05-29,0,1,0,long,1,0.0,5.0,0.0,0.0
2026-05-29,0,1,0,very_long,1,0.0,18.0,0.0,0.0
2026-05-29,0,1,3,short,1,0.0,57.0,0.0,0.0
2026-05-29,0,1,3,very_long,1,0.0,18.0,0.0,0.0
2026-05-29,0,1,3,zero,2,0.0,68.0,0.0,0.0
2026-05-29,0,1,4,zero,1,0.0,49.0,0.0,0.0
2026-05-29,0,1,5,zero,1,0.0,67.0,0.0,0.0
2026-05-29,0,1,7,long,2,0.0,14.0,0.0,0.0
2026-05-29,0,1,7,medium,1,0.0,29.0,0.0,0.0
2026-05-29,0,1,7,short,1,0.0,6.0,0.0,0.0
2026-05-29,0,1,7,very_long,1,0.0,9.0,0.0,0.0
2026-05-29,0,1,7,zero,1,0.0,46.0,0.0,0.0
2026-05-29,0,1,8,long,1,0.0,6.0,0.0,0.0
2026-05-29,0,1,8,short,1,0.0,12.0,0.0,0.0
2026-05-29,0,1,8,very_long,1,0.0,10.0,0.0,0.0
2026-05-29,0,1,9,long,1,0.0,6.0,0.16666666666666666,-0.16666666666666666
2026-05-29,0,1,9,short,2,0.5,11.0,0.09090909090909091,0.40909090909090906
2026-05-29,1,0,0,short,1,0.0,31.0,0.0,0.0
2026-05-29,1,0,0,very_long,1,0.0,25.0,0.0,0.0
2026-05-29,1,0,1,short,1,0.0,11.0,0.0,0.0
2026-05-29,1,0,1,zero,2,0.0,149.0,0.0,0.0
2026-05-29,1,0,3,long,2,0.0,25.0,0.0,0.0
2026-05-29,1,0,3,medium,5,0.2,915.0,0.001092896174863388,0.19890710382513663
2026-05-29,1,0,3,short,2,0.0,121.0,0.0,0.0
2026-05-29,1,0,3,very_long,3,0.0,25.0,0.0,0.0
2026-05-29,1,0,3,zero,3,0.0,787.0,0.0,0.0
2026-05-29,1,0,4,medium,1,0.0,439.0,0.0,0.0
2026-05-29,1,0,6,long,3,0.0,32.0,0.0,0.0
2026-05-29,1,0,6,very_long,3,0.0,26.0,0.0,0.0
2026-05-29,1,0,7,long,2,0.0,39.0,0.0,0.0
2026-05-29,1,0,7,medium,5,0.0,197.0,0.0,0.0
2026-05-29,1,0,7,short,1,0.0,64.0,0.0,0.0
2026-05-29,1,0,7,very_long,3,0.0,39.0,0.0,0.0
2026-05-29,1,0,7,zero,3,0.0,334.0,0.0,0.0
2026-05-29,1,0,8,medium,2,0.0,202.0,0.0,0.0
2026-05-29,1,0,8,short,2,0.0,75.0,0.0,0.0
2026-05-29,1,0,8,very_long,2,0.0,24.0,0.0,0.0
2026-05-29,1,0,9,medium,3,0.6666666666666666,110.0,0.045454545454545456,0.6212121212121212
2026-05-29,1,0,9,short,4,0.0,52.0,0.0,0.0
2026-05-29,1,0,9,zero,1,0.0,317.0,0.00946372239747634,-0.00946372239747634
2026-05-29,1,1,0,long,38,0.0,38.0,0.0,0.0
2026-05-29,1,1,0,medium,13,0.0,117.0,0.0,0.0
2026-05-29,1,1,0,very_long,3,0.0,34.0,0.0,0.0
2026-05-29,1,1,0,zero,10,0.0,141.0,0.0,0.0
2026-05-29,1,1,1,long,58,0.0,10.0,0.0,0.0
2026-05-29,1,1,1,medium,18,0.0,31.0,0.0,0.0
2026-05-29,1,1,1,zero,17,0.0,75.0,0.0,0.0
2026-05-29,1,1,2,long,3,0.0,1.0,0.0,0.0
2026-05-29,1,1,2,zero,1,0.0,4.0,0.0,0.0
2026-05-29,1,1,3,long,38,0.0,138.0,0.0,0.0
2026-05-29,1,1,3,medium,26,0.0,922.0,0.0,0.0
2026-05-29,1,1,3,short,20,0.0,149.0,0.0,0.0
2026-05-29,1,1,3,very_long,16,0.0,24.0,0.0,0.0
2026-05-29,1,1,3,zero,21,0.0,963.0,0.0,0.0
2026-05-29,1,1,4,long,1,0.0,27.0,0.0,0.0
2026-05-29,1,1,4,medium,1,0.0,816.0,0.0,0.0
2026-05-29,1,1,4,short,2,0.0,49.0,0.0,0.0
2026-05-29,1,1,5,long,16,0.0,43.0,0.0,0.0
2026-05-29,1,1,5,medium,38,0.0,349.0,0.0,0.0
2026-05-29,1,1,5,short,4,0.0,88.0,0.0,0.0
2026-05-29,1,1,5,very_long,49,0.0,12.0,0.0,0.0
2026-05-29,1,1,5,zero,11,0.0,472.0,0.0,0.0
2026-05-29,1,1,6,long,10,0.0,98.0,0.0,0.0
2026-05-29,1,1,6,medium,12,0.0,328.0,0.0,0.0
2026-05-29,1,1,6,short,4,0.0,93.0,0.0,0.0
2026-05-29,1,1,6,very_long,12,0.0,30.0,0.0,0.0
2026-05-29,1,1,6,zero,4,0.0,530.0,0.0,0.0
2026-05-29,1,1,7,long,18,0.0,125.0,0.0,0.0
2026-05-29,1,1,7,medium,19,0.0,266.0,0.0,0.0
2026-05-29,1,1,7,short,3,0.0,70.0,0.0,0.0
2026-05-29,1,1,7,very_long,12,0.0,59.0,0.0,0.0
2026-05-29,1,1,7,zero,6,0.0,432.0,0.0,0.0
2026-05-29,1,1,8,long,41,0.0,79.0,0.0,0.0
2026-05-29,1,1,8,medium,13,0.0,346.0,0.002890173410404624,-0.002890173410404624
2026-05-29,1,1,8,short,3,0.0,75.0,0.0,0.0
2026-05-29,1,1,8,very_long,10,0.0,45.0,0.0,0.0
2026-05-29,1,1,8,zero,5,0.0,572.0,0.0,0.0
2026-05-29,1,1,9,long,77,0.05194805194805195,45.0,0.06666666666666667,-0.014718614718614714
2026-05-29,1,1,9,medium,23,0.043478260869565216,205.0,0.01951219512195122,0.023966065747613997
2026-05-29,1,1,9,short,9,0.1111111111111111,75.0,0.0,0.1111111111111111
2026-05-29,1,1,9,very_long,4,0.0,53.0,0.018867924528301886,-0.018867924528301886
2026-05-29,1,1,9,zero,12,0.0,396.0,0.012626262626262626,-0.012626262626262626
2026-05-30,0,0,0,long,4,0.0,33.0,0.0,0.0
2026-05-30,0,0,0,medium,1,0.0,160.0,0.0,0.0
2026-05-30,0,0,0,very_long,4,0.0,74.0,0.0,0.0
2026-05-30,0,0,1,medium,2,0.0,159.0,0.006289308176100629,-0.006289308176100629
2026-05-30,0,0,1,very_long,1,0.0,77.0,0.0,0.0
2026-05-30,0,0,3,long,1,0.0,31.0,0.0,0.0
2026-05-30,0,0,3,medium,1,0.0,105.0,0.009523809523809525,-0.009523809523809525
2026-05-30,0,0,3,short,2,0.0,95.0,0.0,0.0
2026-05-30,0,0,3,very_long,1,0.0,46.0,0.0,0.0
2026-05-30,0,0,3,zero,2,0.0,234.0,0.0,0.0
2026-05-30,0,0,5,long,1,0.0,31.0,0.0,0.0
2026-05-30,0,0,5,medium,1,0.0,99.0,0.0,0.0
2026-05-30,0,0,5,short,3,0.0,72.0,0.0,0.0
2026-05-30,0,0,5,very_long,2,0.0,45.0,0.0,0.0
2026-05-30,0,0,5,zero,3,0.0,173.0,0.0,0.0
2026-05-30,0,0,6,long,4,0.0,41.0,0.0,0.0
2026-05-30,0,0,6,medium,6,0.0,123.0,0.0,0.0
2026-05-30,0,0,6,short,4,0.0,98.0,0.0,0.0
2026-05-30,0,0,6,very_long,4,0.0,60.0,0.0,0.0
2026-05-30,0,0,6,zero,3,0.0,281.0,0.0,0.0
2026-05-30,0,0,7,long,3,0.0,42.0,0.0,0.0
2026-05-30,0,0,7,medium,3,0.0,95.0,0.0,0.0
2026-05-30,0,0,7,short,1,0.0,94.0,0.0,0.0
2026-05-30,0,0,7,zero,1,0.0,210.0,0.0,0.0
2026-05-30,0,0,8,medium,1,0.0,43.0,0.0,0.0
2026-05-30,0,0,8,zero,1,0.0,325.0,0.003076923076923077,-0.003076923076923077
2026-05-30,0,0,9,long,1,0.0,15.0,0.06666666666666667,-0.06666666666666667
2026-05-30,0,0,9,medium,1,0.0,77.0,0.0,0.0
2026-05-30,0,0,9,short,7,0.0,257.0,0.0,0.0
2026-05-30,0,0,9,very_long,1,0.0,48.0,0.0,0.0
2026-05-30,0,1,0,medium,2,0.0,14.0,0.0,0.0
2026-05-30,0,1,0,very_long,9,0.0,2.0,0.0,0.0
2026-05-30,0,1,0,zero,2,0.0,27.0,0.0,0.0
2026-05-30,0,1,1,medium,2,0.0,19.0,0.0,0.0
2026-05-30,0,1,1,very_long,19,0.0,3.0,0.0,0.0
2026-05-30,0,1,1,zero,4,0.0,15.0,0.0,0.0
2026-05-30,0,1,3,short,1,0.0,10.0,0.0,0.0
2026-05-30,0,1,3,very_long,1,0.0,5.0,0.0,0.0
2026-05-30,0,1,4,zero,1,0.0,64.0,0.0,0.0
2026-05-30,0,1,6,medium,1,0.0,36.0,0.0,0.0
2026-05-30,0,1,7,long,1,0.0,16.0,0.0,0.0
2026-05-30,0,1,7,short,2,0.0,4.0,0.0,0.0
2026-05-30,0,1,7,very_long,1,0.0,6.0,0.0,0.0
2026-05-30,0,1,8,long,1,0.0,7.0,0.0,0.0
2026-05-30,0,1,8,medium,2,0.0,11.0,0.0,0.0
2026-05-30,0,1,8,very_long,4,0.0,3.0,0.0,0.0
2026-05-30,0,1,9,very_long,11,0.0,1.0,0.0,0.0
2026-05-30,0,1,9,zero,4,0.0,54.0,0.09259259259259259,-0.09259259259259259
2026-05-30,1,0,0,long,1,0.0,8.0,0.0,0.0
2026-05-30,1,0,0,very_long,2,0.0,16.0,0.0,0.0
2026-05-30,1,0,1,long,1,0.0,9.0,0.0,0.0
2026-05-30,1,0,1,short,1,0.0,11.0,0.0,0.0
2026-05-30,1,0,1,very_long,1,0.0,10.0,0.0,0.0
2026-05-30,1,0,3,long,1,0.0,30.0,0.06666666666666667,-0.06666666666666667
2026-05-30,1,0,3,short,21,0.0,59.0,0.0,0.0
2026-05-30,1,0,3,very_long,2,0.0,13.0,0.0,0.0
2026-05-30,1,0,4,long,1,0.0,19.0,0.0,0.0
2026-05-30,1,0,4,medium,1,0.0,307.0,0.0,0.0
2026-05-30,1,0,4,short,1,0.0,28.0,0.0,0.0
2026-05-30,1,0,4,zero,1,0.0,437.0,0.0,0.0
2026-05-30,1,0,5,long,1,0.0,25.0,0.0,0.0
2026-05-30,1,0,5,medium,1,0.0,239.0,0.0,0.0
2026-05-30,1,0,5,short,2,0.0,54.0,0.0,0.0
2026-05-30,1,0,5,very_long,1,0.0,15.0,0.0,0.0
2026-05-30,1,0,5,zero,3,0.0,540.0,0.003703703703703704,-0.003703703703703704
2026-05-30,1,0,6,long,7,0.0,49.0,0.0,0.0
2026-05-30,1,0,6,medium,3,0.0,247.0,0.0,0.0
2026-05-30,1,0,6,very_long,4,0.0,24.0,0.0,0.0
2026-05-30,1,0,6,zero,2,0.0,697.0,0.0,0.0
2026-05-30,1,0,7,long,1,0.0,82.0,0.0,0.0
2026-05-30,1,0,7,medium,6,0.0,181.0,0.0,0.0
2026-05-30,1,0,7,short,4,0.0,84.0,0.0,0.0
2026-05-30,1,0,7,very_long,3,0.0,32.0,0.0,0.0
2026-05-30,1,0,7,zero,2,0.0,291.0,0.0,0.0
2026-05-30,1,0,8,long,1,0.0,20.0,0.0,0.0
2026-05-30,1,0,8,short,1,0.0,75.0,0.0,0.0
2026-05-30,1,0,8,very_long,1,0.0,13.0,0.0,0.0
2026-05-30,1,0,9,long,1,0.0,17.0,0.0,0.0
2026-05-30,1,0,9,medium,2,0.0,85.0,0.03529411764705882,-0.03529411764705882
2026-05-30,1,0,9,short,1,0.0,43.0,0.023255813953488372,-0.023255813953488372
2026-05-30,1,0,9,very_long,1,0.0,9.0,0.0,0.0
2026-05-30,1,0,9,zero,1,0.0,261.0,0.01532567049808429,-0.01532567049808429
2026-05-30,1,1,0,long,18,0.0,14.0,0.0,0.0
2026-05-30,1,1,0,medium,4,0.0,65.0,0.0,0.0
2026-05-30,1,1,0,short,3,0.0,26.0,0.0,0.0
2026-05-30,1,1,0,very_long,1,0.0,25.0,0.0,0.0
2026-05-30,1,1,0,zero,9,0.0,99.0,0.0,0.0
2026-05-30,1,1,1,long,26,0.0,7.0,0.0,0.0
2026-05-30,1,1,1,medium,6,0.0,20.0,0.0,0.0
2026-05-30,1,1,1,very_long,3,0.0,26.0,0.0,0.0
2026-05-30,1,1,1,zero,9,0.0,37.0,0.0,0.0
2026-05-30,1,1,2,medium,1,0.0,3.0,0.0,0.0
2026-05-30,1,1,3,long,3,0.0,109.0,0.009174311926605505,-0.009174311926605505
2026-05-30,1,1,3,medium,48,0.0,974.0,0.001026694045174538,-0.001026694045174538
2026-05-30,1,1,3,short,48,0.0,120.0,0.0,0.0
2026-05-30,1,1,3,very_long,2,0.0,14.0,0.0,0.0
2026-05-30,1,1,4,long,1,0.0,109.0,0.0,0.0
2026-05-30,1,1,4,medium,1,0.0,916.0,0.0,0.0
2026-05-30,1,1,4,short,1,0.0,18.0,0.0,0.0
2026-05-30,1,1,4,zero,2,0.0,442.0,0.0,0.0
2026-05-30,1,1,5,long,3,0.0,58.0,0.0,0.0
2026-05-30,1,1,5,medium,35,0.0,423.0,0.0,0.0
2026-05-30,1,1,5,short,6,0.0,74.0,0.0,0.0
2026-05-30,1,1,5,very_long,12,0.0,21.0,0.0,0.0
2026-05-30,1,1,5,zero,6,0.0,490.0,0.0,0.0
2026-05-30,1,1,6,long,12,0.0,115.0,0.0,0.0
2026-05-30,1,1,6,medium,17,0.0,401.0,0.0,0.0
2026-05-30,1,1,6,short,4,0.0,92.0,0.0,0.0
2026-05-30,1,1,6,very_long,9,0.0,38.0,0.0,0.0
2026-05-30,1,1,6,zero,3,0.0,548.0,0.0,0.0
2026-05-30,1,1,7,long,15,0.06666666666666667,140.0,0.0,0.06666666666666667
2026-05-30,1,1,7,medium,12,0.0,290.0,0.0,0.0
2026-05-30,1,1,7,short,8,0.0,86.0,0.0,0.0
2026-05-30,1,1,7,very_long,18,0.0,46.0,0.0,0.0
2026-05-30,1,1,7,zero,8,0.0,381.0,0.0,0.0
2026-05-30,1,1,8,long,19,0.0,50.0,0.0,0.0
2026-05-30,1,1,8,medium,11,0.0,330.0,0.0,0.0
2026-05-30,1,1,8,short,4,0.0,66.0,0.0,0.0
2026-05-30,1,1,8,very_long,10,0.0,34.0,0.0,0.0
2026-05-30,1,1,8,zero,4,0.0,560.0,0.0,0.0
2026-05-30,1,1,9,long,39,0.10256410256410256,30.0,0.2,-0.09743589743589745
2026-05-30,1,1,9,medium,20,0.05,216.0,0.009259259259259259,0.040740740740740744
2026-05-30,1,1,9,short,8,0.125,69.0,0.028985507246376812,0.09601449275362318
2026-05-30,1,1,9,very_long,5,0.0,57.0,0.0,0.0
2026-05-30,1,1,9,zero,6,0.16666666666666666,389.0,0.010282776349614395,0.15638389031705227
2026-05-31,0,0,0,long,3,0.0,45.0,0.0,0.0
2026-05-31,0,0,0,medium,1,0.0,157.0,0.0,0.0
2026-05-31,0,0,0,short,1,0.0,308.0,0.0,0.0
2026-05-31,0,0,0,very_long,1,0.0,89.0,0.0,0.0
2026-05-31,0,0,0,zero,2,0.0,1166.0,0.0008576329331046312,-0.0008576329331046312
2026-05-31,0,0,1,medium,1,0.0,116.0,0.0,0.0
2026-05-31,0,0,1,short,1,0.0,341.0,0.0,0.0
2026-05-31,0,0,1,zero,2,0.0,1380.0,0.002173913043478261,-0.002173913043478261
2026-05-31,0,0,3,long,1,0.0,36.0,0.0,0.0
2026-05-31,0,0,3,medium,1,0.0,161.0,0.0,0.0
2026-05-31,0,0,3,short,1,0.0,93.0,0.0,0.0
2026-05-31,0,0,3,very_long,1,0.0,57.0,0.0,0.0
2026-05-31,0,0,3,zero,1,0.0,336.0,0.0,0.0
2026-05-31,0,0,5,long,1,0.0,25.0,0.0,0.0
2026-05-31,0,0,5,medium,3,0.0,99.0,0.0,0.0
2026-05-31,0,0,5,short,1,0.0,81.0,0.0,0.0
2026-05-31,0,0,6,long,3,0.0,56.0,0.0,0.0
2026-05-31,0,0,6,medium,1,0.0,143.0,0.0,0.0
2026-05-31,0,0,6,short,3,0.0,108.0,0.0,0.0
2026-05-31,0,0,7,long,3,0.0,35.0,0.0,0.0
2026-05-31,0,0,7,medium,3,0.0,121.0,0.0,0.0
2026-05-31,0,0,7,short,2,0.0,83.0,0.0,0.0
2026-05-31,0,0,7,very_long,1,0.0,30.0,0.0,0.0
2026-05-31,0,0,7,zero,2,0.0,213.0,0.0,0.0
2026-05-31,0,0,8,long,1,0.0,9.0,0.0,0.0
2026-05-31,0,0,8,medium,2,0.0,35.0,0.0,0.0
2026-05-31,0,0,8,short,2,0.0,88.0,0.0,0.0
2026-05-31,0,0,8,zero,1,0.0,346.0,0.002890173410404624,-0.002890173410404624
2026-05-31,0,0,9,short,2,0.5,205.0,0.01951219512195122,0.48048780487804876
2026-05-31,0,0,9,very_long,1,0.0,39.0,0.0,0.0
2026-05-31,0,0,9,zero,11,0.0,791.0,0.0012642225031605564,-0.0012642225031605564
2026-05-31,0,1,0,medium,1,0.0,12.0,0.0,0.0
2026-05-31,0,1,0,zero,24,0.0,16.0,0.0,0.0
2026-05-31,0,1,1,medium,2,0.0,18.0,0.0,0.0
2026-05-31,0,1,1,zero,38,0.0,14.0,0.0,0.0
2026-05-31,0,1,3,short,1,0.0,8.0,0.0,0.0
2026-05-31,0,1,3,very_long,1,0.0,7.0,0.0,0.0
2026-05-31,0,1,3,zero,3,0.0,48.0,0.0,0.0
2026-05-31,0,1,5,zero,1,0.0,46.0,0.021739130434782608,-0.021739130434782608
2026-05-31,0,1,6,long,1,0.0,8.0,0.0,0.0
2026-05-31,0,1,6,very_long,1,0.0,9.0,0.0,0.0
2026-05-31,0,1,6,zero,2,0.0,72.0,0.013888888888888888,-0.013888888888888888
2026-05-31,0,1,7,medium,2,0.0,29.0,0.0,0.0
2026-05-31,0,1,7,zero,5,0.0,41.0,0.0,0.0
2026-05-31,0,1,8,zero,6,0.0,44.0,0.0,0.0
2026-05-31,0,1,9,long,1,0.0,2.0,0.0,0.0
2026-05-31,0,1,9,short,3,0.0,5.0,0.0,0.0
2026-05-31,0,1,9,zero,19,0.0,35.0,0.11428571428571428,-0.11428571428571428
2026-05-31,1,0,0,short,1,0.0,18.0,0.0,0.0
2026-05-31,1,0,0,zero,3,0.0,124.0,0.0,0.0
2026-05-31,1,0,1,short,1,0.0,7.0,0.0,0.0
2026-05-31,1,0,1,very_long,5,0.0,4.0,0.0,0.0
2026-05-31,1,0,3,long,2,0.0,47.0,0.0,0.0
2026-05-31,1,0,3,medium,1,1.0,565.0,0.005309734513274336,0.9946902654867257
2026-05-31,1,0,3,zero,1,0.0,641.0,0.0015600624024961,-0.0015600624024961
2026-05-31,1,0,4,very_long,1,0.0,11.0,0.0,0.0
2026-05-31,1,0,5,long,1,0.0,25.0,0.0,0.0
2026-05-31,1,0,5,very_long,1,0.0,19.0,0.0,0.0
2026-05-31,1,0,5,zero,3,0.0,449.0,0.0,0.0
2026-05-31,1,0,6,long,8,0.0,44.0,0.0,0.0
2026-05-31,1,0,6,medium,2,0.0,260.0,0.0,0.0
2026-05-31,1,0,6,short,1,0.0,93.0,0.0,0.0
2026-05-31,1,0,7,long,4,0.0,67.0,0.0,0.0
2026-05-31,1,0,7,medium,3,0.0,221.0,0.0,0.0
2026-05-31,1,0,7,short,1,0.0,67.0,0.0,0.0
2026-05-31,1,0,7,very_long,3,0.0,29.0,0.0,0.0
2026-05-31,1,0,7,zero,1,0.0,411.0,0.0,0.0
2026-05-31,1,0,8,long,3,0.0,20.0,0.0,0.0
2026-05-31,1,0,8,medium,3,0.0,181.0,0.0,0.0
2026-05-31,1,0,8,short,1,0.0,57.0,0.0,0.0
2026-05-31,1,0,8,very_long,1,0.0,10.0,0.0,0.0
2026-05-31,1,0,8,zero,1,0.0,462.0,0.0,0.0
2026-05-31,1,0,9,long,3,0.0,8.0,0.125,-0.125
2026-05-31,1,0,9,medium,2,0.0,88.0,0.06818181818181818,-0.06818181818181818
2026-05-31,1,0,9,short,1,0.0,52.0,0.019230769230769232,-0.019230769230769232
2026-05-31,1,0,9,very_long,2,0.0,8.0,0.0,0.0
2026-05-31,1,0,9,zero,1,0.0,252.0,0.023809523809523808,-0.023809523809523808
2026-05-31,1,1,0,long,2,0.0,8.0,0.0,0.0
2026-05-31,1,1,0,medium,3,0.0,72.0,0.0,0.0
2026-05-31,1,1,0,short,4,0.0,12.0,0.0,0.0
2026-05-31,1,1,0,very_long,2,0.0,3.0,0.0,0.0
2026-05-31,1,1,0,zero,3,0.0,98.0,0.0,0.0
2026-05-31,1,1,1,medium,1,0.0,58.0,0.0,0.0
2026-05-31,1,1,1,very_long,1,0.0,5.0,0.0,0.0
2026-05-31,1,1,1,zero,4,0.0,32.0,0.0,0.0
2026-05-31,1,1,3,long,1,0.0,50.0,0.0,0.0
2026-05-31,1,1,3,medium,74,0.0,730.0,0.0,0.0
2026-05-31,1,1,3,short,20,0.0,71.0,0.0,0.0
2026-05-31,1,1,3,very_long,3,0.0,18.0,0.0,0.0
2026-05-31,1,1,3,zero,2,0.0,736.0,0.001358695652173913,-0.001358695652173913
2026-05-31,1,1,5,long,6,0.0,31.0,0.0,0.0
2026-05-31,1,1,5,medium,50,0.0,357.0,0.0,0.0
2026-05-31,1,1,5,short,8,0.0,46.0,0.0,0.0
2026-05-31,1,1,5,very_long,5,0.0,18.0,0.0,0.0
2026-05-31,1,1,5,zero,4,0.0,473.0,0.0,0.0
2026-05-31,1,1,6,long,6,0.0,76.0,0.0,0.0
2026-05-31,1,1,6,medium,6,0.0,321.0,0.0,0.0
2026-05-31,1,1,6,short,5,0.0,45.0,0.0,0.0
2026-05-31,1,1,6,very_long,8,0.0,29.0,0.0,0.0
2026-05-31,1,1,6,zero,6,0.0,465.0,0.0,0.0
2026-05-31,1,1,7,long,17,0.0,89.0,0.0,0.0
2026-05-31,1,1,7,medium,27,0.0,281.0,0.0,0.0
2026-05-31,1,1,7,short,3,0.0,61.0,0.0,0.0
2026-05-31,1,1,7,very_long,13,0.0,56.0,0.0,0.0
2026-05-31,1,1,7,zero,5,0.0,416.0,0.0,0.0
2026-05-31,1,1,8,long,20,0.0,50.0,0.0,0.0
2026-05-31,1,1,8,medium,10,0.0,337.0,0.0,0.0
2026-05-31,1,1,8,short,4,0.0,54.0,0.0,0.0
2026-05-31,1,1,8,very_long,8,0.0,18.0,0.0,0.0
2026-05-31,1,1,8,zero,2,0.0,606.0,0.0,0.0
2026-05-31,1,1,9,long,27,0.037037037037037035,29.0,0.034482758620689655,0.0025542784163473803
2026-05-31,1,1,9,medium,21,0.14285714285714285,213.0,0.009389671361502348,0.1334674714956405
2026-05-31,1,1,9,short,8,0.0,38.0,0.0,0.0
2026-05-31,1,1,9,very_long,8,0.25,12.0,0.0,0.25
2026-05-31,1,1,9,zero,8,0.0,323.0,0.006191950464396285,-0.006191950464396285
2026-06-01,0,0,0,medium,3,0.0,219.0,0.0,0.0
2026-06-01,0,0,0,short,3,0.0,479.0,0.0,0.0
2026-06-01,0,0,0,very_long,7,0.0,124.0,0.0,0.0
2026-06-01,0,0,1,medium,1,0.0,201.0,0.0,0.0
2026-06-01,0,0,1,short,6,0.0,429.0,0.0,0.0
2026-06-01,0,0,1,very_long,4,0.0,127.0,0.0,0.0
2026-06-01,0,0,3,long,1,0.0,62.0,0.016129032258064516,-0.016129032258064516
2026-06-01,0,0,3,medium,1,0.0,267.0,0.003745318352059925,-0.003745318352059925
2026-06-01,0,0,3,short,2,0.0,80.0,0.0,0.0
2026-06-01,0,0,3,very_long,4,0.0,49.0,0.02040816326530612,-0.02040816326530612
2026-06-01,0,0,3,zero,2,0.0,323.0,0.0030959752321981426,-0.0030959752321981426
2026-06-01,0,0,5,medium,2,0.0,118.0,0.0,0.0
2026-06-01,0,0,5,very_long,2,0.0,40.0,0.0,0.0
2026-06-01,0,0,6,very_long,3,0.0,48.0,0.0,0.0
2026-06-01,0,0,6,zero,1,0.0,159.0,0.0,0.0
2026-06-01,0,0,7,medium,4,0.0,114.0,0.0,0.0
2026-06-01,0,0,7,short,3,0.0,97.0,0.0,0.0
2026-06-01,0,0,7,very_long,3,0.0,39.0,0.0,0.0
2026-06-01,0,0,8,long,1,0.0,9.0,0.0,0.0
2026-06-01,0,0,8,medium,1,0.0,68.0,0.0,0.0
2026-06-01,0,0,8,short,3,0.0,114.0,0.0,0.0
2026-06-01,0,0,9,short,4,0.0,267.0,0.0,0.0
2026-06-01,0,0,9,very_long,1,0.0,72.0,0.0,0.0
2026-06-01,0,1,0,medium,3,0.0,16.0,0.0,0.0
2026-06-01,0,1,0,short,1,0.0,12.0,0.0,0.0
2026-06-01,0,1,0,very_long,2,0.0,23.0,0.0,0.0
2026-06-01,0,1,0,zero,31,0.0,16.0,0.0,0.0
2026-06-01,0,1,1,zero,50,0.0,7.0,0.0,0.0
2026-06-01,0,1,3,long,3,0.0,6.0,0.0,0.0
2026-06-01,0,1,3,very_long,1,0.0,11.0,0.0,0.0
2026-06-01,0,1,3,zero,9,0.0,63.0,0.0,0.0
2026-06-01,0,1,4,long,1,0.0,2.0,0.0,0.0
2026-06-01,0,1,6,very_long,1,0.0,7.0,0.0,0.0
2026-06-01,0,1,6,zero,2,0.0,46.0,0.0,0.0
2026-06-01,0,1,7,long,5,0.0,17.0,0.0,0.0
2026-06-01,0,1,7,very_long,3,0.0,12.0,0.0,0.0
2026-06-01,0,1,7,zero,12,0.0,61.0,0.0,0.0
2026-06-01,0,1,8,very_long,8,0.0,9.0,0.0,0.0
2026-06-01,0,1,8,zero,10,0.0,34.0,0.029411764705882353,-0.029411764705882353
2026-06-01,0,1,9,long,1,0.0,2.0,0.0,0.0
2026-06-01,0,1,9,very_long,7,0.0,16.0,0.0,0.0
2026-06-01,0,1,9,zero,30,0.0,39.0,0.1282051282051282,-0.1282051282051282
2026-06-01,1,0,0,long,1,0.0,9.0,0.0,0.0
2026-06-01,1,0,0,medium,5,0.0,74.0,0.0,0.0
2026-06-01,1,0,0,very_long,4,0.0,15.0,0.0,0.0
2026-06-01,1,0,1,medium,4,0.0,35.0,0.0,0.0
2026-06-01,1,0,1,very_long,3,0.0,2.0,0.0,0.0
2026-06-01,1,0,1,zero,1,0.0,113.0,0.0,0.0
2026-06-01,1,0,3,long,2,0.0,42.0,0.023809523809523808,-0.023809523809523808
2026-06-01,1,0,3,medium,2,0.5,977.0,0.0,0.5
2026-06-01,1,0,3,short,1,0.0,35.0,0.0,0.0
2026-06-01,1,0,3,very_long,4,0.0,17.0,0.0,0.0
2026-06-01,1,0,5,long,1,0.0,19.0,0.0,0.0
2026-06-01,1,0,5,medium,2,0.0,491.0,0.0,0.0
2026-06-01,1,0,5,very_long,2,0.0,21.0,0.0,0.0
2026-06-01,1,0,6,long,2,0.0,37.0,0.0,0.0
2026-06-01,1,0,6,medium,1,0.0,282.0,0.0,0.0
2026-06-01,1,0,6,very_long,7,0.0,31.0,0.0,0.0
2026-06-01,1,0,6,zero,3,0.0,882.0,0.0,0.0
2026-06-01,1,0,7,long,3,0.0,53.0,0.0,0.0
2026-06-01,1,0,7,medium,2,0.0,221.0,0.0,0.0
2026-06-01,1,0,7,very_long,6,0.0,41.0,0.0,0.0
2026-06-01,1,0,8,long,1,0.0,15.0,0.0,0.0
2026-06-01,1,0,8,medium,3,0.0,207.0,0.004830917874396135,-0.004830917874396135
2026-06-01,1,0,8,short,1,0.0,55.0,0.0,0.0
2026-06-01,1,0,8,very_long,2,0.0,9.0,0.0,0.0
2026-06-01,1,0,8,zero,2,0.0,591.0,0.0,0.0
2026-06-01,1,0,9,long,3,0.0,11.0,0.2727272727272727,-0.2727272727272727
2026-06-01,1,0,9,medium,4,0.0,103.0,0.04854368932038835,-0.04854368932038835
2026-06-01,1,0,9,short,1,0.0,49.0,0.02040816326530612,-0.02040816326530612
2026-06-01,1,0,9,very_long,4,0.0,9.0,0.0,0.0
2026-06-01,1,1,0,long,4,0.0,17.0,0.0,0.0
2026-06-01,1,1,0,medium,3,0.0,69.0,0.0,0.0
2026-06-01,1,1,0,short,1,0.0,6.0,0.0,0.0
2026-06-01,1,1,0,very_long,1,0.0,10.0,0.0,0.0
2026-06-01,1,1,0,zero,3,0.0,144.0,0.0,0.0
2026-06-01,1,1,1,long,3,0.0,1.0,0.0,0.0
2026-06-01,1,1,1,very_long,4,0.0,12.0,0.0,0.0
2026-06-01,1,1,1,zero,2,0.0,22.0,0.0,0.0
2026-06-01,1,1,3,long,2,0.0,85.0,0.0,0.0
2026-06-01,1,1,3,medium,35,0.02857142857142857,1533.0,0.0,0.02857142857142857
2026-06-01,1,1,3,zero,38,0.0,693.0,0.001443001443001443,-0.001443001443001443
2026-06-01,1,1,4,long,1,0.0,46.0,0.0,0.0
2026-06-01,1,1,4,medium,2,0.0,747.0,0.0,0.0
2026-06-01,1,1,4,very_long,2,0.0,5.0,0.0,0.0
2026-06-01,1,1,4,zero,8,0.0,765.0,0.0,0.0
2026-06-01,1,1,5,long,7,0.0,56.0,0.0,0.0
2026-06-01,1,1,5,medium,25,0.0,613.0,0.0,0.0
2026-06-01,1,1,5,short,2,0.0,93.0,0.0,0.0
2026-06-01,1,1,5,very_long,2,0.0,20.0,0.0,0.0
2026-06-01,1,1,5,zero,7,0.0,560.0,0.0,0.0
2026-06-01,1,1,6,long,3,0.0,87.0,0.0,0.0
2026-06-01,1,1,6,medium,18,0.0,346.0,0.0,0.0
2026-06-01,1,1,6,short,1,0.0,68.0,0.0,0.0
2026-06-01,1,1,6,very_long,3,0.0,27.0,0.0,0.0
2026-06-01,1,1,6,zero,5,0.0,619.0,0.0,0.0
2026-06-01,1,1,7,long,12,0.0,127.0,0.0,0.0
2026-06-01,1,1,7,medium,22,0.0,336.0,0.0,0.0
2026-06-01,1,1,7,short,4,0.0,80.0,0.0,0.0
2026-06-01,1,1,7,very_long,20,0.0,44.0,0.0,0.0
2026-06-01,1,1,7,zero,11,0.0,561.0,0.0,0.0
2026-06-01,1,1,8,long,16,0.0,74.0,0.0,0.0
2026-06-01,1,1,8,medium,15,0.0,372.0,0.0,0.0
2026-06-01,1,1,8,very_long,9,0.0,39.0,0.0,0.0
2026-06-01,1,1,8,zero,3,0.0,641.0,0.0,0.0
2026-06-01,1,1,9,long,28,0.10714285714285714,62.0,0.03225806451612903,0.0748847926267281
2026-06-01,1,1,9,medium,18,0.16666666666666666,224.0,0.017857142857142856,0.1488095238095238
2026-06-01,1,1,9,short,6,0.0,50.0,0.0,0.0
2026-06-01,1,1,9,very_long,6,0.16666666666666666,27.0,0.037037037037037035,0.12962962962962962
2026-06-01,1,1,9,zero,6,0.0,430.0,0.0069767441860465115,-0.0069767441860465115
2026-06-02,0,0,0,long,1,0.0,48.0,0.0,0.0
2026-06-02,0,0,0,short,1,0.0,620.0,0.0,0.0
2026-06-02,0,0,0,very_long,4,0.0,144.0,0.0,0.0
2026-06-02,0,0,0,zero,1,0.0,781.0,0.0012804097311139564,-0.0012804097311139564
2026-06-02,0,0,1,very_long,5,0.0,176.0,0.0,0.0
2026-06-02,0,0,2,very_long,2,0.0,10.0,0.0,0.0
2026-06-02,0,0,3,short,4,0.0,149.0,0.020134228187919462,-0.020134228187919462
2026-06-02,0,0,3,very_long,5,0.0,56.0,0.0,0.0
2026-06-02,0,0,4,very_long,1,0.0,1.0,0.0,0.0
2026-06-02,0,0,5,long,1,0.0,36.0,0.0,0.0
2026-06-02,0,0,5,short,2,0.0,68.0,0.0,0.0
2026-06-02,0,0,5,very_long,2,0.0,24.0,0.0,0.0
2026-06-02,0,0,5,zero,1,0.0,194.0,0.0,0.0
2026-06-02,0,0,6,long,1,0.0,66.0,0.0,0.0
2026-06-02,0,0,6,very_long,5,0.0,40.0,0.0,0.0
2026-06-02,0,0,7,long,2,0.0,58.0,0.0,0.0
2026-06-02,0,0,7,medium,1,0.0,135.0,0.0,0.0
2026-06-02,0,0,7,short,2,0.0,103.0,0.0,0.0
2026-06-02,0,0,7,very_long,4,0.0,42.0,0.0,0.0
2026-06-02,0,0,7,zero,3,0.0,180.0,0.016666666666666666,-0.016666666666666666
2026-06-02,0,0,8,medium,2,0.0,110.0,0.0,0.0
2026-06-02,0,0,8,short,4,0.0,166.0,0.0,0.0
2026-06-02,0,0,9,short,7,0.0,405.0,0.0049382716049382715,-0.0049382716049382715
2026-06-02,0,0,9,very_long,4,0.0,85.0,0.0,0.0
2026-06-02,0,0,9,zero,3,0.0,554.0,0.007220216606498195,-0.007220216606498195
2026-06-02,0,1,0,long,1,0.0,10.0,0.0,0.0
2026-06-02,0,1,0,short,1,0.0,2.0,0.0,0.0
2026-06-02,0,1,0,very_long,2,0.0,5.0,0.0,0.0
2026-06-02,0,1,0,zero,14,0.0,48.0,0.0,0.0
2026-06-02,0,1,1,long,1,0.0,4.0,0.0,0.0
2026-06-02,0,1,1,very_long,4,0.0,8.0,0.0,0.0
2026-06-02,0,1,1,zero,23,0.0,13.0,0.0,0.0
2026-06-02,0,1,3,long,1,0.0,21.0,0.0,0.0
2026-06-02,0,1,3,very_long,3,0.0,12.0,0.0,0.0
2026-06-02,0,1,3,zero,1,0.0,64.0,0.015625,-0.015625
2026-06-02,0,1,6,medium,1,0.0,29.0,0.0,0.0
2026-06-02,0,1,6,very_long,2,0.0,7.0,0.0,0.0
2026-06-02,0,1,6,zero,1,0.0,58.0,0.0,0.0
2026-06-02,0,1,7,long,2,0.0,7.0,0.0,0.0
2026-06-02,0,1,7,short,2,0.0,10.0,0.0,0.0
2026-06-02,0,1,7,very_long,5,0.0,20.0,0.0,0.0
2026-06-02,0,1,7,zero,3,0.0,50.0,0.0,0.0
2026-06-02,0,1,8,very_long,5,0.0,10.0,0.0,0.0
2026-06-02,0,1,8,zero,4,0.0,47.0,0.0,0.0
2026-06-02,0,1,9,very_long,6,0.0,1.0,0.0,0.0
2026-06-02,0,1,9,zero,12,0.0,42.0,0.0,0.0
2026-06-02,1,0,0,medium,2,0.0,109.0,0.0,0.0
2026-06-02,1,0,0,very_long,2,0.0,15.0,0.0,0.0
2026-06-02,1,0,0,zero,1,0.0,386.0,0.0,0.0
2026-06-02,1,0,1,long,1,0.0,6.0,0.0,0.0
2026-06-02,1,0,1,medium,2,0.0,24.0,0.0,0.0
2026-06-02,1,0,1,zero,1,0.0,57.0,0.0,0.0
2026-06-02,1,0,3,long,1,0.0,94.0,0.0,0.0
2026-06-02,1,0,3,short,5,0.0,110.0,0.0,0.0
2026-06-02,1,0,3,very_long,2,0.0,19.0,0.0,0.0
2026-06-02,1,0,5,long,2,0.0,24.0,0.041666666666666664,-0.041666666666666664
2026-06-02,1,0,5,very_long,2,0.0,14.0,0.0,0.0
2026-06-02,1,0,5,zero,1,0.0,550.0,0.0,0.0
2026-06-02,1,0,6,long,2,0.0,45.0,0.0,0.0
2026-06-02,1,0,6,medium,1,0.0,305.0,0.0,0.0
2026-06-02,1,0,6,very_long,3,0.0,31.0,0.0,0.0
2026-06-02,1,0,6,zero,1,0.0,815.0,0.0,0.0
2026-06-02,1,0,7,long,6,0.0,71.0,0.0,0.0
2026-06-02,1,0,7,medium,2,0.0,210.0,0.0,0.0
2026-06-02,1,0,7,short,3,0.0,61.0,0.0,0.0
2026-06-02,1,0,7,very_long,5,0.0,41.0,0.0,0.0
2026-06-02,1,0,8,long,1,0.0,17.0,0.0,0.0
2026-06-02,1,0,8,zero,2,0.0,515.0,0.0,0.0
2026-06-02,1,0,9,medium,2,0.0,94.0,0.010638297872340425,-0.010638297872340425
2026-06-02,1,1,0,long,5,0.0,13.0,0.0,0.0
2026-06-02,1,1,0,medium,1,0.0,125.0,0.0,0.0
2026-06-02,1,1,0,short,1,0.0,13.0,0.0,0.0
2026-06-02,1,1,0,very_long,3,0.0,7.0,0.0,0.0
2026-06-02,1,1,0,zero,8,0.0,377.0,0.0,0.0
2026-06-02,1,1,1,long,3,0.0,6.0,0.0,0.0
2026-06-02,1,1,1,short,1,0.0,3.0,0.0,0.0
2026-06-02,1,1,1,very_long,4,0.0,11.0,0.0,0.0
2026-06-02,1,1,1,zero,23,0.0,22.0,0.0,0.0
2026-06-02,1,1,3,long,1,0.0,191.0,0.0,0.0
2026-06-02,1,1,3,medium,38,0.0,1224.0,0.0008169934640522876,-0.0008169934640522876
2026-06-02,1,1,3,short,2,0.0,58.0,0.0,0.0
2026-06-02,1,1,3,very_long,2,0.0,45.0,0.0,0.0
2026-06-02,1,1,3,zero,61,0.0,694.0,0.0,0.0
2026-06-02,1,1,4,long,2,0.0,48.0,0.0,0.0
2026-06-02,1,1,4,medium,1,0.0,697.0,0.0,0.0
2026-06-02,1,1,4,zero,2,0.0,542.0,0.0,0.0
2026-06-02,1,1,5,long,3,0.0,39.0,0.0,0.0
2026-06-02,1,1,5,medium,22,0.0,291.0,0.0,0.0
2026-06-02,1,1,5,short,7,0.0,54.0,0.0,0.0
2026-06-02,1,1,5,very_long,1,0.0,21.0,0.0,0.0
2026-06-02,1,1,5,zero,18,0.0,393.0,0.0,0.0
2026-06-02,1,1,6,long,6,0.0,67.0,0.0,0.0
2026-06-02,1,1,6,medium,9,0.0,306.0,0.0,0.0
2026-06-02,1,1,6,short,4,0.0,56.0,0.0,0.0
2026-06-02,1,1,6,very_long,10,0.0,36.0,0.0,0.0
2026-06-02,1,1,6,zero,18,0.0,534.0,0.0,0.0
2026-06-02,1,1,7,long,15,0.0,124.0,0.0,0.0
2026-06-02,1,1,7,medium,11,0.0,301.0,0.0033222591362126247,-0.0033222591362126247
2026-06-02,1,1,7,short,3,0.0,73.0,0.0,0.0
2026-06-02,1,1,7,very_long,11,0.0,65.0,0.0,0.0
2026-06-02,1,1,7,zero,11,0.0,488.0,0.0,0.0
2026-06-02,1,1,8,long,19,0.0,76.0,0.0,0.0
2026-06-02,1,1,8,medium,14,0.0,299.0,0.0,0.0
2026-06-02,1,1,8,short,6,0.0,86.0,0.0,0.0
2026-06-02,1,1,8,very_long,8,0.0,40.0,0.0,0.0
2026-06-02,1,1,8,zero,8,0.0,620.0,0.0,0.0
2026-06-02,1,1,9,long,39,0.1282051282051282,52.0,0.0,0.1282051282051282
2026-06-02,1,1,9,medium,34,0.058823529411764705,183.0,0.01092896174863388,0.04789456766313083
2026-06-02,1,1,9,short,7,0.0,48.0,0.0,0.0
2026-06-02,1,1,9,very_long,8,0.25,32.0,0.03125,0.21875
2026-06-02,1,1,9,zero,13,0.0,314.0,0.012738853503184714,-0.012738853503184714
2026-06-03,0,0,0,long,2,0.0,46.0,0.0,0.0
2026-06-03,0,0,0,very_long,1,0.0,133.0,0.0,0.0
2026-06-03,0,0,1,long,1,0.0,39.0,0.0,0.0
2026-06-03,0,0,1,short,1,0.0,463.0,0.0,0.0
2026-06-03,0,0,3,long,1,0.0,59.0,0.0,0.0
2026-06-03,0,0,3,medium,4,0.0,151.0,0.013245033112582781,-0.013245033112582781
2026-06-03,0,0,3,short,1,0.0,79.0,0.0,0.0
2026-06-03,0,0,3,very_long,2,0.0,41.0,0.0,0.0
2026-06-03,0,0,3,zero,4,0.0,351.0,0.0,0.0
2026-06-03,0,0,4,zero,1,0.0,81.0,0.0,0.0
2026-06-03,0,0,5,very_long,2,0.0,39.0,0.0,0.0
2026-06-03,0,0,5,zero,3,0.0,172.0,0.0,0.0
2026-06-03,0,0,6,long,1,0.0,33.0,0.0,0.0
2026-06-03,0,0,6,medium,1,0.0,84.0,0.0,0.0
2026-06-03,0,0,6,short,1,0.0,66.0,0.0,0.0
2026-06-03,0,0,6,zero,1,0.0,175.0,0.0,0.0
2026-06-03,0,0,7,long,1,0.0,47.0,0.0,0.0
2026-06-03,0,0,7,medium,5,0.0,106.0,0.0,0.0
2026-06-03,0,0,7,short,1,0.0,89.0,0.0,0.0
2026-06-03,0,0,7,very_long,1,0.0,45.0,0.0,0.0
2026-06-03,0,0,7,zero,2,0.0,247.0,0.0,0.0
2026-06-03,0,0,8,long,1,0.0,21.0,0.0,0.0
2026-06-03,0,0,8,medium,2,0.0,68.0,0.0,0.0
2026-06-03,0,0,8,very_long,2,0.0,37.0,0.0,0.0
2026-06-03,0,0,8,zero,1,0.0,385.0,0.0,0.0
2026-06-03,0,0,9,short,2,0.0,290.0,0.0034482758620689655,-0.0034482758620689655
2026-06-03,0,1,0,long,4,0.0,5.0,0.0,0.0
2026-06-03,0,1,0,medium,1,0.0,8.0,0.0,0.0
2026-06-03,0,1,0,short,1,0.0,14.0,0.0,0.0
2026-06-03,0,1,0,very_long,1,0.0,4.0,0.0,0.0
2026-06-03,0,1,0,zero,2,0.0,45.0,0.0,0.0
2026-06-03,0,1,1,long,5,0.0,6.0,0.0,0.0
2026-06-03,0,1,1,zero,1,0.0,24.0,0.0,0.0
2026-06-03,0,1,3,medium,2,0.0,38.0,0.0,0.0
2026-06-03,0,1,3,very_long,1,0.0,7.0,0.0,0.0
2026-06-03,0,1,3,zero,6,0.0,48.0,0.0,0.0
2026-06-03,0,1,6,long,1,0.0,6.0,0.0,0.0
2026-06-03,0,1,6,medium,2,0.0,21.0,0.0,0.0
2026-06-03,0,1,6,very_long,11,0.0,6.0,0.0,0.0
2026-06-03,0,1,6,zero,3,0.0,46.0,0.0,0.0
2026-06-03,0,1,7,long,2,0.0,10.0,0.0,0.0
2026-06-03,0,1,7,short,1,0.0,6.0,0.0,0.0
2026-06-03,0,1,7,very_long,9,0.0,3.0,0.0,0.0
2026-06-03,0,1,7,zero,4,0.0,69.0,0.0,0.0
2026-06-03,0,1,8,long,1,0.0,8.0,0.0,0.0
2026-06-03,0,1,8,very_long,40,0.0,3.0,0.0,0.0
2026-06-03,0,1,9,long,6,0.0,5.0,0.0,0.0
2026-06-03,0,1,9,medium,2,0.0,8.0,0.0,0.0
2026-06-03,0,1,9,very_long,4,0.0,4.0,0.0,0.0
2026-06-03,0,1,9,zero,1,0.0,30.0,0.06666666666666667,-0.06666666666666667
2026-06-03,1,0,0,long,1,0.0,18.0,0.0,0.0
2026-06-03,1,0,0,very_long,1,0.0,32.0,0.0,0.0
2026-06-03,1,0,1,very_long,1,0.0,24.0,0.0,0.0
2026-06-03,1,0,1,zero,1,0.0,164.0,0.0,0.0
2026-06-03,1,0,3,long,1,0.0,52.0,0.0,0.0
2026-06-03,1,0,3,medium,1,0.0,528.0,0.001893939393939394,-0.001893939393939394
2026-06-03,1,0,3,very_long,2,0.0,23.0,0.0,0.0
2026-06-03,1,0,3,zero,1,0.0,717.0,0.001394700139470014,-0.001394700139470014
2026-06-03,1,0,4,zero,1,0.0,480.0,0.0,0.0
2026-06-03,1,0,5,long,1,0.0,20.0,0.0,0.0
2026-06-03,1,0,5,medium,1,0.0,186.0,0.005376344086021506,-0.005376344086021506
2026-06-03,1,0,5,zero,3,0.0,399.0,0.0,0.0
2026-06-03,1,0,6,long,6,0.0,52.0,0.0,0.0
2026-06-03,1,0,6,medium,3,0.0,202.0,0.0,0.0
2026-06-03,1,0,6,short,1,0.0,66.0,0.0,0.0
2026-06-03,1,0,6,very_long,2,0.0,28.0,0.0,0.0
2026-06-03,1,0,6,zero,2,0.0,621.0,0.0,0.0
2026-06-03,1,0,7,long,10,0.0,54.0,0.0,0.0
2026-06-03,1,0,7,medium,6,0.0,278.0,0.0,0.0
2026-06-03,1,0,7,short,5,0.0,89.0,0.0,0.0
2026-06-03,1,0,7,very_long,3,0.0,47.0,0.0,0.0
2026-06-03,1,0,7,zero,1,0.0,700.0,0.0,0.0
2026-06-03,1,0,8,long,2,0.0,20.0,0.05,-0.05
2026-06-03,1,0,8,medium,1,0.0,171.0,0.0,0.0
2026-06-03,1,0,8,zero,1,0.0,477.0,0.0,0.0
2026-06-03,1,0,9,long,3,0.0,16.0,0.0625,-0.0625
2026-06-03,1,0,9,medium,2,0.0,76.0,0.02631578947368421,-0.02631578947368421
2026-06-03,1,1,0,long,1,0.0,12.0,0.0,0.0
2026-06-03,1,1,0,medium,1,0.0,94.0,0.0,0.0
2026-06-03,1,1,0,very_long,7,0.0,11.0,0.0,0.0
2026-06-03,1,1,0,zero,8,0.0,242.0,0.0,0.0
2026-06-03,1,1,1,long,8,0.0,2.0,0.0,0.0
2026-06-03,1,1,1,medium,2,0.0,18.0,0.0,0.0
2026-06-03,1,1,1,very_long,17,0.0,4.0,0.0,0.0
2026-06-03,1,1,1,zero,4,0.0,21.0,0.0,0.0
2026-06-03,1,1,2,very_long,4,0.0,2.0,0.0,0.0
2026-06-03,1,1,3,long,33,0.0,54.0,0.0,0.0
2026-06-03,1,1,3,medium,98,0.01020408163265306,851.0,0.0,0.01020408163265306
2026-06-03,1,1,3,short,2,0.0,89.0,0.0,0.0
2026-06-03,1,1,3,very_long,6,0.0,25.0,0.0,0.0
2026-06-03,1,1,3,zero,38,0.0,559.0,0.0,0.0
2026-06-03,1,1,4,long,2,0.0,15.0,0.0,0.0
2026-06-03,1,1,4,medium,4,0.0,347.0,0.0,0.0
2026-06-03,1,1,4,short,2,0.0,54.0,0.0,0.0
2026-06-03,1,1,4,zero,2,0.0,416.0,0.0,0.0
2026-06-03,1,1,5,long,17,0.0,53.0,0.0,0.0
2026-06-03,1,1,5,medium,62,0.016129032258064516,300.0,0.0,0.016129032258064516
2026-06-03,1,1,5,short,8,0.0,61.0,0.0,0.0
2026-06-03,1,1,5,very_long,1,0.0,16.0,0.0,0.0
2026-06-03,1,1,5,zero,7,0.0,318.0,0.0,0.0
2026-06-03,1,1,6,long,8,0.0,83.0,0.0,0.0
2026-06-03,1,1,6,medium,17,0.0,261.0,0.0,0.0
2026-06-03,1,1,6,short,8,0.0,38.0,0.0,0.0
2026-06-03,1,1,6,very_long,2,0.0,23.0,0.0,0.0
2026-06-03,1,1,6,zero,4,0.0,461.0,0.0,0.0
2026-06-03,1,1,7,long,20,0.0,107.0,0.0,0.0
2026-06-03,1,1,7,medium,30,0.0,302.0,0.0,0.0
2026-06-03,1,1,7,short,3,0.0,63.0,0.0,0.0
2026-06-03,1,1,7,very_long,15,0.0,52.0,0.0,0.0
2026-06-03,1,1,7,zero,19,0.0,596.0,0.0,0.0
2026-06-03,1,1,8,long,18,0.0,66.0,0.0,0.0
2026-06-03,1,1,8,medium,19,0.0,308.0,0.0,0.0
2026-06-03,1,1,8,short,7,0.0,90.0,0.0,0.0
2026-06-03,1,1,8,very_long,12,0.0,30.0,0.0,0.0
2026-06-03,1,1,8,zero,4,0.0,632.0,0.0,0.0
2026-06-03,1,1,9,long,34,0.14705882352941177,43.0,0.11627906976744186,0.03077975376196991
2026-06-03,1,1,9,medium,22,0.045454545454545456,175.0,0.022857142857142857,0.0225974025974026
2026-06-03,1,1,9,short,5,0.0,42.0,0.023809523809523808,-0.023809523809523808
2026-06-03,1,1,9,very_long,17,0.058823529411764705,23.0,0.13043478260869565,-0.07161125319693094
2026-06-03,1,1,9,zero,5,0.0,357.0,0.0056022408963585435,-0.0056022408963585435
2026-06-04,0,0,0,long,2,0.0,45.0,0.0,0.0
2026-06-04,0,0,0,very_long,1,0.0,93.0,0.0,0.0
2026-06-04,0,0,1,long,1,0.0,35.0,0.0,0.0
2026-06-04,0,0,2,long,1,0.0,1.0,0.0,0.0
2026-06-04,0,0,3,short,2,0.0,157.0,0.0,0.0
2026-06-04,0,0,3,very_long,1,0.0,68.0,0.0,0.0
2026-06-04,0,0,3,zero,2,0.0,366.0,0.0,0.0
2026-06-04,0,0,5,medium,2,0.0,98.0,0.0,0.0
2026-06-04,0,0,5,short,1,0.0,72.0,0.0,0.0
2026-06-04,0,0,5,very_long,1,0.0,35.0,0.0,0.0
2026-06-04,0,0,6,medium,1,0.0,83.0,0.0,0.0
2026-06-04,0,0,6,short,1,0.0,75.0,0.0,0.0
2026-06-04,0,0,6,very_long,2,0.0,39.0,0.0,0.0
2026-06-04,0,0,7,short,2,0.0,119.0,0.0,0.0
2026-06-04,0,0,7,very_long,1,0.0,55.0,0.0,0.0
2026-06-04,0,0,9,long,4,0.0,29.0,0.034482758620689655,-0.034482758620689655
2026-06-04,0,0,9,zero,1,0.0,799.0,0.007509386733416771,-0.007509386733416771
2026-06-04,0,1,0,long,2,0.0,12.0,0.0,0.0
2026-06-04,0,1,0,zero,1,0.0,52.0,0.0,0.0
2026-06-04,0,1,1,long,4,0.0,8.0,0.0,0.0
2026-06-04,0,1,1,medium,2,0.0,31.0,0.0,0.0
2026-06-04,0,1,1,very_long,3,0.0,24.0,0.0,0.0
2026-06-04,0,1,5,long,1,0.0,7.0,0.0,0.0
2026-06-04,0,1,5,medium,1,0.0,18.0,0.0,0.0
2026-06-04,0,1,6,very_long,1,0.0,9.0,0.0,0.0
2026-06-04,0,1,7,long,1,0.0,8.0,0.0,0.0
2026-06-04,0,1,7,short,1,0.0,9.0,0.0,0.0
2026-06-04,0,1,7,very_long,5,0.0,15.0,0.0,0.0
2026-06-04,0,1,8,very_long,4,0.0,9.0,0.0,0.0
2026-06-04,0,1,9,long,4,0.0,8.0,0.0,0.0
2026-06-04,0,1,9,medium,2,0.0,23.0,0.043478260869565216,-0.043478260869565216
2026-06-04,0,1,9,short,1,0.0,14.0,0.07142857142857142,-0.07142857142857142
2026-06-04,0,1,9,very_long,3,0.0,19.0,0.0,0.0
2026-06-04,1,0,0,long,1,0.0,15.0,0.0,0.0
2026-06-04,1,0,0,medium,16,0.0,151.0,0.0,0.0
2026-06-04,1,0,1,medium,10,0.1,26.0,0.0,0.1
2026-06-04,1,0,1,very_long,1,0.0,27.0,0.0,0.0
2026-06-04,1,0,3,long,3,0.0,64.0,0.0,0.0
2026-06-04,1,0,3,medium,1,0.0,821.0,0.0,0.0
2026-06-04,1,0,3,very_long,4,0.0,24.0,0.0,0.0
2026-06-04,1,0,4,zero,2,0.0,515.0,0.0,0.0
2026-06-04,1,0,5,very_long,1,0.0,20.0,0.0,0.0
2026-06-04,1,0,6,long,2,0.0,49.0,0.0,0.0
2026-06-04,1,0,6,medium,1,0.0,157.0,0.0,0.0
2026-06-04,1,0,7,long,3,0.0,56.0,0.0,0.0
2026-06-04,1,0,7,medium,4,0.0,250.0,0.0,0.0
2026-06-04,1,0,7,very_long,8,0.0,45.0,0.0,0.0
2026-06-04,1,0,8,long,5,0.0,22.0,0.0,0.0
2026-06-04,1,0,8,medium,6,0.0,184.0,0.0,0.0
2026-06-04,1,0,8,very_long,1,0.0,24.0,0.0,0.0
2026-06-04,1,0,8,zero,1,0.0,474.0,0.0,0.0
2026-06-04,1,0,9,long,2,0.0,17.0,0.11764705882352941,-0.11764705882352941
2026-06-04,1,0,9,medium,7,0.0,85.0,0.03529411764705882,-0.03529411764705882
2026-06-04,1,0,9,short,1,0.0,34.0,0.029411764705882353,-0.029411764705882353
2026-06-04,1,1,0,long,2,0.0,26.0,0.0,0.0
2026-06-04,1,1,0,medium,1,0.0,157.0,0.0,0.0
2026-06-04,1,1,0,short,1,0.0,36.0,0.0,0.0
2026-06-04,1,1,0,very_long,2,0.0,6.0,0.0,0.0
2026-06-04,1,1,1,long,2,0.0,2.0,0.0,0.0
2026-06-04,1,1,1,medium,5,0.0,31.0,0.0,0.0
2026-06-04,1,1,1,short,1,0.0,20.0,0.0,0.0
2026-06-04,1,1,1,very_long,2,0.0,4.0,0.0,0.0
2026-06-04,1,1,1,zero,4,0.0,39.0,0.0,0.0
2026-06-04,1,1,2,medium,1,0.0,1.0,0.0,0.0
2026-06-04,1,1,3,long,4,0.0,76.0,0.0,0.0
2026-06-04,1,1,3,medium,157,0.0,1233.0,0.0,0.0
2026-06-04,1,1,3,short,1,0.0,87.0,0.0,0.0
2026-06-04,1,1,3,very_long,5,0.0,21.0,0.0,0.0
2026-06-04,1,1,3,zero,25,0.0,537.0,0.00186219739292365,-0.00186219739292365
2026-06-04,1,1,4,medium,5,0.0,561.0,0.0,0.0
2026-06-04,1,1,4,short,1,0.0,29.0,0.0,0.0
2026-06-04,1,1,4,very_long,1,0.0,7.0,0.0,0.0
2026-06-04,1,1,4,zero,4,0.0,409.0,0.0,0.0
2026-06-04,1,1,5,medium,39,0.0,329.0,0.0,0.0
2026-06-04,1,1,5,very_long,4,0.0,17.0,0.0,0.0
2026-06-04,1,1,5,zero,8,0.0,351.0,0.0,0.0
2026-06-04,1,1,6,long,4,0.0,64.0,0.0,0.0
2026-06-04,1,1,6,medium,11,0.0,188.0,0.0,0.0
2026-06-04,1,1,6,short,1,0.0,24.0,0.0,0.0
2026-06-04,1,1,6,very_long,5,0.0,35.0,0.0,0.0
2026-06-04,1,1,6,zero,6,0.0,369.0,0.0,0.0
2026-06-04,1,1,7,long,14,0.0,107.0,0.0,0.0
2026-06-04,1,1,7,medium,10,0.0,304.0,0.0,0.0
2026-06-04,1,1,7,short,2,0.0,50.0,0.0,0.0
2026-06-04,1,1,7,very_long,13,0.0,62.0,0.0,0.0
2026-06-04,1,1,7,zero,11,0.0,503.0,0.0,0.0
2026-06-04,1,1,8,long,15,0.0,66.0,0.0,0.0
2026-06-04,1,1,8,medium,8,0.0,263.0,0.0,0.0
2026-06-04,1,1,8,short,1,0.0,47.0,0.0,0.0
2026-06-04,1,1,8,very_long,7,0.0,28.0,0.0,0.0
2026-06-04,1,1,8,zero,1,0.0,418.0,0.0,0.0
2026-06-04,1,1,9,long,17,0.058823529411764705,43.0,0.046511627906976744,0.012311901504787962
2026-06-04,1,1,9,medium,23,0.08695652173913043,141.0,0.0070921985815602835,0.07986432315757015
2026-06-04,1,1,9,short,2,0.0,45.0,0.044444444444444446,-0.044444444444444446
2026-06-04,1,1,9,very_long,5,0.2,29.0,0.034482758620689655,0.16551724137931034
2026-06-04,1,1,9,zero,5,0.2,266.0,0.03383458646616541,0.1661654135338346
2026-06-05,0,0,0,long,1,0.0,31.0,0.0,0.0
2026-06-05,0,0,0,medium,1,0.0,311.0,0.0,0.0
2026-06-05,0,0,0,very_long,1,0.0,93.0,0.0,0.0
2026-06-05,0,0,0,zero,2,0.0,1418.0,0.0,0.0
2026-06-05,0,0,1,very_long,1,0.0,90.0,0.0,0.0
2026-06-05,0,0,3,medium,2,0.0,268.0,0.0,0.0
2026-06-05,0,0,3,short,3,0.0,135.0,0.014814814814814815,-0.014814814814814815
2026-06-05,0,0,3,very_long,2,0.0,52.0,0.0,0.0
2026-06-05,0,0,3,zero,1,0.0,328.0,0.003048780487804878,-0.003048780487804878
2026-06-05,0,0,4,zero,1,0.0,99.0,0.0,0.0
2026-06-05,0,0,5,long,2,0.0,33.0,0.0,0.0
2026-06-05,0,0,5,medium,3,0.0,110.0,0.0,0.0
2026-06-05,0,0,5,very_long,4,0.0,48.0,0.0,0.0
2026-06-05,0,0,5,zero,1,0.0,185.0,0.0,0.0
2026-06-05,0,0,6,long,2,0.0,50.0,0.0,0.0
2026-06-05,0,0,6,medium,4,0.0,82.0,0.0,0.0
2026-06-05,0,0,6,short,1,0.0,72.0,0.0,0.0
2026-06-05,0,0,7,long,1,0.0,65.0,0.0,0.0
2026-06-05,0,0,7,medium,3,0.0,157.0,0.0,0.0
2026-06-05,0,0,7,very_long,1,0.0,50.0,0.0,0.0
2026-06-05,0,0,8,medium,1,0.0,98.0,0.0,0.0
2026-06-05,0,0,9,zero,3,0.0,984.0,0.003048780487804878,-0.003048780487804878
2026-06-05,0,1,0,long,3,0.0,11.0,0.0,0.0
2026-06-05,0,1,0,medium,1,0.0,29.0,0.0,0.0
2026-06-05,0,1,1,long,5,0.0,4.0,0.0,0.0
2026-06-05,0,1,3,long,5,0.0,34.0,0.0,0.0
2026-06-05,0,1,3,zero,4,0.0,56.0,0.0,0.0
2026-06-05,0,1,4,long,1,0.0,4.0,0.0,0.0
2026-06-05,0,1,5,long,2,0.0,6.0,0.0,0.0
2026-06-05,0,1,5,zero,1,0.0,27.0,0.0,0.0
2026-06-05,0,1,7,long,6,0.0,12.0,0.0,0.0
2026-06-05,0,1,7,medium,2,0.0,24.0,0.0,0.0
2026-06-05,0,1,7,short,1,0.0,11.0,0.0,0.0
2026-06-05,0,1,7,very_long,2,0.0,13.0,0.0,0.0
2026-06-05,0,1,7,zero,1,0.0,60.0,0.0,0.0
2026-06-05,0,1,8,long,2,0.0,10.0,0.0,0.0
2026-06-05,0,1,9,long,3,0.0,3.0,0.0,0.0
2026-06-05,0,1,9,short,1,0.0,8.0,0.125,-0.125
2026-06-05,0,1,9,very_long,1,0.0,22.0,0.0,0.0
2026-06-05,1,0,0,long,1,0.0,24.0,0.0,0.0
2026-06-05,1,0,1,long,1,0.0,12.0,0.0,0.0
2026-06-05,1,0,3,medium,4,0.0,532.0,0.0018796992481203006,-0.0018796992481203006
2026-06-05,1,0,3,zero,2,0.0,569.0,0.0017574692442882249,-0.0017574692442882249
2026-06-05,1,0,5,long,2,0.0,30.0,0.0,0.0
2026-06-05,1,0,5,medium,4,0.0,290.0,0.0,0.0
2026-06-05,1,0,6,long,7,0.0,36.0,0.0,0.0
2026-06-05,1,0,6,very_long,1,0.0,38.0,0.0,0.0
2026-06-05,1,0,7,long,3,0.0,53.0,0.0,0.0
2026-06-05,1,0,7,medium,3,0.0,209.0,0.0,0.0
2026-06-05,1,0,7,short,1,0.0,62.0,0.0,0.0
2026-06-05,1,0,7,very_long,7,0.0,34.0,0.0,0.0
2026-06-05,1,0,8,long,4,0.0,30.0,0.0,0.0
2026-06-05,1,0,8,medium,4,0.0,170.0,0.0,0.0
2026-06-05,1,0,8,very_long,3,0.0,15.0,0.0,0.0
2026-06-05,1,0,9,medium,1,0.0,164.0,0.012195121951219513,-0.012195121951219513
2026-06-05,1,0,9,very_long,3,0.0,16.0,0.0,0.0
2026-06-05,1,1,0,long,4,0.0,23.0,0.0,0.0
2026-06-05,1,1,0,medium,3,0.0,210.0,0.0,0.0
2026-06-05,1,1,0,short,1,0.0,34.0,0.0,0.0
2026-06-05,1,1,0,very_long,4,0.0,17.0,0.0,0.0
2026-06-05,1,1,0,zero,4,0.0,512.0,0.0,0.0
2026-06-05,1,1,1,long,3,0.0,3.0,0.0,0.0
2026-06-05,1,1,1,medium,3,0.0,24.0,0.0,0.0
2026-06-05,1,1,1,short,2,0.0,8.0,0.0,0.0
2026-06-05,1,1,1,zero,15,0.0,90.0,0.0,0.0
2026-06-05,1,1,2,medium,1,0.0,5.0,0.0,0.0
2026-06-05,1,1,2,short,1,0.0,1.0,0.0,0.0
2026-06-05,1,1,3,long,1,0.0,170.0,0.0,0.0
2026-06-05,1,1,3,medium,1,0.0,1209.0,0.0008271298593879239,-0.0008271298593879239
2026-06-05,1,1,3,very_long,7,0.0,23.0,0.0,0.0
2026-06-05,1,1,3,zero,4,0.0,460.0,0.0,0.0
2026-06-05,1,1,4,medium,1,0.0,483.0,0.0,0.0
2026-06-05,1,1,4,short,1,0.0,7.0,0.0,0.0
2026-06-05,1,1,4,zero,2,0.0,416.0,0.0,0.0
2026-06-05,1,1,5,long,6,0.0,59.0,0.0,0.0
2026-06-05,1,1,5,medium,13,0.0,511.0,0.0,0.0
2026-06-05,1,1,5,short,2,0.0,43.0,0.0,0.0
2026-06-05,1,1,5,very_long,2,0.0,21.0,0.0,0.0
2026-06-05,1,1,5,zero,3,0.0,307.0,0.0,0.0
2026-06-05,1,1,6,long,10,0.0,73.0,0.0,0.0
2026-06-05,1,1,6,medium,5,0.0,181.0,0.0,0.0
2026-06-05,1,1,6,short,3,0.0,36.0,0.0,0.0
2026-06-05,1,1,6,very_long,8,0.0,29.0,0.0,0.0
2026-06-05,1,1,6,zero,5,0.0,287.0,0.0,0.0
2026-06-05,1,1,7,long,18,0.05555555555555555,119.0,0.0,0.05555555555555555
2026-06-05,1,1,7,medium,9,0.0,233.0,0.0,0.0
2026-06-05,1,1,7,very_long,18,0.0,47.0,0.0,0.0
2026-06-05,1,1,7,zero,7,0.0,437.0,0.0,0.0
2026-06-05,1,1,8,long,14,0.0,70.0,0.0,0.0
2026-06-05,1,1,8,medium,8,0.0,265.0,0.0,0.0
2026-06-05,1,1,8,short,1,0.0,47.0,0.0,0.0
2026-06-05,1,1,8,very_long,9,0.0,39.0,0.0,0.0
2026-06-05,1,1,8,zero,3,0.0,421.0,0.0023752969121140144,-0.0023752969121140144
2026-06-05,1,1,9,long,39,0.1282051282051282,47.0,0.0425531914893617,0.08565193671576649
2026-06-05,1,1,9,medium,27,0.14814814814814814,152.0,0.02631578947368421,0.12183235867446393
2026-06-05,1,1,9,short,17,0.0,39.0,0.02564102564102564,-0.02564102564102564
2026-06-05,1,1,9,very_long,16,0.0,27.0,0.07407407407407407,-0.07407407407407407
2026-06-05,1,1,9,zero,9,0.1111111111111111,286.0,0.013986013986013986,0.09712509712509712
2026-06-06,0,0,0,medium,2,0.0,245.0,0.0,0.0
2026-06-06,0,0,0,very_long,3,0.0,99.0,0.0,0.0
2026-06-06,0,0,1,short,1,0.0,685.0,0.00291970802919708,-0.00291970802919708
2026-06-06,0,0,3,medium,4,0.0,204.0,0.0196078431372549,-0.0196078431372549
2026-06-06,0,0,3,short,1,0.0,131.0,0.0,0.0
2026-06-06,0,0,5,zero,1,0.0,121.0,0.0,0.0
2026-06-06,0,0,6,medium,2,0.0,85.0,0.0,0.0
2026-06-06,0,0,6,very_long,2,0.0,40.0,0.0,0.0
2026-06-06,0,0,7,medium,2,0.0,105.0,0.0,0.0
2026-06-06,0,0,7,very_long,1,0.0,48.0,0.0,0.0
2026-06-06,0,0,8,medium,1,0.0,79.0,0.0,0.0
2026-06-06,0,1,0,medium,1,0.0,19.0,0.0,0.0
2026-06-06,0,1,0,very_long,2,0.0,40.0,0.0,0.0
2026-06-06,0,1,0,zero,1,0.0,28.0,0.0,0.0
2026-06-06,0,1,1,long,1,0.0,10.0,0.0,0.0
2026-06-06,0,1,1,short,1,0.0,15.0,0.0,0.0
2026-06-06,0,1,1,zero,2,0.0,31.0,0.0,0.0
2026-06-06,0,1,2,long,1,0.0,2.0,0.0,0.0
2026-06-06,0,1,3,very_long,4,0.0,196.0,0.0,0.0
2026-06-06,0,1,4,very_long,1,0.0,8.0,0.0,0.0
2026-06-06,0,1,5,long,2,0.0,11.0,0.0,0.0
2026-06-06,0,1,5,medium,1,0.0,13.0,0.0,0.0
2026-06-06,0,1,5,very_long,1,0.0,4.0,0.0,0.0
2026-06-06,0,1,6,long,1,0.0,6.0,0.0,0.0
2026-06-06,0,1,6,very_long,5,0.0,10.0,0.0,0.0
2026-06-06,0,1,7,medium,1,0.0,16.0,0.0,0.0
2026-06-06,0,1,7,very_long,3,0.0,11.0,0.0,0.0
2026-06-06,0,1,7,zero,2,0.0,58.0,0.0,0.0
2026-06-06,0,1,8,long,1,0.0,7.0,0.0,0.0
2026-06-06,0,1,8,medium,1,0.0,15.0,0.0,0.0
2026-06-06,0,1,8,very_long,9,0.0,16.0,0.0,0.0
2026-06-06,0,1,8,zero,1,0.0,35.0,0.0,0.0
2026-06-06,0,1,9,long,1,0.0,9.0,0.0,0.0
2026-06-06,0,1,9,short,1,0.0,6.0,0.0,0.0
2026-06-06,0,1,9,very_long,4,0.0,21.0,0.0,0.0
2026-06-06,0,1,9,zero,2,0.0,51.0,0.0196078431372549,-0.0196078431372549
2026-06-06,1,0,0,medium,1,0.0,338.0,0.0,0.0
2026-06-06,1,0,0,very_long,3,0.0,18.0,0.0,0.0
2026-06-06,1,0,1,very_long,1,0.0,4.0,0.0,0.0
2026-06-06,1,0,1,zero,1,0.0,84.0,0.0,0.0
2026-06-06,1,0,3,long,1,0.0,24.0,0.0,0.0
2026-06-06,1,0,3,very_long,2,0.0,26.0,0.0,0.0
2026-06-06,1,0,3,zero,1,0.0,691.0,0.0,0.0
2026-06-06,1,0,4,long,1,0.0,18.0,0.0,0.0
2026-06-06,1,0,5,long,4,0.0,23.0,0.0,0.0
2026-06-06,1,0,5,very_long,4,0.0,18.0,0.0,0.0
2026-06-06,1,0,6,long,4,0.0,40.0,0.0,0.0
2026-06-06,1,0,6,medium,1,0.0,153.0,0.0,0.0
2026-06-06,1,0,6,short,1,0.0,39.0,0.0,0.0
2026-06-06,1,0,6,very_long,1,0.0,29.0,0.0,0.0
2026-06-06,1,0,6,zero,1,0.0,346.0,0.0,0.0
2026-06-06,1,0,7,long,3,0.0,48.0,0.0,0.0
2026-06-06,1,0,7,medium,5,0.0,172.0,0.0,0.0
2026-06-06,1,0,7,short,1,0.0,56.0,0.0,0.0
2026-06-06,1,0,7,very_long,4,0.0,23.0,0.0,0.0
2026-06-06,1,0,7,zero,2,0.0,388.0,0.0,0.0
2026-06-06,1,0,8,long,2,0.0,13.0,0.0,0.0
2026-06-06,1,0,8,medium,3,0.0,172.0,0.0,0.0
2026-06-06,1,0,8,short,3,0.0,38.0,0.0,0.0
2026-06-06,1,0,8,very_long,2,0.0,12.0,0.0,0.0
2026-06-06,1,0,8,zero,3,0.0,353.0,0.0,0.0
2026-06-06,1,0,9,long,2,0.0,25.0,0.0,0.0
2026-06-06,1,0,9,very_long,5,0.0,13.0,0.15384615384615385,-0.15384615384615385
2026-06-06,1,0,9,zero,1,0.0,262.0,0.011450381679389313,-0.011450381679389313
2026-06-06,1,1,0,long,3,0.0,22.0,0.0,0.0
2026-06-06,1,1,0,medium,3,0.0,189.0,0.0,0.0
2026-06-06,1,1,0,very_long,6,0.0,10.0,0.0,0.0
2026-06-06,1,1,0,zero,2,0.0,290.0,0.0,0.0
2026-06-06,1,1,1,long,3,0.0,14.0,0.0,0.0
2026-06-06,1,1,1,medium,1,0.0,49.0,0.0,0.0
2026-06-06,1,1,1,very_long,6,0.0,3.0,0.0,0.0
2026-06-06,1,1,1,zero,4,0.0,86.0,0.0,0.0
2026-06-06,1,1,2,medium,1,0.0,1.0,0.0,0.0
2026-06-06,1,1,3,long,5,0.0,104.0,0.0,0.0
2026-06-06,1,1,3,medium,22,0.0,862.0,0.0,0.0
2026-06-06,1,1,3,short,3,0.0,14.0,0.07142857142857142,-0.07142857142857142
2026-06-06,1,1,3,very_long,2,0.0,40.0,0.0,0.0
2026-06-06,1,1,3,zero,67,0.0,671.0,0.0,0.0
2026-06-06,1,1,4,medium,70,0.0,419.0,0.0,0.0
2026-06-06,1,1,4,short,1,0.0,13.0,0.0,0.0
2026-06-06,1,1,4,zero,2,0.0,454.0,0.0,0.0
2026-06-06,1,1,5,long,2,0.0,35.0,0.0,0.0
2026-06-06,1,1,5,medium,12,0.0,252.0,0.0,0.0
2026-06-06,1,1,5,short,1,0.0,14.0,0.0,0.0
2026-06-06,1,1,5,very_long,2,0.0,29.0,0.0,0.0
2026-06-06,1,1,5,zero,5,0.0,251.0,0.0,0.0
2026-06-06,1,1,6,long,5,0.0,45.0,0.0,0.0
2026-06-06,1,1,6,medium,4,0.0,147.0,0.0,0.0
2026-06-06,1,1,6,short,1,1.0,31.0,0.0,1.0
2026-06-06,1,1,6,very_long,14,0.0,27.0,0.0,0.0
2026-06-06,1,1,6,zero,3,0.0,296.0,0.0,0.0
2026-06-06,1,1,7,long,5,0.0,56.0,0.017857142857142856,-0.017857142857142856
2026-06-06,1,1,7,medium,7,0.0,206.0,0.0,0.0
2026-06-06,1,1,7,short,2,0.0,21.0,0.0,0.0
2026-06-06,1,1,7,very_long,6,0.0,30.0,0.0,0.0
2026-06-06,1,1,7,zero,3,0.0,377.0,0.0,0.0
2026-06-06,1,1,8,long,22,0.0,67.0,0.0,0.0
2026-06-06,1,1,8,medium,7,0.0,211.0,0.0,0.0
2026-06-06,1,1,8,short,4,0.0,37.0,0.0,0.0
2026-06-06,1,1,8,very_long,7,0.0,20.0,0.0,0.0
2026-06-06,1,1,8,zero,2,0.0,415.0,0.0,0.0
2026-06-06,1,1,9,long,30,0.1,46.0,0.043478260869565216,0.05652173913043479
2026-06-06,1,1,9,medium,17,0.0,159.0,0.0440251572327044,-0.0440251572327044
2026-06-06,1,1,9,short,19,0.0,21.0,0.09523809523809523,-0.09523809523809523
2026-06-06,1,1,9,very_long,10,0.1,21.0,0.047619047619047616,0.05238095238095239
2026-06-06,1,1,9,zero,7,0.14285714285714285,280.0,0.025,0.11785714285714285
2026-06-07,0,0,0,long,1,0.0,62.0,0.0,0.0
2026-06-07,0,0,1,medium,1,0.0,316.0,0.0,0.0
2026-06-07,0,0,1,short,1,0.0,832.0,0.002403846153846154,-0.002403846153846154
2026-06-07,0,0,1,very_long,1,0.0,112.0,0.0,0.0
2026-06-07,0,0,2,medium,1,0.0,13.0,0.0,0.0
2026-06-07,0,0,2,short,1,0.0,43.0,0.0,0.0
2026-06-07,0,0,3,long,1,0.0,54.0,0.0,0.0
2026-06-07,0,0,3,medium,1,0.0,165.0,0.0,0.0
2026-06-07,0,0,3,very_long,2,0.0,56.0,0.0,0.0
2026-06-07,0,0,3,zero,1,0.0,285.0,0.0,0.0
2026-06-07,0,0,4,long,1,0.0,3.0,0.0,0.0
2026-06-07,0,0,5,medium,1,0.0,111.0,0.0,0.0
2026-06-07,0,0,5,short,1,0.0,86.0,0.0,0.0
2026-06-07,0,0,5,very_long,2,0.0,50.0,0.0,0.0
2026-06-07,0,0,5,zero,1,0.0,211.0,0.0,0.0
2026-06-07,0,0,6,short,1,0.0,74.0,0.0,0.0
2026-06-07,0,0,6,very_long,3,0.0,44.0,0.0,0.0
2026-06-07,0,0,7,short,3,0.0,110.0,0.0,0.0
2026-06-07,0,0,8,medium,3,0.0,95.0,0.0,0.0
2026-06-07,0,0,8,short,3,0.0,201.0,0.0,0.0
2026-06-07,0,0,8,very_long,1,0.0,31.0,0.0,0.0
2026-06-07,0,0,9,medium,2,0.0,177.0,0.005649717514124294,-0.005649717514124294
2026-06-07,0,0,9,short,8,0.0,449.0,0.0,0.0
2026-06-07,0,0,9,zero,1,0.0,965.0,0.0031088082901554403,-0.0031088082901554403
2026-06-07,0,1,0,long,3,0.0,5.0,0.0,0.0
2026-06-07,0,1,0,very_long,2,0.0,47.0,0.0,0.0
2026-06-07,0,1,0,zero,1,0.0,11.0,0.0,0.0
2026-06-07,0,1,1,long,2,0.0,5.0,0.0,0.0
2026-06-07,0,1,1,very_long,11,0.0,28.0,0.0,0.0
2026-06-07,0,1,3,medium,1,0.0,92.0,0.0,0.0
2026-06-07,0,1,3,zero,2,0.0,52.0,0.0,0.0
2026-06-07,0,1,5,long,1,0.0,10.0,0.0,0.0
2026-06-07,0,1,5,very_long,1,0.0,9.0,0.0,0.0
2026-06-07,0,1,6,long,1,0.0,7.0,0.0,0.0
2026-06-07,0,1,6,very_long,2,0.0,6.0,0.0,0.0
2026-06-07,0,1,6,zero,1,0.0,27.0,0.0,0.0
2026-06-07,0,1,7,long,2,0.0,13.0,0.0,0.0
2026-06-07,0,1,7,short,1,0.0,10.0,0.0,0.0
2026-06-07,0,1,7,very_long,1,0.0,10.0,0.0,0.0
2026-06-07,0,1,8,long,1,0.0,10.0,0.0,0.0
2026-06-07,0,1,8,medium,2,0.0,15.0,0.0,0.0
2026-06-07,0,1,8,short,1,0.0,10.0,0.0,0.0
2026-06-07,0,1,8,very_long,2,0.0,9.0,0.0,0.0
2026-06-07,0,1,9,long,2,0.0,6.0,0.0,0.0
2026-06-07,0,1,9,medium,1,0.0,11.0,0.0,0.0
2026-06-07,0,1,9,very_long,7,0.0,16.0,0.0,0.0
2026-06-07,1,0,0,long,1,0.0,10.0,0.0,0.0
2026-06-07,1,0,0,medium,3,0.0,515.0,0.0,0.0
2026-06-07,1,0,0,very_long,3,0.0,20.0,0.0,0.0
2026-06-07,1,0,1,medium,3,0.0,567.0,0.0,0.0
2026-06-07,1,0,1,very_long,2,0.0,19.0,0.0,0.0
2026-06-07,1,0,3,long,6,0.0,22.0,0.045454545454545456,-0.045454545454545456
2026-06-07,1,0,3,medium,1,0.0,655.0,0.0015267175572519084,-0.0015267175572519084
2026-06-07,1,0,3,short,20,0.0,50.0,0.0,0.0
2026-06-07,1,0,3,very_long,4,0.0,30.0,0.0,0.0
2026-06-07,1,0,3,zero,1,0.0,352.0,0.008522727272727272,-0.008522727272727272
2026-06-07,1,0,4,short,3,0.0,12.0,0.0,0.0
2026-06-07,1,0,5,long,5,0.0,19.0,0.0,0.0
2026-06-07,1,0,5,short,2,0.0,23.0,0.0,0.0
2026-06-07,1,0,5,very_long,1,0.0,20.0,0.0,0.0
2026-06-07,1,0,6,long,4,0.0,42.0,0.0,0.0
2026-06-07,1,0,6,medium,1,0.0,129.0,0.0,0.0
2026-06-07,1,0,6,short,3,0.0,30.0,0.0,0.0
2026-06-07,1,0,6,very_long,2,0.0,27.0,0.0,0.0
2026-06-07,1,0,6,zero,2,0.0,304.0,0.0,0.0
2026-06-07,1,0,7,long,7,0.0,54.0,0.0,0.0
2026-06-07,1,0,7,medium,3,0.0,230.0,0.0,0.0
2026-06-07,1,0,7,short,2,0.0,75.0,0.0,0.0
2026-06-07,1,0,7,very_long,4,0.0,35.0,0.0,0.0
2026-06-07,1,0,8,long,1,0.0,11.0,0.0,0.0
2026-06-07,1,0,8,medium,3,0.0,215.0,0.0,0.0
2026-06-07,1,0,8,very_long,3,0.0,11.0,0.0,0.0
2026-06-07,1,0,8,zero,3,0.0,326.0,0.0,0.0
2026-06-07,1,0,9,medium,8,0.0,350.0,0.02,-0.02
2026-06-07,1,0,9,very_long,2,0.0,17.0,0.0,0.0
2026-06-07,1,0,9,zero,7,0.0,207.0,0.014492753623188406,-0.014492753623188406
2026-06-07,1,1,0,long,2,0.0,18.0,0.0,0.0
2026-06-07,1,1,0,medium,15,0.0,163.0,0.0,0.0
2026-06-07,1,1,0,short,1,0.0,6.0,0.0,0.0
2026-06-07,1,1,0,very_long,1,0.0,14.0,0.0,0.0
2026-06-07,1,1,0,zero,10,0.0,116.0,0.0,0.0
2026-06-07,1,1,1,long,2,0.0,4.0,0.0,0.0
2026-06-07,1,1,1,medium,22,0.0,35.0,0.0,0.0
2026-06-07,1,1,1,very_long,3,0.0,8.0,0.0,0.0
2026-06-07,1,1,1,zero,30,0.0,97.0,0.0,0.0
2026-06-07,1,1,2,medium,2,0.0,2.0,0.0,0.0
2026-06-07,1,1,2,zero,1,0.0,4.0,0.0,0.0
2026-06-07,1,1,3,long,3,0.0,73.0,0.0,0.0
2026-06-07,1,1,3,medium,27,0.0,827.0,0.0,0.0
2026-06-07,1,1,3,short,4,0.0,90.0,0.0,0.0
2026-06-07,1,1,3,very_long,2,0.0,36.0,0.0,0.0
2026-06-07,1,1,3,zero,18,0.0,579.0,0.0,0.0
2026-06-07,1,1,4,long,1,0.0,18.0,0.0,0.0
2026-06-07,1,1,4,medium,46,0.0,451.0,0.0,0.0
2026-06-07,1,1,4,short,6,0.0,30.0,0.0,0.0
2026-06-07,1,1,5,long,2,0.0,36.0,0.0,0.0
2026-06-07,1,1,5,medium,8,0.0,279.0,0.0,0.0
2026-06-07,1,1,5,very_long,5,0.0,27.0,0.0,0.0
2026-06-07,1,1,5,zero,5,0.0,248.0,0.0,0.0
2026-06-07,1,1,6,long,4,0.0,63.0,0.0,0.0
2026-06-07,1,1,6,medium,18,0.05555555555555555,189.0,0.0,0.05555555555555555
2026-06-07,1,1,6,short,3,0.0,23.0,0.0,0.0
2026-06-07,1,1,6,very_long,9,0.0,53.0,0.0,0.0
2026-06-07,1,1,6,zero,6,0.0,307.0,0.0,0.0
2026-06-07,1,1,7,long,10,0.0,81.0,0.0,0.0
2026-06-07,1,1,7,medium,16,0.0,281.0,0.0,0.0
2026-06-07,1,1,7,short,4,0.0,55.0,0.0,0.0
2026-06-07,1,1,7,very_long,12,0.0,37.0,0.0,0.0
2026-06-07,1,1,7,zero,8,0.0,442.0,0.0,0.0
2026-06-07,1,1,8,long,14,0.0,59.0,0.0,0.0
2026-06-07,1,1,8,medium,10,0.0,236.0,0.0,0.0
2026-06-07,1,1,8,short,1,0.0,51.0,0.0,0.0
2026-06-07,1,1,8,very_long,5,0.0,21.0,0.0,0.0
2026-06-07,1,1,8,zero,6,0.0,479.0,0.0,0.0
2026-06-07,1,1,9,long,43,0.18604651162790697,23.0,0.08695652173913043,0.09908998988877654
2026-06-07,1,1,9,medium,34,0.058823529411764705,174.0,0.034482758620689655,0.02434077079107505
2026-06-07,1,1,9,short,11,0.0,33.0,0.030303030303030304,-0.030303030303030304
2026-06-07,1,1,9,very_long,13,0.07692307692307693,22.0,0.0,0.07692307692307693
2026-06-07,1,1,9,zero,14,0.07142857142857142,336.0,0.008928571428571428,0.0625
2026-06-08,0,0,0,very_long,1,0.0,142.0,0.0,0.0
2026-06-08,0,0,0,zero,22,0.0,1303.0,0.0030698388334612432,-0.0030698388334612432
2026-06-08,0,0,1,very_long,2,0.0,132.0,0.0,0.0
2026-06-08,0,0,1,zero,39,0.0,1681.0,0.002379535990481856,-0.002379535990481856
2026-06-08,0,0,2,zero,3,0.0,65.0,0.0,0.0
2026-06-08,0,0,3,short,1,0.0,109.0,0.0,0.0
2026-06-08,0,0,3,very_long,3,0.0,70.0,0.014285714285714285,-0.014285714285714285
2026-06-08,0,0,4,long,1,0.0,5.0,0.0,0.0
2026-06-08,0,0,4,medium,2,0.0,58.0,0.0,0.0
2026-06-08,0,0,4,very_long,1,0.0,3.0,0.0,0.0
2026-06-08,0,0,5,medium,1,0.0,136.0,0.0,0.0
2026-06-08,0,0,5,short,1,0.0,58.0,0.0,0.0
2026-06-08,0,0,5,very_long,1,0.0,39.0,0.0,0.0
2026-06-08,0,0,5,zero,1,0.0,171.0,0.0,0.0
2026-06-08,0,0,6,long,2,0.0,44.0,0.0,0.0
2026-06-08,0,0,6,very_long,1,0.0,65.0,0.0,0.0
2026-06-08,0,0,6,zero,3,0.0,169.0,0.0,0.0
2026-06-08,0,0,7,long,5,0.0,84.0,0.0,0.0
2026-06-08,0,0,7,medium,1,0.0,128.0,0.0,0.0
2026-06-08,0,0,7,short,2,0.0,90.0,0.0,0.0
2026-06-08,0,0,7,very_long,1,0.0,65.0,0.0,0.0
2026-06-08,0,0,7,zero,4,0.0,297.0,0.0,0.0
2026-06-08,0,0,8,medium,2,0.0,98.0,0.0,0.0
2026-06-08,0,0,8,short,2,0.0,167.0,0.0,0.0
2026-06-08,0,0,8,zero,11,0.0,438.0,0.0,0.0
2026-06-08,0,0,9,short,2,0.0,330.0,0.0030303030303030303,-0.0030303030303030303
2026-06-08,0,0,9,very_long,1,0.0,80.0,0.0,0.0
2026-06-08,0,0,9,zero,25,0.0,877.0,0.0034207525655644243,-0.0034207525655644243
2026-06-08,0,1,0,long,2,0.0,8.0,0.125,-0.125
2026-06-08,0,1,0,very_long,2,0.0,15.0,0.0,0.0
2026-06-08,0,1,1,long,4,0.0,8.0,0.0,0.0
2026-06-08,0,1,1,very_long,7,0.0,9.0,0.0,0.0
2026-06-08,0,1,1,zero,1,0.0,15.0,0.0,0.0
2026-06-08,0,1,3,long,1,0.0,39.0,0.0,0.0
2026-06-08,0,1,3,medium,3,0.0,43.0,0.0,0.0
2026-06-08,0,1,3,short,1,0.0,14.0,0.0,0.0
2026-06-08,0,1,4,zero,1,0.0,28.0,0.0,0.0
2026-06-08,0,1,5,zero,1,0.0,60.0,0.0,0.0
2026-06-08,0,1,6,long,1,0.0,8.0,0.0,0.0
2026-06-08,0,1,6,short,1,0.0,13.0,0.0,0.0
2026-06-08,0,1,6,very_long,11,0.0,9.0,0.0,0.0
2026-06-08,0,1,6,zero,1,0.0,46.0,0.0,0.0
2026-06-08,0,1,7,long,2,0.0,16.0,0.0,0.0
2026-06-08,0,1,7,medium,1,0.0,31.0,0.0,0.0
2026-06-08,0,1,7,very_long,6,0.0,7.0,0.0,0.0
2026-06-08,0,1,7,zero,2,0.0,54.0,0.0,0.0
2026-06-08,0,1,8,short,2,0.0,12.0,0.0,0.0
2026-06-08,0,1,8,very_long,42,0.0,5.0,0.0,0.0
2026-06-08,0,1,9,long,1,0.0,4.0,0.0,0.0
2026-06-08,0,1,9,medium,1,0.0,14.0,0.07142857142857142,-0.07142857142857142
2026-06-08,0,1,9,very_long,8,0.0,7.0,0.14285714285714285,-0.14285714285714285
2026-06-08,1,0,0,long,1,0.0,11.0,0.0,0.0
2026-06-08,1,0,0,short,1,0.0,26.0,0.0,0.0
2026-06-08,1,0,0,very_long,3,0.0,17.0,0.0,0.0
2026-06-08,1,0,0,zero,8,0.0,240.0,0.0,0.0
2026-06-08,1,0,1,zero,10,0.0,56.0,0.0,0.0
2026-06-08,1,0,2,zero,3,0.0,3.0,0.0,0.0
2026-06-08,1,0,3,long,3,0.0,58.0,0.0,0.0
2026-06-08,1,0,3,medium,3,0.0,984.0,0.0010162601626016261,-0.0010162601626016261
2026-06-08,1,0,3,short,18,0.0,60.0,0.016666666666666666,-0.016666666666666666
2026-06-08,1,0,3,very_long,5,0.0,33.0,0.0,0.0
2026-06-08,1,0,4,short,1,0.0,27.0,0.0,0.0
2026-06-08,1,0,4,zero,2,0.0,467.0,0.0,0.0
2026-06-08,1,0,5,long,1,0.0,34.0,0.0,0.0
2026-06-08,1,0,5,short,4,0.0,40.0,0.0,0.0
2026-06-08,1,0,5,very_long,3,0.0,22.0,0.0,0.0
2026-06-08,1,0,6,medium,3,0.0,196.0,0.0,0.0
2026-06-08,1,0,6,short,3,0.0,59.0,0.0,0.0
2026-06-08,1,0,6,very_long,3,0.0,38.0,0.0,0.0
2026-06-08,1,0,6,zero,1,0.0,420.0,0.0,0.0
2026-06-08,1,0,7,long,2,0.0,82.0,0.0,0.0
2026-06-08,1,0,7,medium,3,0.0,304.0,0.0,0.0
2026-06-08,1,0,7,very_long,7,0.0,51.0,0.0,0.0
2026-06-08,1,0,7,zero,4,0.0,719.0,0.0,0.0
2026-06-08,1,0,8,long,4,0.0,26.0,0.0,0.0
2026-06-08,1,0,8,medium,3,0.0,221.0,0.004524886877828055,-0.004524886877828055
2026-06-08,1,0,8,short,1,0.0,50.0,0.0,0.0
2026-06-08,1,0,8,very_long,1,0.0,18.0,0.0,0.0
2026-06-08,1,0,8,zero,4,0.0,481.0,0.0,0.0
2026-06-08,1,0,9,long,2,0.0,18.0,0.1111111111111111,-0.1111111111111111
2026-06-08,1,0,9,medium,3,0.0,192.0,0.026041666666666668,-0.026041666666666668
2026-06-08,1,0,9,zero,6,0.0,232.0,0.017241379310344827,-0.017241379310344827
2026-06-08,1,1,0,long,6,0.0,32.0,0.0,0.0
2026-06-08,1,1,0,medium,3,0.0,122.0,0.0,0.0
2026-06-08,1,1,0,zero,11,0.0,237.0,0.0,0.0
2026-06-08,1,1,1,short,2,0.0,5.0,0.0,0.0
2026-06-08,1,1,1,very_long,3,0.0,3.0,0.0,0.0
2026-06-08,1,1,1,zero,10,0.0,43.0,0.0,0.0
2026-06-08,1,1,3,long,3,0.6666666666666666,178.0,0.0056179775280898875,0.6610486891385767
2026-06-08,1,1,3,medium,27,0.037037037037037035,861.0,0.0,0.037037037037037035
2026-06-08,1,1,3,short,2,0.0,100.0,0.0,0.0
2026-06-08,1,1,3,very_long,11,0.09090909090909091,40.0,0.0,0.09090909090909091
2026-06-08,1,1,3,zero,28,0.0,753.0,0.0,0.0
2026-06-08,1,1,4,long,2,0.0,69.0,0.0,0.0
2026-06-08,1,1,4,medium,11,0.0,530.0,0.0,0.0
2026-06-08,1,1,4,short,4,0.0,15.0,0.0,0.0
2026-06-08,1,1,5,long,2,0.0,99.0,0.0,0.0
2026-06-08,1,1,5,medium,7,0.0,452.0,0.0,0.0
2026-06-08,1,1,5,short,7,0.0,47.0,0.0,0.0
2026-06-08,1,1,5,very_long,9,0.0,47.0,0.0,0.0
2026-06-08,1,1,5,zero,6,0.0,525.0,0.0,0.0
2026-06-08,1,1,6,long,12,0.0,87.0,0.0,0.0
2026-06-08,1,1,6,medium,7,0.0,236.0,0.0,0.0
2026-06-08,1,1,6,short,5,0.0,36.0,0.0,0.0
2026-06-08,1,1,6,very_long,6,0.0,48.0,0.0,0.0
2026-06-08,1,1,6,zero,8,0.0,368.0,0.0,0.0
2026-06-08,1,1,7,long,16,0.0,169.0,0.0,0.0
2026-06-08,1,1,7,medium,9,0.1111111111111111,387.0,0.0,0.1111111111111111
2026-06-08,1,1,7,short,6,0.0,83.0,0.0,0.0
2026-06-08,1,1,7,very_long,8,0.0,52.0,0.0,0.0
2026-06-08,1,1,7,zero,7,0.0,635.0,0.0,0.0
2026-06-08,1,1,8,long,31,0.0,103.0,0.0,0.0
2026-06-08,1,1,8,medium,13,0.0,310.0,0.0,0.0
2026-06-08,1,1,8,short,9,0.0,49.0,0.0,0.0
2026-06-08,1,1,8,very_long,11,0.0,32.0,0.0,0.0
2026-06-08,1,1,8,zero,2,0.0,599.0,0.0,0.0
2026-06-08,1,1,9,long,42,0.09523809523809523,65.0,0.1076923076923077,-0.012454212454212465
2026-06-08,1,1,9,medium,33,0.09090909090909091,174.0,0.034482758620689655,0.05642633228840126
2026-06-08,1,1,9,short,8,0.0,47.0,0.0425531914893617,-0.0425531914893617
2026-06-08,1,1,9,very_long,7,0.14285714285714285,23.0,0.043478260869565216,0.09937888198757763
2026-06-08,1,1,9,zero,14,0.07142857142857142,327.0,0.012232415902140673,0.05919615552643075
2026-06-09,0,0,0,long,2,0.0,53.0,0.0,0.0
2026-06-09,0,0,0,short,2,0.0,400.0,0.0025,-0.0025
2026-06-09,0,0,0,very_long,1,0.0,106.0,0.0,0.0
2026-06-09,0,0,0,zero,3,0.0,1198.0,0.0,0.0
2026-06-09,0,0,1,medium,1,0.0,304.0,0.0,0.0
2026-06-09,0,0,1,short,1,0.0,433.0,0.0,0.0
2026-06-09,0,0,1,zero,1,0.0,1180.0,0.002542372881355932,-0.002542372881355932
2026-06-09,0,0,3,long,3,0.0,55.0,0.0,0.0
2026-06-09,0,0,3,medium,1,0.0,124.0,0.008064516129032258,-0.008064516129032258
2026-06-09,0,0,3,short,1,0.0,79.0,0.0,0.0
2026-06-09,0,0,3,very_long,2,0.0,67.0,0.014925373134328358,-0.014925373134328358
2026-06-09,0,0,5,long,1,0.0,40.0,0.0,0.0
2026-06-09,0,0,5,short,1,0.0,46.0,0.0,0.0
2026-06-09,0,0,6,long,1,0.0,49.0,0.0,0.0
2026-06-09,0,0,6,medium,1,0.0,73.0,0.0136986301369863,-0.0136986301369863
2026-06-09,0,0,6,very_long,1,0.0,29.0,0.0,0.0
2026-06-09,0,0,7,medium,1,0.0,106.0,0.0,0.0
2026-06-09,0,0,7,very_long,2,0.0,35.0,0.0,0.0
2026-06-09,0,0,7,zero,2,0.0,181.0,0.0,0.0
2026-06-09,0,0,8,medium,2,0.0,92.0,0.0,0.0
2026-06-09,0,0,8,zero,2,0.0,338.0,0.0029585798816568047,-0.0029585798816568047
2026-06-09,0,0,9,short,7,0.0,259.0,0.003861003861003861,-0.003861003861003861
2026-06-09,0,0,9,zero,4,0.0,718.0,0.001392757660167131,-0.001392757660167131
2026-06-09,0,1,0,medium,1,0.0,55.0,0.0,0.0
2026-06-09,0,1,0,short,1,0.0,2.0,0.0,0.0
2026-06-09,0,1,1,long,2,0.0,3.0,0.0,0.0
2026-06-09,0,1,1,short,1,0.0,4.0,0.0,0.0
2026-06-09,0,1,3,very_long,1,0.0,6.0,0.0,0.0
2026-06-09,0,1,6,very_long,3,0.0,4.0,0.0,0.0
2026-06-09,0,1,7,medium,1,0.0,9.0,0.0,0.0
2026-06-09,0,1,7,very_long,5,0.0,11.0,0.0,0.0
2026-06-09,0,1,8,short,1,0.0,1.0,0.0,0.0
2026-06-09,0,1,8,very_long,23,0.0,3.0,0.0,0.0
2026-06-09,0,1,9,long,4,0.0,2.0,0.0,0.0
2026-06-09,0,1,9,short,1,0.0,4.0,0.0,0.0
2026-06-09,0,1,9,very_long,9,0.0,3.0,0.0,0.0
2026-06-09,1,0,0,long,2,0.0,20.0,0.0,0.0
2026-06-09,1,0,0,medium,1,0.0,197.0,0.0,0.0
2026-06-09,1,0,0,very_long,3,0.0,14.0,0.0,0.0
2026-06-09,1,0,0,zero,4,0.0,639.0,0.0,0.0
2026-06-09,1,0,1,long,1,0.0,2.0,0.0,0.0
2026-06-09,1,0,1,zero,1,0.0,26.0,0.038461538461538464,-0.038461538461538464
2026-06-09,1,0,3,long,6,0.0,23.0,0.0,0.0
2026-06-09,1,0,3,medium,5,0.0,630.0,0.0015873015873015873,-0.0015873015873015873
2026-06-09,1,0,3,short,13,0.0,46.0,0.0,0.0
2026-06-09,1,0,3,very_long,10,0.0,18.0,0.0,0.0
2026-06-09,1,0,4,medium,17,0.0,125.0,0.0,0.0
2026-06-09,1,0,5,long,2,0.0,21.0,0.0,0.0
2026-06-09,1,0,5,medium,9,0.0,210.0,0.0,0.0
2026-06-09,1,0,5,short,2,0.0,49.0,0.0,0.0
2026-06-09,1,0,5,very_long,2,0.0,7.0,0.0,0.0
2026-06-09,1,0,6,long,4,0.0,34.0,0.0,0.0
2026-06-09,1,0,6,medium,3,0.0,102.0,0.0,0.0
2026-06-09,1,0,6,short,1,0.0,42.0,0.0,0.0
2026-06-09,1,0,6,very_long,4,0.0,15.0,0.0,0.0
2026-06-09,1,0,7,long,4,0.0,29.0,0.0,0.0
2026-06-09,1,0,7,medium,8,0.0,143.0,0.0,0.0
2026-06-09,1,0,7,very_long,6,0.0,21.0,0.0,0.0
2026-06-09,1,0,7,zero,4,0.0,359.0,0.0,0.0
2026-06-09,1,0,8,medium,2,0.0,77.0,0.0,0.0
2026-06-09,1,0,8,very_long,2,0.0,8.0,0.0,0.0
2026-06-09,1,0,8,zero,1,0.0,231.0,0.0,0.0
2026-06-09,1,0,9,long,3,0.0,7.0,0.0,0.0
2026-06-09,1,0,9,medium,2,0.0,57.0,0.07017543859649122,-0.07017543859649122
2026-06-09,1,0,9,zero,8,0.0,149.0,0.020134228187919462,-0.020134228187919462
2026-06-09,1,1,0,long,1,0.0,43.0,0.0,0.0
2026-06-09,1,1,0,medium,3,0.0,276.0,0.0,0.0
2026-06-09,1,1,0,short,2,0.0,44.0,0.0,0.0
2026-06-09,1,1,0,very_long,4,0.0,16.0,0.0,0.0
2026-06-09,1,1,0,zero,3,0.0,807.0,0.0,0.0
2026-06-09,1,1,1,long,2,0.5,5.0,0.0,0.5
2026-06-09,1,1,1,medium,2,0.0,31.0,0.0,0.0
2026-06-09,1,1,1,short,3,0.0,2.0,0.0,0.0
2026-06-09,1,1,1,zero,3,0.0,27.0,0.0,0.0
2026-06-09,1,1,3,long,6,0.16666666666666666,67.0,0.014925373134328358,0.1517412935323383
2026-06-09,1,1,3,medium,29,0.034482758620689655,1094.0,0.0,0.034482758620689655
2026-06-09,1,1,3,short,9,0.0,86.0,0.0,0.0
2026-06-09,1,1,3,very_long,3,0.3333333333333333,14.0,0.0,0.3333333333333333
2026-06-09,1,1,3,zero,9,0.0,420.0,0.002380952380952381,-0.002380952380952381
2026-06-09,1,1,4,long,1,0.0,16.0,0.0,0.0
2026-06-09,1,1,4,short,1,0.0,52.0,0.0,0.0
2026-06-09,1,1,4,zero,4,0.0,410.0,0.0,0.0
2026-06-09,1,1,5,long,8,0.0,36.0,0.0,0.0
2026-06-09,1,1,5,medium,19,0.0,413.0,0.0,0.0
2026-06-09,1,1,5,very_long,6,0.0,22.0,0.0,0.0
2026-06-09,1,1,5,zero,7,0.0,323.0,0.0,0.0
2026-06-09,1,1,6,long,8,0.125,47.0,0.0,0.125
2026-06-09,1,1,6,medium,7,0.0,131.0,0.0,0.0
2026-06-09,1,1,6,very_long,5,0.0,27.0,0.0,0.0
2026-06-09,1,1,6,zero,3,0.0,190.0,0.0,0.0
2026-06-09,1,1,7,long,5,0.0,105.0,0.0,0.0
2026-06-09,1,1,7,medium,12,0.0,215.0,0.0,0.0
2026-06-09,1,1,7,short,3,0.0,37.0,0.0,0.0
2026-06-09,1,1,7,very_long,7,0.0,23.0,0.0,0.0
2026-06-09,1,1,8,long,16,0.0,38.0,0.0,0.0
2026-06-09,1,1,8,medium,9,0.0,159.0,0.0,0.0
2026-06-09,1,1,8,short,5,0.0,16.0,0.0,0.0
2026-06-09,1,1,8,very_long,3,0.0,10.0,0.0,0.0
2026-06-09,1,1,8,zero,3,0.0,270.0,0.0,0.0
2026-06-09,1,1,9,long,28,0.07142857142857142,30.0,0.06666666666666667,0.004761904761904759
2026-06-09,1,1,9,medium,21,0.19047619047619047,105.0,0.02857142857142857,0.16190476190476188
2026-06-09,1,1,9,short,2,0.0,26.0,0.038461538461538464,-0.038461538461538464
2026-06-09,1,1,9,very_long,5,0.2,17.0,0.058823529411764705,0.1411764705882353
2026-06-09,1,1,9,zero,4,0.0,146.0,0.00684931506849315,-0.00684931506849315
2026-06-10,1,1,9,long,3,1.0,5.0,1.0,0.0
2026-06-10,1,1,9,zero,2,1.0,1.0,1.0,0.0
