mint,created_timestamp_utc,complete,pool_address,telegram_raw,telegram_handle,twitter,website,source_commit,source_path
122xv7AQAZGxj91D7W3bmNMqeGu9PqvaTMaA9w28pump,2026-05-26T09:38:05Z,True,FRxHcVtTiqk4XfHAVpFpiZqstJ2gEAuWboMhiuCYCf7g,,,https://x.com/Pontifex/status/2058873214873325977,https://www.vatican.va/content/leo-xiv/en/encyclicals/documents/20260515-magnifica-humanitas.html,783c911,Shilin/artifacts/external_validation/raw_coin_metadata/122xv7AQAZGxj91D7W3bmNMqeGu9PqvaTMaA9w28pump.json
12JPYuF5tvXbCPy7KLmEoqB53Mbpxre2L6yCteXEpump,2026-06-06T20:21:58Z,True,6H9TgjP8URRfeCH9JmURECZRBnHNJSh9rsG2ayUwY33Z,,,https://x.com/mert/status/2063345994243477710,,783c911,Shilin/artifacts/external_validation/raw_coin_metadata/12JPYuF5tvXbCPy7KLmEoqB53Mbpxre2L6yCteXEpump.json
12hhhSyb21JDZPgeivJjW5rYGHKSeaKtzgPn3uDspump,2026-05-26T14:27:41Z,True,8azAM26hpEqMZjYskuk8TD4FuXP8R3pgA4yNrSt532PJ,,,https://x.com/Pontifex/status/2058873214873325977,https://www.vatican.va/content/leo-xiv/en/encyclicals/documents/20260515-magnifica-humanitas.html,783c911,Shilin/artifacts/external_validation/raw_coin_metadata/12hhhSyb21JDZPgeivJjW5rYGHKSeaKtzgPn3uDspump.json
12rcrcnm9jya6s5pMUh39fr6bBYTFvz8uxBQTz9Npump,2026-06-09T13:36:33Z,True,CmdDhc5Xs3aZidCpoupECGmu3iVcm53zgcRMLsCJB2Jj,,,https://x.com/ibullrun/status/2064340394830106919?s=20,,783c911,Shilin/artifacts/external_validation/raw_coin_metadata/12rcrcnm9jya6s5pMUh39fr6bBYTFvz8uxBQTz9Npump.json
12tUu6YJVKyarT5LbvjphPNVEbx47vVLXNLfpfj5pump,2026-05-27T15:46:59Z,True,A5Ra4Kek5mNuE6GGwZ3KDMgjdzAuQ5Sy4T8SUXLNjJhJ,,,https://x.com/Kurrco/status/2059658061434753310,,783c911,Shilin/artifacts/external_validation/raw_coin_metadata/12tUu6YJVKyarT5LbvjphPNVEbx47vVLXNLfpfj5pump.json
139jgJYu2N2dPavdBbzTMkskpCuaiwwtDAyvEyMfpump,2026-05-21T12:54:15Z,True,44SReK3Q4pPrMJj2dFV1WCyw6RLmHVAMUVnPLP8wVMR6,,,,,783c911,Shilin/artifacts/external_validation/raw_coin_metadata/139jgJYu2N2dPavdBbzTMkskpCuaiwwtDAyvEyMfpump.json
13C28YhjLicAoTkU8SNa1WawgfTYLau34T86f4A95EdT,2026-05-18T00:15:30Z,True,HWyfP9BQnuRp7h9XG4VmM71weZYwXNhhfw5DEfbCxCJy,,,https://x.com/truth_terminal/status/2056166642212642952,https://axiom.trade/pulse?chain=sol,783c911,Shilin/artifacts/external_validation/raw_coin_metadata/13C28YhjLicAoTkU8SNa1WawgfTYLau34T86f4A95EdT.json
13EFvgcBbgvzDPBVMiQ3kT7Cw6jGKKvfZXUE6STPpump,2026-05-13T18:21:04Z,True,3ZMUh5VGK5DGJBaLPvbjwopHBSDptr26KuSK8gEmxACz,,,https://x.com/MissionMooner,,783c911,Shilin/artifacts/external_validation/raw_coin_metadata/13EFvgcBbgvzDPBVMiQ3kT7Cw6jGKKvfZXUE6STPpump.json
13aPGePu9iGNv7rp7imyYji41p95LBFTweYwFMxmpump,2026-06-01T09:49:27Z,True,AkFoHpWLXN7fJ7D4wZ42njtpMz3uozEJnTR43R29yyXT,,,https://x.com/elonmusk/status/2060913203542913258,,783c911,Shilin/artifacts/external_validation/raw_coin_metadata/13aPGePu9iGNv7rp7imyYji41p95LBFTweYwFMxmpump.json
13eMm2vJvDdZ55LwT3FmLfXDvYFt21xtah45ZR1Lpump,2026-06-03T22:39:06Z,True,BExxsYXUyQKTg8H7RM5Zgz5xrK8kvbRb4emhSYxWf82H,,,,,783c911,Shilin/artifacts/external_validation/raw_coin_metadata/13eMm2vJvDdZ55LwT3FmLfXDvYFt21xtah45ZR1Lpump.json
143Loqhqsxc5GxGb5SUP6QuB4UPrUYMMaw113hu5pump,2026-05-20T20:21:53Z,True,69gkYY9PJCeRKbkUqGrqS6XHdevJqXj1hcoZ9XznqZ9p,,,https://x.com/uller,https://uller.trade,783c911,Shilin/artifacts/external_validation/raw_coin_metadata/143Loqhqsxc5GxGb5SUP6QuB4UPrUYMMaw113hu5pump.json
146Rdmqda4JRHMAjiK6pEtHZPAvHfbKYe8mjwLpVpump,2026-05-30T21:05:20Z,True,CrYwesrXTxPsht3APRrYyE8k5PMCcfpapZSK6Rtv3CHK,,,https://x.com/SpaceXCummunity,,783c911,Shilin/artifacts/external_validation/raw_coin_metadata/146Rdmqda4JRHMAjiK6pEtHZPAvHfbKYe8mjwLpVpump.json
14V4aubjMNEqH4XitgEWqs3QA8qfPtrcKgAso5BWpump,2026-05-16T02:39:56Z,True,CuewQ86LoryqFtRymZUBFNuUaGSVRTzao5ZSxGHy8eNu,,,https://x.com/WhiteHouse/status/2055284604660060570,,783c911,Shilin/artifacts/external_validation/raw_coin_metadata/14V4aubjMNEqH4XitgEWqs3QA8qfPtrcKgAso5BWpump.json
14tMwN1KzDhjG32yDTBGHeTjQcywLQ7bV7qAsY7tpump,2026-05-13T02:30:49Z,True,HVmEiMi4bgq8EV3EeccoMNgB73t1SnTEKSfx8EvcwBhJ,,,https://x.com/search?q=%20Trump%27s%20China%20visit&src=typed_query,,783c911,Shilin/artifacts/external_validation/raw_coin_metadata/14tMwN1KzDhjG32yDTBGHeTjQcywLQ7bV7qAsY7tpump.json
1StaND2xpNMupVQqa4XV1H6Z1RKZKTSqyupietDpump,2026-05-19T12:36:57Z,True,ETzavanasCaRpdyUPZ77KGPdWVUsE4amGfZbNsxbL1Hr,,,https://x.com/Raindropsmedia1/status/2056558013796745343,,783c911,Shilin/artifacts/external_validation/raw_coin_metadata/1StaND2xpNMupVQqa4XV1H6Z1RKZKTSqyupietDpump.json
1dtc6EpTj4gS9zVMQCKSbT8sQgmRFo3KWb8bPFMpump,2026-05-21T00:55:23Z,True,5y2nB8jZdb8XUkGSeEPcMKBY44BRsgxACjeSKne6JB51,,,https://x.com/elonmusk/status/2057180153558835572,,783c911,Shilin/artifacts/external_validation/raw_coin_metadata/1dtc6EpTj4gS9zVMQCKSbT8sQgmRFo3KWb8bPFMpump.json
1p8VnM3vAxNWpij9L93xM16BUaxveNMVXLzCuu9pump,2026-05-21T01:34:58Z,True,Byq9oQ5RJ3wJAXMC2ahYxcpiHhoR9FWgABgn9L65Ue3A,,,https://x.com/elonmusk/status/2057261488256303134,,783c911,Shilin/artifacts/external_validation/raw_coin_metadata/1p8VnM3vAxNWpij9L93xM16BUaxveNMVXLzCuu9pump.json
218J52tqMZhNJNz7xMZq6sedxLwKm5fSHtoHw5M4pump,2026-06-01T00:25:24Z,True,BxEu85gQ6vrU34v3AZy7XbZPcfwpZS4v3ZXwT5xs4AX4,,,,,783c911,Shilin/artifacts/external_validation/raw_coin_metadata/218J52tqMZhNJNz7xMZq6sedxLwKm5fSHtoHw5M4pump.json
219SmbaVMXVcqUBVQ3g6LVT6BJt7CW4z5gZS1TQppump,2026-06-02T03:48:27Z,True,BcAUtob1SbRw3USrFCWsHyLw8ZNYrT7z1YmmdQgUNPhz,,,https://x.com/@Humanevolvd/status/2061655745263768020,,783c911,Shilin/artifacts/external_validation/raw_coin_metadata/219SmbaVMXVcqUBVQ3g6LVT6BJt7CW4z5gZS1TQppump.json
21EwSAJTetfwoUegxyW4t8NA41wfCLoz1UExNXmaXSVR,2026-05-27T04:00:38Z,True,DXMbfXZp1ccYhndJFgKJq5FPB1D46EPTbFvKBq2n1N1P,,,https://x.com/elonmusk/status/2056097842993995937,,783c911,Shilin/artifacts/external_validation/raw_coin_metadata/21EwSAJTetfwoUegxyW4t8NA41wfCLoz1UExNXmaXSVR.json
21uuoEJMQ8zYM7N4Pj884nzfeqijXeAy2sfNidxafVYg,2026-05-14T14:11:58Z,True,fhS6qde33sirNNioah6uY3Hy5XSeD72K7n2FeHaiDQU,,,https://x.com/toly/status/2054927663031370228,,783c911,Shilin/artifacts/external_validation/raw_coin_metadata/21uuoEJMQ8zYM7N4Pj884nzfeqijXeAy2sfNidxafVYg.json
22TJSgpWPr7akHG2YVdHAJDnfwJ8yLnZsetNJxfGpump,2026-05-30T04:54:39Z,True,6M5VTB9x3cjccKmq9hQTcGwH3jx6sG8TPYVjurpajuhH,https://t.me/dalmasSOL,dalmasSOL,https://x.com/dalmasdog,https://dalmas.lol,783c911,Shilin/artifacts/external_validation/raw_coin_metadata/22TJSgpWPr7akHG2YVdHAJDnfwJ8yLnZsetNJxfGpump.json
23wPgnjyYy7rAN8Evb5h8f2rF5Sh7No8S3aDM9CApump,2026-06-08T13:33:17Z,True,GA6bYdithXqJuE4yrr53dnRUFke7W83UaXnWrFoa7sDn,https://t.me/clutchthebaldeaglesol,clutchthebaldeaglesol,https://x.com/clutcheaglesol,https://clutchthebaldeaglesol.fun,783c911,Shilin/artifacts/external_validation/raw_coin_metadata/23wPgnjyYy7rAN8Evb5h8f2rF5Sh7No8S3aDM9CApump.json
243AvPP1fipAs5QxDxPfgPQx3JT7yFn7aLm4CNQ2pump,2026-06-02T10:53:02Z,True,27ndatohxGBvoNRynaAXv3v3x4WV1zxoGYs8fuR1r8Ar,https://t.me/Driplydev,Driplydev,https://x.com/Driplysoll,https://driply.one/,783c911,Shilin/artifacts/external_validation/raw_coin_metadata/243AvPP1fipAs5QxDxPfgPQx3JT7yFn7aLm4CNQ2pump.json
247jnwP4NgtLyPu2WA2WRFeUKsShoLLXg5fa33DUpump,2026-05-22T10:30:11Z,True,E2NYWockdTY1MopPuh1yGBybmvydqvSVBKsaNuJTLgBX,,,,https://www.jeetpizza.site/,783c911,Shilin/artifacts/external_validation/raw_coin_metadata/247jnwP4NgtLyPu2WA2WRFeUKsShoLLXg5fa33DUpump.json
24FFS5emD32Z3TtKjy5x4HbMth1npgtwwXxxV3B1pump,2026-06-04T21:09:18Z,True,CYi6jbQp5gTYftfCL7UrCcWqwXZFDorKahT5dcLCcSrP,,,https://x.com/madionsol/status/2062639449528254882?s=20,https://www.tiktok.com/@danieljacksonofficial/video/7642292541018230038,783c911,Shilin/artifacts/external_validation/raw_coin_metadata/24FFS5emD32Z3TtKjy5x4HbMth1npgtwwXxxV3B1pump.json
24gQ3D48YwRfJ2Kp597QTtPPYk9xacFxKp5JVBc8BPaK,2026-05-15T14:03:33Z,True,91YsRDdhvV1X2jSqv4aiFqqqnxkmv1jE7oDWkgfMmC8y,,,https://x.com/blankspeaker/status/2055287952528265233,https://github.com/xai-org/x-algorithm/blob/aaa167b3de8a674587c53545a43c90eaad360010/CODE_OF_CONDUCT.md,783c911,Shilin/artifacts/external_validation/raw_coin_metadata/24gQ3D48YwRfJ2Kp597QTtPPYk9xacFxKp5JVBc8BPaK.json
24hTZu4B7QoxKjGo1R6AKqdhkWE3sYoHFiTXJJwJpump,2026-05-10T05:15:35Z,True,95ZhhBw36ZRQJnJXsEMc55zFT4GHxdJztq3eKoXh1hk7,,,https://twitter.com/elonmusk/status/2053341186530947337,,783c911,Shilin/artifacts/external_validation/raw_coin_metadata/24hTZu4B7QoxKjGo1R6AKqdhkWE3sYoHFiTXJJwJpump.json
24qykEsn4M5WJqh5sYWuF2Xxp3GMyoSdfPxJ6W2qpump,2026-06-08T21:40:16Z,True,DzKUu4x8BnqSZ5ECJfTbwRC6F5ECkUSoVrzeuRm5nL6F,,,https://x.com/footyct,https://upthefooty.com,783c911,Shilin/artifacts/external_validation/raw_coin_metadata/24qykEsn4M5WJqh5sYWuF2Xxp3GMyoSdfPxJ6W2qpump.json
25t3wviw9DYwdxQ6chZnvtvSJBYDKnwonKj6r4Tcpump,2026-05-29T02:00:41Z,True,HrCKuUJMNeof9YVewuiksi2LJVT71uRc9WeEk42K77sb,https://t.me/onetrillionbill,onetrillionbill,https://x.com/1TrillionBill,https://1trillionbill.online/,783c911,Shilin/artifacts/external_validation/raw_coin_metadata/25t3wviw9DYwdxQ6chZnvtvSJBYDKnwonKj6r4Tcpump.json
27zygJPcDFE2dEtDKXdYy2DzWB2tVZ5pjAdhCjSSpPZK,2026-05-13T22:13:58Z,True,2iVeCCmoiY2mTRicMq8FBPFVMSyptAVgRcQ9T71vcAZe,,,https://x.com/elonmusk/status/2054686590329606619,https://x.com/hotbabyrebao/status/2054584504262783418,783c911,Shilin/artifacts/external_validation/raw_coin_metadata/27zygJPcDFE2dEtDKXdYy2DzWB2tVZ5pjAdhCjSSpPZK.json
287nCBZPxaMEdtb6iSRCGFLfpSLH7vVgXGoB4eCNpump,2026-06-06T21:37:05Z,True,Ft582BBKb8iw16kd5HzUGgc8Sz3VWrERVbMeEkuSzQaF,,,https://x.com/i/status/2063374596066140295,https://x.com/gokedev/status/2063371832133054676,783c911,Shilin/artifacts/external_validation/raw_coin_metadata/287nCBZPxaMEdtb6iSRCGFLfpSLH7vVgXGoB4eCNpump.json
28xnGP6NjAhuTuwqjBcaCAQ2sUAMwpF4grsphEBwpump,2026-05-30T15:26:23Z,True,Gqks3nvL5Q7C4ZQ7qiTVB2aJzAvjC8Znanfka9swufnb,,,https://x.com/888solcoin,https://www.888coin.lol,783c911,Shilin/artifacts/external_validation/raw_coin_metadata/28xnGP6NjAhuTuwqjBcaCAQ2sUAMwpF4grsphEBwpump.json
2BFzuG5kuzhyRaAdXRDgFNJ6Jkx734v7t5M7ptGipump,2026-05-23T02:31:09Z,True,9diRgXgtx4a4r2anVhKKK1mNzJdBHJqzKcybK945t4xp,,,,https://dotonsol.fun/,783c911,Shilin/artifacts/external_validation/raw_coin_metadata/2BFzuG5kuzhyRaAdXRDgFNJ6Jkx734v7t5M7ptGipump.json
2BNNkMnpL6pXtk3ZiKiN3Ystvj97y5C2nVgWPfuzpump,2026-06-08T06:30:04Z,True,3EEdSsGmBzZqA96mwaviV3YF4G2kmQvYqt8TfzFoC8Bd,,,https://x.com/SolBountyLife,https://bountylife.today,783c911,Shilin/artifacts/external_validation/raw_coin_metadata/2BNNkMnpL6pXtk3ZiKiN3Ystvj97y5C2nVgWPfuzpump.json
2BQCBrXWt8zhkgTJMyimhUCkDguYuj55BeR2CmSQpump,2026-05-19T14:58:36Z,True,F48tND6E3hYMqR1YhqLha4tjc2diZwf9TSzZ1TJxKVFr,https://t.me/TRUMPcoin_sol,TRUMPcoin_sol,,,783c911,Shilin/artifacts/external_validation/raw_coin_metadata/2BQCBrXWt8zhkgTJMyimhUCkDguYuj55BeR2CmSQpump.json
2CAC5YripCtDXjrwPgDWVdJDnmSMnfMdbhQtJKLVpump,2026-05-23T13:14:52Z,True,8EJtTWmgX3JpsP6DvBj1ghPRGdZJYHCGXECa1b1Rztgb,https://t.me/trumpbanksol,trumpbanksol,https://x.com/TrumpBankX,https://trumpbanksol.xyz/,783c911,Shilin/artifacts/external_validation/raw_coin_metadata/2CAC5YripCtDXjrwPgDWVdJDnmSMnfMdbhQtJKLVpump.json
2DK6WxzW9UT5mDr3rivN8oeiUmWVkGucaXgAKc4Wpump,2026-05-19T20:47:18Z,True,G7oFoddfVNgjLiRHMoir4YG4N6RWeC9zpPiJQvrFd61W,,,https://x.com/WeAre26sol,https://www.weare26.io/,783c911,Shilin/artifacts/external_validation/raw_coin_metadata/2DK6WxzW9UT5mDr3rivN8oeiUmWVkGucaXgAKc4Wpump.json
2FVJcHxwfCYhJ8uV1pXPJfaJYuB6wPFawqip2M2kpump,2026-06-04T20:12:33Z,True,4BoQSEvhG1RQQ1aXooCdabrTHg3TXpAENbqGsHWUMac8,,,https://x.com/lebombjam/status/2062628495721676974,https://x.com/ebikaniaquarium/status/2062475015954862328,783c911,Shilin/artifacts/external_validation/raw_coin_metadata/2FVJcHxwfCYhJ8uV1pXPJfaJYuB6wPFawqip2M2kpump.json
2HEE6QUvKtfxWZMSYV7yMa9FobHHgzQcj7Ugsibwpump,2026-05-13T16:51:30Z,True,FLr4onNUwNs9f43KE1YF1GWjNwBjnPptv5YfemhfRaGG,,,https://x.com/n1721203925204/status/2054605466286653711,,783c911,Shilin/artifacts/external_validation/raw_coin_metadata/2HEE6QUvKtfxWZMSYV7yMa9FobHHgzQcj7Ugsibwpump.json
2HWdmNPkWiusDS4GMD7caygqyDej88D5JozBQC1Gpump,2026-05-20T16:06:32Z,True,B7NitFPkpzQM56ZoqBZHR2qwCLqyZv6GdiLShoQ9NcM8,,,,,783c911,Shilin/artifacts/external_validation/raw_coin_metadata/2HWdmNPkWiusDS4GMD7caygqyDej88D5JozBQC1Gpump.json
2JKRHE9pxjNgWDZgewmShq8UxTfsyFrHhWkJTRsDpump,2026-05-19T20:29:45Z,True,Bwc4uVUZyFnkzHJ44bBcUTZ6Wd4C2i411FSp2p3wRfGq,,,https://x.com/Liz_Binance/status/2056832855515246799,https://etymology.substack.com/p/the-monsters-hiding-in-your-algorithm,783c911,Shilin/artifacts/external_validation/raw_coin_metadata/2JKRHE9pxjNgWDZgewmShq8UxTfsyFrHhWkJTRsDpump.json
2Jep2ndMujzbTJi7xaG2xM8JGXSag7jvdmQEGf1ATRVw,2026-05-17T19:42:08Z,True,9V7RnN8tMjLjLom9jMbKs1WxF6hCsawCxtenEzBJXmdF,,,https://x.com/elonmusk/status/2056097842993995937,https://themilliondollardrawing.com/,783c911,Shilin/artifacts/external_validation/raw_coin_metadata/2Jep2ndMujzbTJi7xaG2xM8JGXSag7jvdmQEGf1ATRVw.json
2KJB1xWr9zMLcWdbmv9FfC87ec1De72vMAke7oL5pump,2026-05-22T05:36:44Z,True,ENTgtCzUAnMmACnLvr2AXkzP8HbespPUrmKf3d2fmLuF,https://t.me/GOZU_sol,GOZU_sol,https://x.com/GOZU_SOLANA,https://gozu.best,783c911,Shilin/artifacts/external_validation/raw_coin_metadata/2KJB1xWr9zMLcWdbmv9FfC87ec1De72vMAke7oL5pump.json
2KVeCvT1VVPoxBmTDa7YPJgKnupBGyfuR3FpXbv3pump,2026-06-08T04:18:09Z,True,2coPRagxvZEMSeVNiVkrhRn3JNTMX7go7tif31oA4uEG,,,,,783c911,Shilin/artifacts/external_validation/raw_coin_metadata/2KVeCvT1VVPoxBmTDa7YPJgKnupBGyfuR3FpXbv3pump.json
2MLH1Cqkc3VYvgvNB8wF3aQdDBxPLeeQdwUEqwKUpump,2026-05-31T03:12:54Z,True,9J8TrjE5vpr3kN4rLijHs1oxxCa637QBFtv711pjX6WP,,,,https://truthsocial.com/@realDonaldTrump/posts/116665681864902555,783c911,Shilin/artifacts/external_validation/raw_coin_metadata/2MLH1Cqkc3VYvgvNB8wF3aQdDBxPLeeQdwUEqwKUpump.json
2MgmUpus9fGyanrqez1JkMbX8TZbnCaNnvoXJoACpump,2026-06-08T20:46:29Z,True,ECgvirzu8GFgpsnYc75RE7nZnB7YyRwGXhrg3jjEaSsa,,,https://x.com/thestickmanarmy,https://www.stickman.army/,783c911,Shilin/artifacts/external_validation/raw_coin_metadata/2MgmUpus9fGyanrqez1JkMbX8TZbnCaNnvoXJoACpump.json
2P9h48GnH18sdofq2utYtnotYLvQBJT3LCFBTJwupump,2026-05-20T20:54:44Z,True,tL6NpDpngPHpri4eP36q8boFCZ1HVmDPB6HEV9k3wak,,,https://x.com/grok12_john/status/2057203394767421460,https://www.sec.gov/Archives/edgar/data/1181412/000162828026036936/spaceexplorationtechnologi.htm#:~:text=We%20plan%20to%20publicly%20launch%20the%20Money%20product%20on%20the%20X%20platform%20(the%20%E2%80%9CMoney%20Product%E2%80%9D),783c911,Shilin/artifacts/external_validation/raw_coin_metadata/2P9h48GnH18sdofq2utYtnotYLvQBJT3LCFBTJwupump.json
2QEs8XiG99PV16QQ6GBDEMjr2V4rEofSrUAKoaptpump,2026-05-21T03:15:29Z,True,4seJYzrBHVTnErCjz5F1Ts5W3hmUKh3EeyXxnFQTbZJY,,,,,783c911,Shilin/artifacts/external_validation/raw_coin_metadata/2QEs8XiG99PV16QQ6GBDEMjr2V4rEofSrUAKoaptpump.json
2QiQAx9uiJGUM1CeneAQiotWLKBB9FPPi3SD2ZAxpump,2026-05-25T03:35:28Z,True,CyHw8Abz9nm3SeoFdXeQZzY18yeDf63Ubs7RaQnRGsjj,,,,,783c911,Shilin/artifacts/external_validation/raw_coin_metadata/2QiQAx9uiJGUM1CeneAQiotWLKBB9FPPi3SD2ZAxpump.json
2R7jYvkAQwLu3smTy6U4Am9u1F14djdF5wPKkQk5pump,2026-05-19T07:22:57Z,True,AvEQy4vGHhgKZY6QR7rBbN8dupXz9HiCbar5taizetRN,https://t.me/TrolbeyMaguire,TrolbeyMaguire,https://x.com/TrolbeyMaguire,https://trolbeymaguire.lol,783c911,Shilin/artifacts/external_validation/raw_coin_metadata/2R7jYvkAQwLu3smTy6U4Am9u1F14djdF5wPKkQk5pump.json
2RC4zgW6jwnw8drykQ3Lfwsi8pU6VJXAZZjbaA3jpump,2026-05-27T20:09:57Z,True,3MuEGJJywTAj23WQzCe1qtK61iohEyxdxPfGmNkVqQ1S,,,https://x.com/doIIares/status/2059728836376302033,https://www.instagram.com/imnotafamouslamp/,783c911,Shilin/artifacts/external_validation/raw_coin_metadata/2RC4zgW6jwnw8drykQ3Lfwsi8pU6VJXAZZjbaA3jpump.json
2RWndXkxWkaKhGjE7dZivVbK5qXtpwnCZJ1jpnxapump,2026-05-25T14:23:14Z,True,9o9hsTQrD8yv7b3NWD742SmrE9Ad6ddHEwXzwU466QjN,https://t.me/officialhoppy,officialhoppy,https://x.com/OfficialHoppy,https://hoppysol.com/,783c911,Shilin/artifacts/external_validation/raw_coin_metadata/2RWndXkxWkaKhGjE7dZivVbK5qXtpwnCZJ1jpnxapump.json
2SAwGWW71LiH3hPrTZ2SesuzmRyDYo2hcJNDPHGdpump,2026-06-06T21:19:03Z,True,A2L5ZBBDgd9NLo2q7Jzup3GUjtHATxGoQcezWJohd6T6,,,https://x.com/GetAJobOnSolana,https://jobcoin.tech,783c911,Shilin/artifacts/external_validation/raw_coin_metadata/2SAwGWW71LiH3hPrTZ2SesuzmRyDYo2hcJNDPHGdpump.json
2SfzZDGaJTehzvNgejVEHPT6iTWhXLFxquRVYDShpump,2026-05-30T05:14:35Z,True,BUwk7dmEzsx71vhpvWy8GRLevfNGYRy7MFL27ZfbWtk8,,,https://x.com/Trullmeme,https://www.trull.lol,783c911,Shilin/artifacts/external_validation/raw_coin_metadata/2SfzZDGaJTehzvNgejVEHPT6iTWhXLFxquRVYDShpump.json
2UZzv1XRd6KipUJjRmeNPYJcexeZJyZpKiBRydfwpump,2026-06-05T15:26:09Z,True,7rG8hRk6sxjfgi1uJNUYrdNgQBsnKZzu1ppwrofYNCgX,,,https://x.com/Liz_Binance/status/2062913081089417613,https://archive.4plebs.org/s4s/search/text/micromeme/page/2/,783c911,Shilin/artifacts/external_validation/raw_coin_metadata/2UZzv1XRd6KipUJjRmeNPYJcexeZJyZpKiBRydfwpump.json
2Vc3ZUuvhdZ7jB8nkVvQ4G8rYVBodJz3t3zBjRbQpump,2026-05-14T07:28:00Z,True,FTnJM33eECP6KskjVuWSHLwG6JYneAzQpj1sfm3u4ze4,,,,https://www.memeart.art/,783c911,Shilin/artifacts/external_validation/raw_coin_metadata/2Vc3ZUuvhdZ7jB8nkVvQ4G8rYVBodJz3t3zBjRbQpump.json
2VmAm9dRT1qLoo8YE3Vm5pEpkKhRFYb9MKStnogPpump,2026-06-08T02:27:43Z,True,39ZiT5GaUMYa4WLYVEfbct8HtGpMpPVLJFCE7LAm1sqf,,,https://x.com/cooldevisback/status/2063810088305836190?s=20,,783c911,Shilin/artifacts/external_validation/raw_coin_metadata/2VmAm9dRT1qLoo8YE3Vm5pEpkKhRFYb9MKStnogPpump.json
2VxU2HvrT1GkgS6LNS2cfzPFGGCovures3XxwuRspump,2026-05-28T04:08:05Z,True,FL9TUJjT8FPpAZe756VkwbZzpzRvGGz41SPt1Zp7YjMV,,,https://x.com/cb_doge/status/2059848839402803308,,783c911,Shilin/artifacts/external_validation/raw_coin_metadata/2VxU2HvrT1GkgS6LNS2cfzPFGGCovures3XxwuRspump.json
2WADv5DyB5EUvgjKV6t4qJhhHJbEhA7CC1m9vsqypump,2026-05-12T21:17:23Z,True,8F6UNF16F8HUiUXJM8wiq5ZaYQ8iEaNVM6tMHSz4THHz,https://t.me/jessedetective,jessedetective,https://x.com/JesseDetective,https://jessedetective.com/,783c911,Shilin/artifacts/external_validation/raw_coin_metadata/2WADv5DyB5EUvgjKV6t4qJhhHJbEhA7CC1m9vsqypump.json
2Wp2k3d91wFedMmA839P1HKhfqXxtrZp9VpScHq9pump,2026-05-17T19:13:51Z,True,Dzow9xpPnFHGMTPbPfxQkEntifJLroeGxDQQNeVYHLty,,,https://x.com/abrawlerj/status/2056090814309138730,https://www.reddit.com/r/me_irl/comments/1tfu2j4/me_irl/,783c911,Shilin/artifacts/external_validation/raw_coin_metadata/2Wp2k3d91wFedMmA839P1HKhfqXxtrZp9VpScHq9pump.json
2XLGmmzDVF5KniJbDJGhtgbt6cmmfdeM4SdCHmZEViRL,2026-05-29T18:40:54Z,True,5yBXPZaxXfXgJqzViFXMPoXfHeSGvGEPsVEDG8n2ZyxV,,,,,783c911,Shilin/artifacts/external_validation/raw_coin_metadata/2XLGmmzDVF5KniJbDJGhtgbt6cmmfdeM4SdCHmZEViRL.json
2YnuPoufzGzmmrxHsJrZb2NhDC2QHFgWoNn6cSDBpump,2026-05-28T18:42:40Z,True,5B32xGqCxLDQKfnzihNGArdyxP7MTYCL8uEXsJegRnRW,,,https://x.com/trumpbillX,https://www.trumpbill.cc,783c911,Shilin/artifacts/external_validation/raw_coin_metadata/2YnuPoufzGzmmrxHsJrZb2NhDC2QHFgWoNn6cSDBpump.json
2ZGXjhZc17dgsGaG45pLKD5dFctnGEzFhWFt6uzipump,2026-05-27T05:52:39Z,True,BFC1CunbijBWfYcKM9Ly1HQ817xAUQwPzeqZ7E8kUFSG,,,,https://playtictactoe.lol/,783c911,Shilin/artifacts/external_validation/raw_coin_metadata/2ZGXjhZc17dgsGaG45pLKD5dFctnGEzFhWFt6uzipump.json
2ZT8k6QjQSn6WSpYf383GNmc82yKX97NJ5yDSspFpump,2026-05-13T04:02:27Z,True,89TVpamVyBdMH7BK4fTQLENR9MKcbWsovk8UqVE8FhUu,,,,https://whaletroll.fun/,783c911,Shilin/artifacts/external_validation/raw_coin_metadata/2ZT8k6QjQSn6WSpYf383GNmc82yKX97NJ5yDSspFpump.json
2aETBnw8qHbqiqifvPSSQLAQVK4JCEi6a3S1Pdauk9Cu,2026-06-05T23:22:17Z,True,6vbsPB2jRRtEKXBGkqKzy7joCABwd8pAtJw5raT7wgGM,,,https://x.com/DiscussingFilm/status/2063038719867732084,,783c911,Shilin/artifacts/external_validation/raw_coin_metadata/2aETBnw8qHbqiqifvPSSQLAQVK4JCEi6a3S1Pdauk9Cu.json
2aHKTjJQTTwEkK7og1rNYB1J6uL7XLDksbqB23Gcpump,2026-05-31T05:35:38Z,True,AZKtyuKArFMMx8AxB9FLKhfbhdAqwsLzhQ9qbwpruQKE,,,https://x.com/SPCXMan,,783c911,Shilin/artifacts/external_validation/raw_coin_metadata/2aHKTjJQTTwEkK7og1rNYB1J6uL7XLDksbqB23Gcpump.json
2bPWF7YanfXQik2MpuWGiJ4eJc3H7t1zfMCoEE9Rpump,2026-05-14T18:11:56Z,True,GpR1cbTDYqJaKYtxYw48Fbi584B68Y4eiLHpR7Q4Jzgy,https://t.me/WorldPoopSOL,WorldPoopSOL,,,783c911,Shilin/artifacts/external_validation/raw_coin_metadata/2bPWF7YanfXQik2MpuWGiJ4eJc3H7t1zfMCoEE9Rpump.json
2bX8MWpEaKoGrqg35jNaKZa8hZfG7ubGSiLESZP6pump,2026-05-19T13:51:22Z,True,FtYKHp8GPTchXTGfKCHd87yWa9JMimW4v9cctRsJotQx,https://t.me/PURR_SOLtg,PURR_SOLtg,https://x.com/purr_solana,https://purr-sol.one,783c911,Shilin/artifacts/external_validation/raw_coin_metadata/2bX8MWpEaKoGrqg35jNaKZa8hZfG7ubGSiLESZP6pump.json
2cRudbcbCSAPKsvyxD73XiNe2pSvpmjAf2W7ReF9pump,2026-05-18T22:01:31Z,True,CaHFiEYPzC8Lvrh26FuUywjpSTkoMCJD1mNMGw1AdCJn,,,https://x.com/dv3333333/status/2056495408466317375,https://stonks.jp/,783c911,Shilin/artifacts/external_validation/raw_coin_metadata/2cRudbcbCSAPKsvyxD73XiNe2pSvpmjAf2W7ReF9pump.json
2g6xaw4cKEgNDPR4V73xA79vhJSXVoiaTevt5tVzpump,2026-06-03T08:01:01Z,True,812uTrFFCN44kBrGPPNaQjTLDwBUf7A3PEk1uBnzR2vb,,,https://x.com/SolPokeTrump,https://poketrump.site,783c911,Shilin/artifacts/external_validation/raw_coin_metadata/2g6xaw4cKEgNDPR4V73xA79vhJSXVoiaTevt5tVzpump.json
2gp9TZWCfNwHFFW6uzZs9f3PixTKtaH3EhLCFFpopump,2026-06-05T05:32:17Z,True,9WbgT4anw3ZxhU6KZaeXRWf6FHfiHFfpUy5LWxYUDHZ1,,,,,783c911,Shilin/artifacts/external_validation/raw_coin_metadata/2gp9TZWCfNwHFFW6uzZs9f3PixTKtaH3EhLCFFpopump.json
2hb8GWAAvbMnS9Bm3whvit3zGmBghjKSW8Cr5tAdpump,2026-06-08T18:55:00Z,True,DAaXyjU8sTw7bhdr9izUHMgewKJrCGzvihZNXyBrCL8C,,,,,783c911,Shilin/artifacts/external_validation/raw_coin_metadata/2hb8GWAAvbMnS9Bm3whvit3zGmBghjKSW8Cr5tAdpump.json
2ibsUWPKZ7CHamfL3G6CGenRFP6xj4sV9XxikCbwpump,2026-06-06T08:19:34Z,True,GnEhzh8XBkZBYoS69N5Un6i1MrqeV4peJojaV1MhCUEi,https://t.me/tigreldo,tigreldo,https://x.com/tigreldo,https://www.tigreldo.top,783c911,Shilin/artifacts/external_validation/raw_coin_metadata/2ibsUWPKZ7CHamfL3G6CGenRFP6xj4sV9XxikCbwpump.json
2ix8B7YLHBip75Duqx8p1RsUsGRzgpDaKArhuKgTpump,2026-05-16T22:38:21Z,True,3qhzgw4vz75eNymvGD1mbhmLmYUrUfULweQYKMtoMzHq,,,https://x.com/rebeccaperrottc/status/2055779851550834719,,783c911,Shilin/artifacts/external_validation/raw_coin_metadata/2ix8B7YLHBip75Duqx8p1RsUsGRzgpDaKArhuKgTpump.json
2mCMGtiXqRboAqB1oZEFwvp7xbXMVeM6YNBt3fVPpump,2026-05-18T14:12:12Z,True,6nVyRHsksDuXz4WoBBghYtvzPfYSFz6eQEia4xX6Yp9h,,,https://x.com/TheButton,,783c911,Shilin/artifacts/external_validation/raw_coin_metadata/2mCMGtiXqRboAqB1oZEFwvp7xbXMVeM6YNBt3fVPpump.json
2mNVZ6aEjrGwiUVCfz7XGWpiXuWzgBDoznwE579upump,2026-05-27T20:15:54Z,True,BgudaVv1M3D1dbjYs36FhHY1kYqfbPh5LsrtL9YNKpUw,https://t.me/CovenantPortal,CovenantPortal,https://x.com/OpenCovenant,https://opencovenant.org/,783c911,Shilin/artifacts/external_validation/raw_coin_metadata/2mNVZ6aEjrGwiUVCfz7XGWpiXuWzgBDoznwE579upump.json
2mg6v4RXhGuGr1bdQwrXQXkSF6QFxVgEd6n24jQVpump,2026-05-14T11:56:18Z,True,CG4fT57aLbiPv8VzVSbYuy2uYNajuakQCAXgs3eqFhri,,,,,783c911,Shilin/artifacts/external_validation/raw_coin_metadata/2mg6v4RXhGuGr1bdQwrXQXkSF6QFxVgEd6n24jQVpump.json
2mhDoo21juF2sMX3sJMLA2N4CmJNLCTysd2ze1Y3pump,2026-06-08T04:08:47Z,True,CvZwatiZfDPJD89Ncg4mXaQLNuVZX4fStTk59cJFRV7F,,,,,783c911,Shilin/artifacts/external_validation/raw_coin_metadata/2mhDoo21juF2sMX3sJMLA2N4CmJNLCTysd2ze1Y3pump.json
2nTRq9Df7CSocXM6dknx8yrmdCzQke62u7JftWrepump,2026-05-26T18:51:11Z,True,5kVRHjcS5ghqGnGcBMXfBj2W3j2vM5sz4y52748pE5tj,https://t.me/ferrisrust,ferrisrust,https://x.com/ferrisrustacean,https://www.ferrisrustacean.xyz/,783c911,Shilin/artifacts/external_validation/raw_coin_metadata/2nTRq9Df7CSocXM6dknx8yrmdCzQke62u7JftWrepump.json
2nayFxYE4MXtNenhWb1hJh3qDWtgWbP8CBfsG5YHpump,2026-06-09T05:45:51Z,True,Fku2BMjMHdoa8yP6GqQsokokJMaLWd9cPsAeUxTHwqXR,https://t.me/SOLMAXXED_SPERM_SOL,SOLMAXXED_SPERM_SOL,https://x.com/spermaxxed,https://spermaxxed.com/,783c911,Shilin/artifacts/external_validation/raw_coin_metadata/2nayFxYE4MXtNenhWb1hJh3qDWtgWbP8CBfsG5YHpump.json
2nfsCCbzrBUzQtr9sgn6zSsyfSsaE3bFPugHCRABtz9t,2026-05-20T18:42:38Z,True,DT5rTykH6XJphjpyh4vMxXMozuTsDhW1nPN6WNanTm6J,,,https://x.com/meggerwicky/status/2057169785603928318,https://axiom.trade/pulse?chain=sol,783c911,Shilin/artifacts/external_validation/raw_coin_metadata/2nfsCCbzrBUzQtr9sgn6zSsyfSsaE3bFPugHCRABtz9t.json
2oc3b1q1qQkTZpjBnkghPa9Y8SMP7e46CE4xzNS6pump,2026-06-07T22:47:58Z,True,2go6U7yRURqDWkyLSw65p8ytmvcfaB4nFNy3YNPK3RqB,,,https://x.com/KindnessCCM/status/2063754837540356232?s=20,,783c911,Shilin/artifacts/external_validation/raw_coin_metadata/2oc3b1q1qQkTZpjBnkghPa9Y8SMP7e46CE4xzNS6pump.json
2p9mLAHxkunpLzsM9QS8GEcYUjuEDfsWHWnqp1Gwpump,2026-05-15T08:10:55Z,True,FgP1zKCtND7jsm7C1YhN3nziYzBe6MDW1TJKXECwb1Eo,https://t.me/UFT_SOL_MEME,UFT_SOL_MEME,https://x.com/UFT_SOL,https://unstable-flying-trollien.xyz/,783c911,Shilin/artifacts/external_validation/raw_coin_metadata/2p9mLAHxkunpLzsM9QS8GEcYUjuEDfsWHWnqp1Gwpump.json
2q68mqEbjwmnMjs1o3KZDNZVyMv6RZKkHcm64iinpump,2026-06-01T23:27:45Z,True,4FsJvbRPUs55eXoR2mLdbAKhceusQxSyK5NDu62ntQme,https://t.me/retardcoinn,retardcoinn,https://x.com/Retardfirm,https://retardcoin.fun/,783c911,Shilin/artifacts/external_validation/raw_coin_metadata/2q68mqEbjwmnMjs1o3KZDNZVyMv6RZKkHcm64iinpump.json
2qKSw5zD7ZaKkrYn3bPPT9AJKcJTzqKTkYTYcjnKpump,2026-05-13T22:03:37Z,True,7nP1bFk8RbLBHPMVxeuBACbt2KC8uWmYMqkEQtv6sfok,,,,,783c911,Shilin/artifacts/external_validation/raw_coin_metadata/2qKSw5zD7ZaKkrYn3bPPT9AJKcJTzqKTkYTYcjnKpump.json
2qxqkvrHKsQeMUjPLHsBZDzMTPLv81uy98xM2Qbepump,2026-05-29T03:50:41Z,True,6w4mz1ghzhWbjGUtvhuAAdcP7Sj3mnEff2XvZgjvoFAF,https://t.me/glorp_sol,glorp_sol,https://x.com/GLORP_SOL,https://glorp.buzz/,783c911,Shilin/artifacts/external_validation/raw_coin_metadata/2qxqkvrHKsQeMUjPLHsBZDzMTPLv81uy98xM2Qbepump.json
2rdtq8Hd97fFrFUxAobszBdckCDx2w6HSzDGtAPrpump,2026-05-18T01:20:39Z,True,52Nfzto3wFpXz16LsavoNoJoCRvk81UkaYhhLBV3e5qp,,,https://x.com/coreyching/status/2055059589599801395,,783c911,Shilin/artifacts/external_validation/raw_coin_metadata/2rdtq8Hd97fFrFUxAobszBdckCDx2w6HSzDGtAPrpump.json
2sc5VSZKLneeQJ74SokUxb3UkRjt4vCvC2WCm5ECpump,2026-05-23T10:27:32Z,True,HPiXx6EP7GoqYeeEAmdZ1FhrErxMGYeFFuMeBrxtLcw5,https://t.me/HAMMYSOL,HAMMYSOL,https://x.com/hammyso1,https://hammysol.one,783c911,Shilin/artifacts/external_validation/raw_coin_metadata/2sc5VSZKLneeQJ74SokUxb3UkRjt4vCvC2WCm5ECpump.json
2srHP7PyP9wnDtiP4s8r5MfGEyHSdrkfhzjsND7Tpump,2026-06-04T03:35:22Z,True,DKo9YdMkuJCX5b3iKDVd4RLi5HSVM1mfFJkN9BPXRdAW,,,,https://www.thisis50.com,783c911,Shilin/artifacts/external_validation/raw_coin_metadata/2srHP7PyP9wnDtiP4s8r5MfGEyHSdrkfhzjsND7Tpump.json
2t7kgB1UMdtqTh1XuU5dJeo8L5PJsQEtVrBDoAhnpump,2026-05-12T17:13:36Z,True,HvRgeCZcSvUe4woMfD2o2oAeLLF2ErocA7M8rHxDbPVw,,,https://x.com/ifindcooks/status/2054248639975878964,,783c911,Shilin/artifacts/external_validation/raw_coin_metadata/2t7kgB1UMdtqTh1XuU5dJeo8L5PJsQEtVrBDoAhnpump.json
2uraYJiVA8zQAdSLNivGNSuiqUaFwhcj31LzxR49pump,2026-05-12T07:27:02Z,True,4YrkSnEZDi9n4SmnThBMGvPCUAkcTrmpv9YSokiiS7dz,,,,,783c911,Shilin/artifacts/external_validation/raw_coin_metadata/2uraYJiVA8zQAdSLNivGNSuiqUaFwhcj31LzxR49pump.json
2ypmcEy6BBMdiKaxUq28EgP59jJYYskeWse7EGLvpump,2026-05-23T17:44:36Z,True,DHvvrHACspArt3uC1rFw6FUgPKBwW2De8DGynbJjStj,,,https://x.com/i/communities/2032485481397514695,https://x.com/randommedla/status/2057581284935766448,783c911,Shilin/artifacts/external_validation/raw_coin_metadata/2ypmcEy6BBMdiKaxUq28EgP59jJYYskeWse7EGLvpump.json
2z6rXjta5RstwB4EYH5TarChHidBSBoEhc7iL4Z1pump,2026-06-05T13:35:37Z,True,7mMo6TQGFxHVtXNcmDr3taXf3shdcHZfzK5tBLXiYwVK,,,https://x.com/quantisthememe/status/2062887904225939576,https://www.tiktok.com/search?q=Fu%20Bao%20,783c911,Shilin/artifacts/external_validation/raw_coin_metadata/2z6rXjta5RstwB4EYH5TarChHidBSBoEhc7iL4Z1pump.json
2z9E4rpkQMJ5BwbdWXG7rk5c6CiYVop37yQWaV4cpump,2026-06-05T22:04:34Z,True,7bAXeFWtctTbnmpX7NAoFH1seE3bqRbyboczopuU1y4A,https://t.me/murkaisol,murkaisol,https://x.com/murkaisol,https://murkaisol.com,783c911,Shilin/artifacts/external_validation/raw_coin_metadata/2z9E4rpkQMJ5BwbdWXG7rk5c6CiYVop37yQWaV4cpump.json
2zBGa4iNmcGhLMti6JM3Bjg4es4E2u5AjJx3zu3wpump,2026-05-14T04:16:39Z,True,EDNJALJpaW6FF7Q3PDT7GBDEMNzGKHp99NeXP2XynLci,,,,https://bloboo.fun/,783c911,Shilin/artifacts/external_validation/raw_coin_metadata/2zBGa4iNmcGhLMti6JM3Bjg4es4E2u5AjJx3zu3wpump.json
313XrGaDBSE1FXt4db2itN5oe7nsQnjCgnU2K2Ntpump,2026-05-23T18:23:16Z,True,6bdRMWzbp43jaF826QM4FHHkeMx9DBBvHCDjWjkmnBxY,https://t.me/trillionaire_group,trillionaire_group,https://x.com/TheRichestManX,https://trillionairesol.xyz/,783c911,Shilin/artifacts/external_validation/raw_coin_metadata/313XrGaDBSE1FXt4db2itN5oe7nsQnjCgnU2K2Ntpump.json
31MoLLsGeunRZxoMPQh2seym84DVGFsxDCNWjSH9pump,2026-06-03T13:29:34Z,True,CMdf28TSPmduvKq7bdLmntAUHH1g93CAX2WMbnKBUjoQ,https://t.me/barrelbanksol,barrelbanksol,https://x.com/BankofBarrel,https://www.barrelbank.site/,783c911,Shilin/artifacts/external_validation/raw_coin_metadata/31MoLLsGeunRZxoMPQh2seym84DVGFsxDCNWjSH9pump.json
31eo8y4rLj1AsYXjofkANu9hjavCDUiqLxuV6oxgpump,2026-05-09T11:35:39Z,True,6CdyLyox6uUtvNP4ahHjsff9a8w7nZPWe5Zb7ddaPYZB,,,https://x.com/PurpSAL/status/2053076119918637456?s=20,,783c911,Shilin/artifacts/external_validation/raw_coin_metadata/31eo8y4rLj1AsYXjofkANu9hjavCDUiqLxuV6oxgpump.json
327VtxnHiSTDuugjGFvPs1MChHWbVKhEmh5kFYyVpump,2026-05-14T21:40:39Z,True,9M2Y8sYP6oUZtgftMr8RGojThAQHrBNKdPtMzQBgCtPo,,,https://x.com/Okayguycomic,,783c911,Shilin/artifacts/external_validation/raw_coin_metadata/327VtxnHiSTDuugjGFvPs1MChHWbVKhEmh5kFYyVpump.json
32EimVw7R2ZqYQ2afWAzskLhcUyoDuHzGDLqQuZrpump,2026-06-03T17:36:34Z,True,FgK4Hs9W15TQJ7Y7BAE2cDrWovdN9XSmEr5FT2i23zMD,,,https://x.com/seanseaevans/status/2062226826190065926,,783c911,Shilin/artifacts/external_validation/raw_coin_metadata/32EimVw7R2ZqYQ2afWAzskLhcUyoDuHzGDLqQuZrpump.json
32ogU8e9f3nvbpCXJT8voAvQQEnfVKDQ1hfbgS1bpump,2026-06-09T08:40:26Z,True,ATjuXAN6JDyW8B3bPE1v3piJHeCm5d3UMEibr3mk4dW2,,,,,783c911,Shilin/artifacts/external_validation/raw_coin_metadata/32ogU8e9f3nvbpCXJT8voAvQQEnfVKDQ1hfbgS1bpump.json
32riCpgCsEhjbFb1sJtQgKWks2xszL2LyAmgJKGLpump,2026-05-29T19:47:09Z,True,BxZUPQvnyLGwC4c1cT8x71nHu7tzHQSZEcQfZjyAqYQu,,,https://x.com/Luki12345uU/status/2060446732463595602,https://www.reddit.com/r/TrumpsTrades/,783c911,Shilin/artifacts/external_validation/raw_coin_metadata/32riCpgCsEhjbFb1sJtQgKWks2xszL2LyAmgJKGLpump.json
3335ZQb9UQ6kE5oAzkhmwa7YHgZzyGxMx1LueoHipump,2026-05-26T06:33:45Z,True,3ASMYtMrQKpF8ivQCxS61LtRxHEae3PUCn6Tg2B5u2mG,,,,https://www.thefind.fun/,783c911,Shilin/artifacts/external_validation/raw_coin_metadata/3335ZQb9UQ6kE5oAzkhmwa7YHgZzyGxMx1LueoHipump.json
33JuotxpRgEF7UopqAenXFBVAWseSQgFBC5TJLaqpump,2026-06-09T04:25:13Z,True,B5accYQiBw3xpbTstw4exBZbuUSdyyBYnKwEsTqzBxDj,,,,https://thebeard.lol/,783c911,Shilin/artifacts/external_validation/raw_coin_metadata/33JuotxpRgEF7UopqAenXFBVAWseSQgFBC5TJLaqpump.json
34SGDg84mKgdkwimeVmHk3yLfcq4LjwodJgAduykpump,2026-05-30T03:10:26Z,True,4DbyC2J2u5S1BdZ4zNACD7TXhrbz35evpd4mDFeyNQGv,,,,https://hellokero.fun/,783c911,Shilin/artifacts/external_validation/raw_coin_metadata/34SGDg84mKgdkwimeVmHk3yLfcq4LjwodJgAduykpump.json
35v5d5NSnu9eynU4atXAf1G2cmRWps1G4ZmXmwYGpump,2026-05-09T12:36:43Z,True,6WNSazjDHjzRcMxXdeQ39D2CyYZTqD2sqLJhMHFxzc9k,https://t.me/graphisol,graphisol,https://x.com/graphionsol,https://graphionsol.com/,783c911,Shilin/artifacts/external_validation/raw_coin_metadata/35v5d5NSnu9eynU4atXAf1G2cmRWps1G4ZmXmwYGpump.json
36Lp44BuThBGmszTPFHJ8wUN1sphKhtxhBrsLfRhpump,2026-05-15T20:07:32Z,True,3iiVNMkeZ1pfBZL2SvNSo1UStjKwWQ9eaSVa5pnsjVPG,,,https://x.com/truth_terminal/status/2055379395670388741,,783c911,Shilin/artifacts/external_validation/raw_coin_metadata/36Lp44BuThBGmszTPFHJ8wUN1sphKhtxhBrsLfRhpump.json
36ZrtQoab5MhhySaP1YSTwUahSk6GRVUTtZ6cuVfm9e1,2026-05-26T11:59:46Z,True,DRaDjBfCtCCD2Kb1rzMtom3oDiGnwTu9LBgA7WA4LEzx,https://t.me/+YulIZhqjDrw3NDcx,YulIZhqjDrw3NDcx,https://x.com/TheCookieChain,https://cookiechain.wtf,783c911,Shilin/artifacts/external_validation/raw_coin_metadata/36ZrtQoab5MhhySaP1YSTwUahSk6GRVUTtZ6cuVfm9e1.json
36iAP3gwsu2oVNR3wpU8KCh79LXK7XNzv4wigystpump,2026-05-31T11:23:24Z,True,FGaqdJomst2VHdDtVEAeVMJSLdfmPN2qB9B7YV4uR3hY,https://t.me/GayfunOnSol,GayfunOnSol,https://x.com/i/communities/2027076670889533775,https://www.gayfun.life/,783c911,Shilin/artifacts/external_validation/raw_coin_metadata/36iAP3gwsu2oVNR3wpU8KCh79LXK7XNzv4wigystpump.json
36n6TW9n2ecPB5DojSonC2uWsT2iqCmqzMH2z68Qpump,2026-05-11T09:00:20Z,True,DeyGpR8gAqABgxJXm6TUDLwKKCen8EbXBFQdxFTjetQn,,,https://x.com/GoblinWojak,https://goblinwojak.xyz,783c911,Shilin/artifacts/external_validation/raw_coin_metadata/36n6TW9n2ecPB5DojSonC2uWsT2iqCmqzMH2z68Qpump.json
38UJ1ruQ6ZpVo24z2KmuX4wyaNZLxuDDymk5eyxNpump,2026-05-27T16:11:43Z,True,APWWY6Z6sFBgZr43N8ZMqhR1HYZX1T2LayQhFfrEgrcc,,,https://x.com/Sizeyon/status/2059668845908893826,https://www.instagram.com/slightlyoff.balance/reels/,783c911,Shilin/artifacts/external_validation/raw_coin_metadata/38UJ1ruQ6ZpVo24z2KmuX4wyaNZLxuDDymk5eyxNpump.json
38VYL43cJRSJLjrPQPQy3Q5uaCNQmTLDUuuxEkk5pump,2026-05-27T06:20:40Z,True,6P2xpCBx2gBsjPQ4eVX5PanpUNnL3shMPpSn4qxQC8Rj,,,,https://www.counterstonk.fun/,783c911,Shilin/artifacts/external_validation/raw_coin_metadata/38VYL43cJRSJLjrPQPQy3Q5uaCNQmTLDUuuxEkk5pump.json
38gUnuxPq9uhCDQyCcpXyTKxRMU73hCLjtFnw85Hpump,2026-05-31T20:06:02Z,True,J9Kikb2CtmkUiR8jR9NaTxLLBymhi4sUjUXmih24G9xu,,,https://x.com/PumpFun711/status/2061177353812774975,,783c911,Shilin/artifacts/external_validation/raw_coin_metadata/38gUnuxPq9uhCDQyCcpXyTKxRMU73hCLjtFnw85Hpump.json
38xs3zjJysetSrENeh32HZ7xrXuL2dwt7LdUJQwZpump,2026-05-24T02:59:47Z,True,Du5bvN8H651Wigb6HTw9of7RMsvjFrzp9qumBSBBZeY2,,,,https://justcomma.xyz/,783c911,Shilin/artifacts/external_validation/raw_coin_metadata/38xs3zjJysetSrENeh32HZ7xrXuL2dwt7LdUJQwZpump.json
39XKURcHkc6VE43RUtJqhuS6WVBWpySteZQj6iUDpump,2026-05-28T06:17:47Z,True,54kZNHdqJaxcgHaGxf8tqQbLWjRSbunSyvo8A5PAbzZ4,,,,,783c911,Shilin/artifacts/external_validation/raw_coin_metadata/39XKURcHkc6VE43RUtJqhuS6WVBWpySteZQj6iUDpump.json
39tS7cZvVQS9aqfzqMHzmnDmf6Eqs2fwTsHq2MUnpump,2026-06-06T01:34:41Z,True,F9GXUZRsg81g9udZAzgJdy9qSGzMsW5n2zs1RNju85hv,https://t.me/convaisol,convaisol,https://x.com/ConvaiSOL,https://convai.space/,783c911,Shilin/artifacts/external_validation/raw_coin_metadata/39tS7cZvVQS9aqfzqMHzmnDmf6Eqs2fwTsHq2MUnpump.json
3APSCdmiSqbtXDgs8VErj9SbXsPVAWYxRCxYWxrYpump,2026-05-28T09:06:55Z,True,GKT9Hbnhn2jkptNggeXwR48QxWZfVUT5vw5NfzFe93ST,,,,https://clubweb2.cappatrol.com/,783c911,Shilin/artifacts/external_validation/raw_coin_metadata/3APSCdmiSqbtXDgs8VErj9SbXsPVAWYxRCxYWxrYpump.json
3AXrzEc4PG44Xqyi5ZD9r51D8XUpM9wSgFvSYF8ppump,2026-05-24T19:41:04Z,True,DGdtXY8iADfW6wrirYkdqNBBpMSWbgVKDfb3GvF2nBAA,,,,,783c911,Shilin/artifacts/external_validation/raw_coin_metadata/3AXrzEc4PG44Xqyi5ZD9r51D8XUpM9wSgFvSYF8ppump.json
3BSoYDZsPupZ15iBzJbJJjZKLiyWEqLxexJX84rBpump,2026-06-02T02:32:32Z,True,EsUkGLmH4VSMXdDJHLsXKj3TJrNza92mqBY6osCeSzgJ,,,,,783c911,Shilin/artifacts/external_validation/raw_coin_metadata/3BSoYDZsPupZ15iBzJbJJjZKLiyWEqLxexJX84rBpump.json
3BmfmP7UY6LxoW7ibkDCXhzkzkARpCgr3Sk6KHc9pump,2026-05-29T11:30:33Z,True,EpGTN6zai72NUG4fA2JUFaGsfnoyoPK5rca6ouKp2i5N,,,https://x.com/TofuLingDog,https://tofuling.dog,783c911,Shilin/artifacts/external_validation/raw_coin_metadata/3BmfmP7UY6LxoW7ibkDCXhzkzkARpCgr3Sk6KHc9pump.json
3BnS8aNjdQgQQuMHLdgJmt8tdWEDZC8fmyxGRMXFpump,2026-05-16T15:22:39Z,True,8m6Te7srvQvjBLKt2x4UUyFdQwaaiHPR1BWjjLq5i6sx,,,https://x.com/Happy_Elephantx/status/2055670222326059118,https://page-328-congress-gov.com/congressional-record/volume-172/issue-83/house-section/article/H3547-1?hl=memecoin&s=3&r=1#:~:text=cryptocrats%20are%20little%20dogs%20who%20fight%20over%20the%20smallest%20scraps.%20They,783c911,Shilin/artifacts/external_validation/raw_coin_metadata/3BnS8aNjdQgQQuMHLdgJmt8tdWEDZC8fmyxGRMXFpump.json
3BxwfxWran1etnnKdbJfaFXBTaHVYdVc4vDS43kupump,2026-05-23T20:38:57Z,True,6wgcY8F5ewru2gc5Tz2o8hMqzfRdsSsSR4hovd9NMapt,,,https://x.com/socialistadri/status/2058282838282174641?s=20,,783c911,Shilin/artifacts/external_validation/raw_coin_metadata/3BxwfxWran1etnnKdbJfaFXBTaHVYdVc4vDS43kupump.json
3CRWNopYfRDqb6zEaGVnNfnffihNtjviLMB5i3Kppump,2026-05-12T10:22:14Z,True,84nqVinB8Z3G9QbPqaVT9w8siKTZxyLeNeLCkiD6NVz3,,,https://x.com/Narra_Creator/status/2054145097894154668,https://www.nhregister.com/news/article/greenwich-yankee-doodle-doggie-america-250-22242514.php,783c911,Shilin/artifacts/external_validation/raw_coin_metadata/3CRWNopYfRDqb6zEaGVnNfnffihNtjviLMB5i3Kppump.json
3Cj1XSskaWrKMo2xN4ucnUi94JFZXTSePGAv4sZApump,2026-06-01T12:36:31Z,True,qfMe2F4mxSFAjCc4DbHt7W8RG2asN9jkb7LaYquKJx4,,,https://x.com/Sellategy,,783c911,Shilin/artifacts/external_validation/raw_coin_metadata/3Cj1XSskaWrKMo2xN4ucnUi94JFZXTSePGAv4sZApump.json
3D1sE2PdjU2Up4oAf54jKv9ULzyQYspRyhEb61ubpump,2026-05-13T19:16:34Z,True,4BwKproLNYM7DBzAG5xJZuM8xRHaw7acrAS4BWxCEpdf,,,https://x.com/DarthMiaul/status/2054641951480205372,https://github.com/SeokwonJung-Jay/MEME-public,783c911,Shilin/artifacts/external_validation/raw_coin_metadata/3D1sE2PdjU2Up4oAf54jKv9ULzyQYspRyhEb61ubpump.json
3DSkNGycDUegYHQo5cNd41SRYfkciZvQEwUemRpipump,2026-05-13T19:30:47Z,True,8qT89GgPL6o17jgtDYo8LKovordJxg1wnDMyqLbDhxEq,,,,https://kick.com/mizkif,783c911,Shilin/artifacts/external_validation/raw_coin_metadata/3DSkNGycDUegYHQo5cNd41SRYfkciZvQEwUemRpipump.json
3Erp8bKZ59PgXEeDYKJaCVSkHcJiBxL7ntkMKF7cpump,2026-05-26T02:56:49Z,True,EH1GjcxyiXiMn5Q3wSheF7BhPnxpUDvrVSs9EQDAqJ5X,,,,https://blue-sky.lol/,783c911,Shilin/artifacts/external_validation/raw_coin_metadata/3Erp8bKZ59PgXEeDYKJaCVSkHcJiBxL7ntkMKF7cpump.json
3FDvp4d7RVqU1Ng6DQXBpVnyG844CeJYx8WW5PBHpump,2026-06-07T02:28:29Z,True,77tvWRRKv5i2PzRQcvj6pXmTFHWzTbj2k1Dimrdzrpc3,,,,https://yetzy.fun/,783c911,Shilin/artifacts/external_validation/raw_coin_metadata/3FDvp4d7RVqU1Ng6DQXBpVnyG844CeJYx8WW5PBHpump.json
3G2Ka3uAbxhYcXo1EmSK4H667jhPwJ3HSJya5xhhpump,2026-05-15T09:35:38Z,True,2qntTSW2M4jYyxHDCgpjHeUgG3Q7JXgM19vct2kebEMm,https://t.me/usameme250,usameme250,,,783c911,Shilin/artifacts/external_validation/raw_coin_metadata/3G2Ka3uAbxhYcXo1EmSK4H667jhPwJ3HSJya5xhhpump.json
3GFJDwLeTyMgHVSAZ5MnNo1uwWi6919Jxkfhm3ggpump,2026-05-27T20:23:38Z,True,ChwHDW87uMAydyzL3LL6uzB9rF8ve9gHzpGTCxJ9pjXL,,,https://x.com/cutest_animal1/status/2058211759270617578?s=20,,783c911,Shilin/artifacts/external_validation/raw_coin_metadata/3GFJDwLeTyMgHVSAZ5MnNo1uwWi6919Jxkfhm3ggpump.json
3Gy7Vsef8YrasELKCiknZfuQCMcJnEXb1PrSjizFpump,2026-06-05T20:30:27Z,True,DqYDcMzHvVfyWCyJoZk5xqGB2MLCjnNQtm8CcGtRuqvC,,,,,783c911,Shilin/artifacts/external_validation/raw_coin_metadata/3Gy7Vsef8YrasELKCiknZfuQCMcJnEXb1PrSjizFpump.json
3H8HkfN4oFrwCJEPaE6SHGtc1krtb12xwKpRtuj2pump,2026-06-03T14:34:56Z,True,i66gX3o8MetfAdvgf33AzU6yvCTXYSzxr4stvBC22h1,https://t.me/goldengoalsol,goldengoalsol,https://x.com/goldengoalsol,https://www.goldengoalsol.com/,783c911,Shilin/artifacts/external_validation/raw_coin_metadata/3H8HkfN4oFrwCJEPaE6SHGtc1krtb12xwKpRtuj2pump.json
3H8Niuv5meRej1cvZywKdpKcJ66v5onr8R6sQF9Tpump,2026-05-30T03:05:26Z,True,3tm82ohf87DtX54Pc5wrM9yodLBYFgb66witJmeC3res,,,,https://hellokero.fun/,783c911,Shilin/artifacts/external_validation/raw_coin_metadata/3H8Niuv5meRej1cvZywKdpKcJ66v5onr8R6sQF9Tpump.json
3HUTaKAiUDJEfpxU2tE6jiNXuh4LpgYDMPykbZyZpump,2026-05-19T20:54:39Z,True,DK2iJ3dH9GX2SwqoVXdGvQgWa9AhshmvFs1cZ9t5vdrQ,,,,,783c911,Shilin/artifacts/external_validation/raw_coin_metadata/3HUTaKAiUDJEfpxU2tE6jiNXuh4LpgYDMPykbZyZpump.json
3HgcrWQBmjGiMJcu47wQtF5pyTSr6q9LLkwHknKEpump,2026-05-24T14:25:00Z,True,AnJUSkHdDRyGjrPJyD8toqxxDazRxNKNuxTogKXXCmt5,https://t.me/CowboyJim_sol,CowboyJim_sol,https://x.com/CowboyJimTop,https://cowboyjim.top,783c911,Shilin/artifacts/external_validation/raw_coin_metadata/3HgcrWQBmjGiMJcu47wQtF5pyTSr6q9LLkwHknKEpump.json
3J5Bac3uJ94fdsc5ER8TLzPxJffCYWVjnmzNeRG9pump,2026-05-27T21:50:43Z,True,71ReAr2x3sZuF6jhBRvwZ9T83CQVdWW77Jod4zqgi3zb,https://t.me/ToDaMarsCoin,ToDaMarsCoin,https://x.com/theasteroidguy,,783c911,Shilin/artifacts/external_validation/raw_coin_metadata/3J5Bac3uJ94fdsc5ER8TLzPxJffCYWVjnmzNeRG9pump.json
3J87uiVnxuVhg5Air2KLKPEJbc93ppNq6cnAFzqBpump,2026-05-30T06:27:51Z,True,E9nH3yiqhd97DiEtwRTNkUWk8vb3zRELaf9TxP7GdFZo,,,https://x.com/cooldevisback/status/2060609052141334811?s=20,https://airdropair.fun/,783c911,Shilin/artifacts/external_validation/raw_coin_metadata/3J87uiVnxuVhg5Air2KLKPEJbc93ppNq6cnAFzqBpump.json
3JAFzFGrrXa7A4DfmeAkLfYYX75fCnrMuxFJGSCmpump,2026-05-25T19:11:07Z,True,EbSA7KKUks4U2SJcjzQk7pALDELCsJFtHNYUmyi6CWky,https://t.me/unstablewccoin,unstablewccoin,https://x.com/UnstableWCCoin,https://uswc.online/,783c911,Shilin/artifacts/external_validation/raw_coin_metadata/3JAFzFGrrXa7A4DfmeAkLfYYX75fCnrMuxFJGSCmpump.json
3JmKSq3cZACrgFtsEUQAQtsFH7Kt63fi7HjKD6P7pump,2026-06-01T19:32:04Z,True,44FpuJUpcq6t2MtmiEcMga5av9tC5BpXeW9XfjVQe44A,,,https://x.com/cooldevisback/status/2061531208610455696?s=20,https://airwifdrop.fun/,783c911,Shilin/artifacts/external_validation/raw_coin_metadata/3JmKSq3cZACrgFtsEUQAQtsFH7Kt63fi7HjKD6P7pump.json
3KbmUzSJm5vE1tosDMHq9Ehut2RAWmNgngZUfG5DGCdJ,2026-05-22T06:38:47Z,True,5SgGuLBEspRy15rAWdYkrMrdY8uGoi8DcY2ucPYTiMR5,,,https://twitter.com/elonmusk/status/2057712748830597536,,783c911,Shilin/artifacts/external_validation/raw_coin_metadata/3KbmUzSJm5vE1tosDMHq9Ehut2RAWmNgngZUfG5DGCdJ.json
3Ko5Ys21nsZYfhPh12qVvzauSK8PWewn9TVhLjkGpump,2026-06-08T03:56:23Z,True,5Zbu6iEiKu4R2jqZgvjUCojmRS8kPcoHWrrPt4YSPtDw,,,,,783c911,Shilin/artifacts/external_validation/raw_coin_metadata/3Ko5Ys21nsZYfhPh12qVvzauSK8PWewn9TVhLjkGpump.json
3M1YH1CmeH5QwVV4o7tASWSQKbnTYHzUziwpNgWupump,2026-05-12T13:28:02Z,True,68rd22XVUEiXWzjW8fDxdWKBxzzVU172KE5UfeJd9ppj,https://t.me/redtrollge,redtrollge,https://x.com/RedTrollge,https://redtrollge.fun/,783c911,Shilin/artifacts/external_validation/raw_coin_metadata/3M1YH1CmeH5QwVV4o7tASWSQKbnTYHzUziwpNgWupump.json
3NjX5bGmwtooi6zJPsMWNCzNuD9jEP9GAgL1NFMppump,2026-05-24T00:58:52Z,True,DYnXjuhejHuXTDHPWT5r8H1KtriCHXWbFcWp1bsGNHFN,,,https://x.com/scopereport_/status/2058349738408251598?s=46,,783c911,Shilin/artifacts/external_validation/raw_coin_metadata/3NjX5bGmwtooi6zJPsMWNCzNuD9jEP9GAgL1NFMppump.json
3Rfggtzk69k14bMa1PSieaVnsvYjUQ2JsDehG9wjpump,2026-06-06T23:30:41Z,True,DgFVdxSP13TAy5VpCoWynQXSo1WpCwMNNyoNpMXU3uXc,,,https://x.com/zusdagoat/status/2063403040535720378,https://x.com/ar11adne/status/2063046700567240747,783c911,Shilin/artifacts/external_validation/raw_coin_metadata/3Rfggtzk69k14bMa1PSieaVnsvYjUQ2JsDehG9wjpump.json
3RwxgqNuDPHecmwSTFZwN3JuRTKjjNTpRrgrU6Fmpump,2026-05-26T15:27:22Z,True,7GtVdXRfANUpjMFFQiNTkJ97S83B5zH2hqSqPKQ8ZFRV,,,https://x.com/claudeai/status/2059292334714466595,,783c911,Shilin/artifacts/external_validation/raw_coin_metadata/3RwxgqNuDPHecmwSTFZwN3JuRTKjjNTpRrgrU6Fmpump.json
3Shub4xfkb1ezmtVhjnxVpwYVNGkE2p7LBoUER3ipump,2026-06-09T21:55:12Z,True,6LqzWvwCvAcfYN3ejJgQzeVeWhd5N99LhqJJV87GPbAK,,,x.com/fiatphobia,https://bountymoney.wtf,783c911,Shilin/artifacts/external_validation/raw_coin_metadata/3Shub4xfkb1ezmtVhjnxVpwYVNGkE2p7LBoUER3ipump.json
3T7L9WbowomiYGUZujHPcJQsrQnoXQT2ekVM45UCpump,2026-06-09T21:58:04Z,True,8zFoo4eaJkGt5jrsJQhHaGsZRA9ZnA1VvhosrRzahVvc,https://t.me/slantix_coin,slantix_coin,https://x.com/slantix_coin,https://slantix.com/,783c911,Shilin/artifacts/external_validation/raw_coin_metadata/3T7L9WbowomiYGUZujHPcJQsrQnoXQT2ekVM45UCpump.json
3U7xDtyG9qp4LFQNVrBYXh4miwmkBsSG14WhiF2Hpump,2026-05-20T20:17:11Z,True,EwWZfZuxp652B6Qgbb8VmZp4BXgL5h9Ldup5nWN1EWAm,,,,,783c911,Shilin/artifacts/external_validation/raw_coin_metadata/3U7xDtyG9qp4LFQNVrBYXh4miwmkBsSG14WhiF2Hpump.json
3V4SPhMqNeyBtqAX7gngcJGWzz6u1qF9Le1N3iPxpump,2026-05-24T03:55:41Z,True,3DDQP7WAgmJAu94f9EqNijDAd7DaT6oLeyNrBH7JxUd2,,,,https://justcomma.xyz/,783c911,Shilin/artifacts/external_validation/raw_coin_metadata/3V4SPhMqNeyBtqAX7gngcJGWzz6u1qF9Le1N3iPxpump.json
3VP5fXcWt9LruXU6uwinD7CExkvjwHU5YSvwa5Bbpump,2026-06-10T06:00:37Z,True,26R192uVoUNfyPi7rxKtnKjDXrzZnyRvfeciLTnpe1de,,,https://x.com/Trumpilians,https://trumpilians.fun,783c911,Shilin/artifacts/external_validation/raw_coin_metadata/3VP5fXcWt9LruXU6uwinD7CExkvjwHU5YSvwa5Bbpump.json
3WJRdbp29xhPM5GFL35iZi23c7Y3sZBMzYmpQe2Zpump,2026-06-03T22:28:48Z,True,3EUUwdSpEXap46NB6n5Mmt3U8XM8vW8HPCLtJDoGzw33,,,,,783c911,Shilin/artifacts/external_validation/raw_coin_metadata/3WJRdbp29xhPM5GFL35iZi23c7Y3sZBMzYmpQe2Zpump.json
3YhqLVGgZnC3uxpvHyk4ZFtza5BbMAv5VjSCLZNnpump,2026-05-18T14:02:16Z,True,FfjmWRBTEPtyLeK4r3xmpEP2bBTTNjqnvWnkrXPii4nE,https://t.me/SunnySOLANA,SunnySOLANA,https://x.com/sunnybucksol,https://sunnyduck.fun/,783c911,Shilin/artifacts/external_validation/raw_coin_metadata/3YhqLVGgZnC3uxpvHyk4ZFtza5BbMAv5VjSCLZNnpump.json
3Ynn9jvzEhuRtbt8oaHdRDmuHyJK8A1rzX6FgMZipump,2026-06-05T10:40:17Z,True,APZqL1hDk2HXTsDWa97GTJAFHjizA9CbWtNQZ2A1gvwp,https://t.me/plop_sol,plop_sol,https://x.com/PLOP_SOLANA,https://plopsol.top/,783c911,Shilin/artifacts/external_validation/raw_coin_metadata/3Ynn9jvzEhuRtbt8oaHdRDmuHyJK8A1rzX6FgMZipump.json
3Zi5hSj5tHUt5MkgmwkL2JXET1sz97YU3XJU3a82pump,2026-05-12T22:10:19Z,True,CGJ1Guu4T1sE8Qt8qvkyGxQb1uQzTRHtiPk5uFzZn4Ys,https://t.me/VIRIONSOl,VIRIONSOl,https://x.com/virion_sol,https://virion-sol.com/,783c911,Shilin/artifacts/external_validation/raw_coin_metadata/3Zi5hSj5tHUt5MkgmwkL2JXET1sz97YU3XJU3a82pump.json
3ZkxzxrPCnvtGVpPmC4bFbTCRctmXpcy84UEsEVWpump,2026-05-24T00:35:44Z,True,FVyS2sc2bHm8LaAYxbwJNJrYZFaXCDtLb59KC9XHeU8b,,,https://twitter.com/elonmusk/status/2058346167629422819,,783c911,Shilin/artifacts/external_validation/raw_coin_metadata/3ZkxzxrPCnvtGVpPmC4bFbTCRctmXpcy84UEsEVWpump.json
3ZxHuSkRFmX6iTU7mBNQ54KFXiN82WmwNqZi9dzvpump,2026-05-22T06:18:11Z,True,FfPTvEAfw3LYnKWgGdhnpgzx9ia9uDQdMBZWByKn2Cec,https://t.me/FLAMU_SOL,FLAMU_SOL,https://x.com/flamusol,https://flamu.fun/,783c911,Shilin/artifacts/external_validation/raw_coin_metadata/3ZxHuSkRFmX6iTU7mBNQ54KFXiN82WmwNqZi9dzvpump.json
3amA3FpLZ3yuCBqBQex2UCJ78bGZFyBuwTn9aQPhpump,2026-05-30T18:26:29Z,True,F9PJ8hePpzZWvVUsDtyYM9SGHfNGDvTLTRyi4JW3ev19,https://t.me/GullMeme,GullMeme,https://x.com/gull_dev,https://gull.skin/,783c911,Shilin/artifacts/external_validation/raw_coin_metadata/3amA3FpLZ3yuCBqBQex2UCJ78bGZFyBuwTn9aQPhpump.json
3bhkLW2mMTpx8US9A7woP4A8MC5wGyju4eDQHt9vpump,2026-05-17T21:45:14Z,True,Gxw3qw1fXcaPPnfRYXJ9AQWc1em9D94PwmYtZmWhpCf3,https://t.me/pumperssquad,pumperssquad,https://x.com/realdogwifxrp,https://www.dogwifxrp.com/,783c911,Shilin/artifacts/external_validation/raw_coin_metadata/3bhkLW2mMTpx8US9A7woP4A8MC5wGyju4eDQHt9vpump.json
3bpQRyZ7wBEz2UKpfq1kEYYaZzLuPuvqH7mT9UTApump,2026-05-31T06:28:37Z,True,4v2xHaSN4tVqC5PWxkGGQ6oMS733yg7XKq4bfjjAoTwc,https://t.me/GUTR_SOL,GUTR_SOL,https://x.com/GutterRooster,https://gutterrooster.skin/,783c911,Shilin/artifacts/external_validation/raw_coin_metadata/3bpQRyZ7wBEz2UKpfq1kEYYaZzLuPuvqH7mT9UTApump.json
3cRFj7p11xT7t17Biu56biDRdjzDdryBtCNaV9Lmpump,2026-05-17T14:53:04Z,True,3ZRXqzmqoBRspZ5CWREoTLpR4D9ekDeoyWsBZM6hZErt,https://t.me/Tummy_sol,Tummy_sol,https://x.com/Tummy_On_Sol,https://tummysol.one/,783c911,Shilin/artifacts/external_validation/raw_coin_metadata/3cRFj7p11xT7t17Biu56biDRdjzDdryBtCNaV9Lmpump.json
3gnFJBteKgcbwwPuC6hUnwNUKwVeEHgFie4kx6xipump,2026-05-15T04:18:06Z,True,FQ8jq7T6hwxRFdKYJuDRT84zYrNpAq9wwJvgqtQHvXBK,,,,,783c911,Shilin/artifacts/external_validation/raw_coin_metadata/3gnFJBteKgcbwwPuC6hUnwNUKwVeEHgFie4kx6xipump.json
3iSZyDxiQFWsPC4AvX9tqGrbbsd7qr6eUsH8tP9hpump,2026-05-28T13:07:27Z,True,9TABMmveFJ2YeCwK5Zxg9AgB1Xga6WnU5cQEhYWUXgw1,,,https://x.com/ZachWorldCup,,783c911,Shilin/artifacts/external_validation/raw_coin_metadata/3iSZyDxiQFWsPC4AvX9tqGrbbsd7qr6eUsH8tP9hpump.json
3jJxPhDShzHjWj6Y4PhGUHWhKfyhA3hAdxdUUxUhpump,2026-05-19T05:19:42Z,True,H5YmxAd5x9VqA4PAiApGo4q1zpKT5QYJt93Eyijamnco,,,https://x.com/SmokezXBT/status/2056605507255673104?s=20,,783c911,Shilin/artifacts/external_validation/raw_coin_metadata/3jJxPhDShzHjWj6Y4PhGUHWhKfyhA3hAdxdUUxUhpump.json
3jW3nPbR12uqNJxyEg7Kua7gzaeHGfX4uvip1UULYM2m,2026-05-28T22:06:03Z,True,G8qHDN8SnSwWqovPwebXJyUCtu1PUnvX7gWHfAc7pSWZ,,,,https://www.instagram.com/stories/donaldjtrumpjr/3907295528315638662/,783c911,Shilin/artifacts/external_validation/raw_coin_metadata/3jW3nPbR12uqNJxyEg7Kua7gzaeHGfX4uvip1UULYM2m.json
3kD4i9ET6NamFaqx2L4r9emUbZoHGpJujEamkMiipump,2026-05-19T20:27:04Z,True,DKT9doLTnYsPYig67wVDMLyhrxgpFyUDJoAqQUHBPNVQ,,,https://x.com/TheuselessdevQ/status/2056833936244744300?s=20,,783c911,Shilin/artifacts/external_validation/raw_coin_metadata/3kD4i9ET6NamFaqx2L4r9emUbZoHGpJujEamkMiipump.json
3mFpse4UWmT3mX5oEewgTzygwE5DfbTMAZ6UVvnEpump,2026-06-10T16:30:18Z,True,5EDdwkq942nMazA2agdADm5CrUMXVx2nrBA24kkYWBY9,,,https://x.com/Erik_Andersson1/status/2064746922875973924?s=20,,783c911,Shilin/artifacts/external_validation/raw_coin_metadata/3mFpse4UWmT3mX5oEewgTzygwE5DfbTMAZ6UVvnEpump.json
3nbDZu1WtDkNUDhGMMCnR9Nvw6Bh5Qtp5Ebn22i6pump,2026-05-21T10:27:12Z,True,GD1mXFhRfgMSdaEWVbhyxuUuDbrTUUdo88RJSVibLZXf,,,https://x.com/MESSI2NDWCSOL,,783c911,Shilin/artifacts/external_validation/raw_coin_metadata/3nbDZu1WtDkNUDhGMMCnR9Nvw6Bh5Qtp5Ebn22i6pump.json
3oDzEg1v1KLQeL3fWhCTFPssFMzaDqEnYdAY5HZrpump,2026-05-12T23:04:43Z,True,EFGiL1XFsaFcypy2gXQM2Zg4MQPYUa6qffKgZnTqnG4k,https://t.me/pnltoken,pnltoken,https://x.com/pensionusdt,,783c911,Shilin/artifacts/external_validation/raw_coin_metadata/3oDzEg1v1KLQeL3fWhCTFPssFMzaDqEnYdAY5HZrpump.json
3oGXmrGG3iq6eFPkyzJDQVjDPLCeAbQWK5YVTq3Dpump,2026-06-08T16:55:52Z,True,9wpR7hEuBsK7EmnVUgSEPVybcrjpgFAjpZPqLTRuwVUL,,,,,783c911,Shilin/artifacts/external_validation/raw_coin_metadata/3oGXmrGG3iq6eFPkyzJDQVjDPLCeAbQWK5YVTq3Dpump.json
3pJHTBFRcY8ZMXiWoWfBfiCHL7758gF83KqsJsK8pump,2026-06-02T03:05:59Z,True,Gk2R2D7fNaqZtjdrTk2r29vUQpdjgRsuWfyMNxoDq2Uv,,,https://x.com/Sorya_io/status/2061605787995398494?s=20,,783c911,Shilin/artifacts/external_validation/raw_coin_metadata/3pJHTBFRcY8ZMXiWoWfBfiCHL7758gF83KqsJsK8pump.json
3pXEYKtFdgZC7WbXqWZFnBXR6vPbb2ba89mRvNwjpump,2026-05-22T17:10:08Z,True,HdsjkjtWSRcfdxW7dD1WfuchomZ9PNYE1sWPPHJcHcAT,,,,,783c911,Shilin/artifacts/external_validation/raw_coin_metadata/3pXEYKtFdgZC7WbXqWZFnBXR6vPbb2ba89mRvNwjpump.json
3pYC53BDaF1fW5gzzKdDSCAoZrQftdbrEKH4BwQSpump,2026-06-05T17:02:08Z,True,5hRheib6frZqHsYe1c6apsVZnLvPy8TD7VJFjqdGorrH,,,https://x.com/leadlagreport/status/2062935270178062717,,783c911,Shilin/artifacts/external_validation/raw_coin_metadata/3pYC53BDaF1fW5gzzKdDSCAoZrQftdbrEKH4BwQSpump.json
3q1dHfNQPTmN87rCNYiVwPmxHNd3yM3cj2St3Pidpump,2026-05-29T14:49:55Z,True,FYZQzEaPqLQNQ1bFCxPtwEgr8xxSirvB1nh5asja73o8,https://t.me/Normie6769,Normie6769,https://x.com/normie6769,http://normie.my/,783c911,Shilin/artifacts/external_validation/raw_coin_metadata/3q1dHfNQPTmN87rCNYiVwPmxHNd3yM3cj2St3Pidpump.json
3qtZK2qZgNkUpdeekSb49ujnrVQYsFcZbEsPBENMpump,2026-05-22T05:59:39Z,True,HUoR5J9ZQsBj4FApe9BfR2KLZJ6sB2K68UR68JfEHMii,,,https://x.com/EstadioAzteca_,,783c911,Shilin/artifacts/external_validation/raw_coin_metadata/3qtZK2qZgNkUpdeekSb49ujnrVQYsFcZbEsPBENMpump.json
3rZcNpM2Viub5G7kyX6ssQzaBeGoy7KUk2pYqhcqYKpZ,2026-06-06T21:59:00Z,True,DbHhQJuwVQT9xxFhLwX2to642xyeEniSzsyXvnhrwhjL,,,https://x.com/HunterBiden/status/2063380121856135476,https://x.com/i/status/2063377138489917507,783c911,Shilin/artifacts/external_validation/raw_coin_metadata/3rZcNpM2Viub5G7kyX6ssQzaBeGoy7KUk2pYqhcqYKpZ.json
3sJ7k9ox7FCacriiAugoZJmRHPvvC2yB2Hw8GFWqpump,2026-05-28T18:50:55Z,True,5x5TVWp41kFUrCSycmx1kosTcurJwPQWS4vpoxK23VHv,,,https://x.com/cheesegamesol,,783c911,Shilin/artifacts/external_validation/raw_coin_metadata/3sJ7k9ox7FCacriiAugoZJmRHPvvC2yB2Hw8GFWqpump.json
3sQX7fCc5HX7E6iDndPiKjrxkZrmLQvP1P8aYxstpump,2026-06-06T02:37:25Z,True,5jxpu2doMx6nDjodAcj5chAH79P2CwDKd99E6VbHySrp,,,,,783c911,Shilin/artifacts/external_validation/raw_coin_metadata/3sQX7fCc5HX7E6iDndPiKjrxkZrmLQvP1P8aYxstpump.json
3srrmavQdnjkzwtVB14bAah2W9HbPifEP7iqSYwspump,2026-05-13T20:50:28Z,True,DBJXHG4CuGSrtH2xmh18SesKyxMoNrfMF2mMnZ3DX9LM,,,,,783c911,Shilin/artifacts/external_validation/raw_coin_metadata/3srrmavQdnjkzwtVB14bAah2W9HbPifEP7iqSYwspump.json
3tVz9uAzzhZ6JrEGCmEuLKX9TL9Hq5zgHXarboTfeQg4,2026-06-10T17:35:51Z,True,8DvLJnjBPyVnaLNHmHiYEVyhmDbqHiTDt3B688ynujHa,,,,,783c911,Shilin/artifacts/external_validation/raw_coin_metadata/3tVz9uAzzhZ6JrEGCmEuLKX9TL9Hq5zgHXarboTfeQg4.json
3vCYHrHjixH5bnmg8QhYNuD2sBxiPQbcnt8tW8cJpump,2026-06-08T20:23:04Z,True,DCgWmpZdsfs1GJupPetRk9FJChedw5qdoGtm38e3pdBv,https://t.me/primal_token,primal_token,https://x.com/primal_token,https://primaltoken.io/,783c911,Shilin/artifacts/external_validation/raw_coin_metadata/3vCYHrHjixH5bnmg8QhYNuD2sBxiPQbcnt8tW8cJpump.json
3wSFZXidLrrPBS3pRTjyUuKYFUNBQZjEmEU27Mdrpump,2026-05-31T10:45:46Z,True,AQJVzja7SU9Qe9qFrWaVA9Rch8jGEYLAoFhwUQL2JsCr,,,,,783c911,Shilin/artifacts/external_validation/raw_coin_metadata/3wSFZXidLrrPBS3pRTjyUuKYFUNBQZjEmEU27Mdrpump.json
3wzx83WoQkbBJZBjDspFLqMmFgyYZy51nMZQpAH3pump,2026-05-29T10:07:14Z,True,5rQQwAY52KmLf4YPATmWYftkFZEnpwRa9Ukb4uLT71q5,https://t.me/RILKsol,RILKsol,https://x.com/RILK_SOLANA,https://rilk.one/,783c911,Shilin/artifacts/external_validation/raw_coin_metadata/3wzx83WoQkbBJZBjDspFLqMmFgyYZy51nMZQpAH3pump.json
3xucE6rfRpYPzKSsTK7r8zysAso6vD5RMLiNTqugpump,2026-06-07T10:26:15Z,True,G2169ieyc16s1BVypbZYqgaZNNC5m6XTowFaUReKgf7Q,https://t.me/MICEdev1,MICEdev1,https://x.com/MICECHEESEEATER,https://www.micesol.one/,783c911,Shilin/artifacts/external_validation/raw_coin_metadata/3xucE6rfRpYPzKSsTK7r8zysAso6vD5RMLiNTqugpump.json
3xvad5VtouLTGyLxdqf22ax9ujpg3kaoozyZmaCPpump,2026-06-05T23:17:42Z,True,7r22iBvkEderFCH58UtnbjKwfoAv1CAXeKoxyuwcX5sw,,,https://x.com/i/communities/2034364423289344399,https://github.com/tylerLiCodes/Flyguard,783c911,Shilin/artifacts/external_validation/raw_coin_metadata/3xvad5VtouLTGyLxdqf22ax9ujpg3kaoozyZmaCPpump.json
3y4mZq8ebDxXSCffryGJgnTqQ9JCQeWA1kQR2aipWswm,2026-06-09T14:08:47Z,True,E7NXAK86ne7aTa795ejNuoQcbU4BHpetdy5G1mAuRztN,https://t.me/,,https://x.com/whatdatmean88,https://,783c911,Shilin/artifacts/external_validation/raw_coin_metadata/3y4mZq8ebDxXSCffryGJgnTqQ9JCQeWA1kQR2aipWswm.json
3yorNZp4qbCNeEf31FbievHWEzYrZCKiGAiFirHtpump,2026-05-28T16:23:39Z,True,BrH4a1khBjWEXL5zddyee4s32BLmm8cfaeZYgrCJbDr7,,,https://x.com/teslaownersSV/status/2060030948683776342,,783c911,Shilin/artifacts/external_validation/raw_coin_metadata/3yorNZp4qbCNeEf31FbievHWEzYrZCKiGAiFirHtpump.json
3zkkZiBd9VQKL3SSiHMCeZahDBft45DvB976XohBpump,2026-06-03T06:37:10Z,True,FwCfimsNYk5pQY3G5wE4cS8Y67Juh7o3oqHU3CyuNZou,,,,https://memebucks.lol/,783c911,Shilin/artifacts/external_validation/raw_coin_metadata/3zkkZiBd9VQKL3SSiHMCeZahDBft45DvB976XohBpump.json
42ThXy1nU42kUyNnmvigBVxysus4uqCFjPv7bN23pump,2026-05-11T03:33:35Z,True,CPgzdb3FG5nn56GfvHeuSkCVUqFrrwDq6MdbCTJijNPX,,,,https://puffwhisker.fun/,783c911,Shilin/artifacts/external_validation/raw_coin_metadata/42ThXy1nU42kUyNnmvigBVxysus4uqCFjPv7bN23pump.json
42zTJXcmPRpm9isK3R9s93b91gEU6SL57yuBVimcpump,2026-05-27T18:32:36Z,True,APek4h9D6QZemzYM9CjaZjZDpauHDBFWPZ8MkrdthAnp,,,https://x.com/RIPGOSLINGS,https://ripgoslings.life/,783c911,Shilin/artifacts/external_validation/raw_coin_metadata/42zTJXcmPRpm9isK3R9s93b91gEU6SL57yuBVimcpump.json
42zm6ZjuX5u9xiakfimTLZQgCXMkj7R6tP1MnMDLpump,2026-05-27T17:48:43Z,True,8mMPtrPK1D9LiZRzrq1e6syZwpVRj9FQTfR5Ffe75gjs,,,https://x.com/jup_enjoyoors/status/2059689446770094405,https://trade.padre.gg/assets/index-Dgxy1XWq.js,783c911,Shilin/artifacts/external_validation/raw_coin_metadata/42zm6ZjuX5u9xiakfimTLZQgCXMkj7R6tP1MnMDLpump.json
43QnyEcXf5Guvfc1CevKKyPKFCd9WyHypnUxnwAZpump,2026-06-06T15:05:44Z,True,Bf8YPNye8AWtV1dFYGij7r13vCDxbgdyJ7GvP5MbnGN3,,,,,783c911,Shilin/artifacts/external_validation/raw_coin_metadata/43QnyEcXf5Guvfc1CevKKyPKFCd9WyHypnUxnwAZpump.json
448QRtyUE422AdKCx78RSo8qFrYW2gWRcGx5W3s8pump,2026-05-14T12:52:37Z,True,jEMFTTSfQ5KKJQoqfZa48G5UHEKtrau4SPQSybxJD9z,https://t.me/dillpicklesol,dillpicklesol,https://x.com/pckl_dill,https://www.dillpickule.com/,783c911,Shilin/artifacts/external_validation/raw_coin_metadata/448QRtyUE422AdKCx78RSo8qFrYW2gWRcGx5W3s8pump.json
44XURcdzPatxFBCboSwuqvHJCiaX8DkCUDb8aA2Xpump,2026-05-26T04:00:40Z,True,CWADXw3Yz3y2g8zXsdDaMwY7SB3x13rXpjurf17YYYnr,,,,https://blue-sky.lol/,783c911,Shilin/artifacts/external_validation/raw_coin_metadata/44XURcdzPatxFBCboSwuqvHJCiaX8DkCUDb8aA2Xpump.json
44irAmSmpjixNCsX82ZqmLchHLVGyXsMU6GeEv9jpump,2026-05-30T01:37:53Z,True,Fj4pzhSe7FQry1KjHjzp6tLp8yoD7MnzK2hFDchbqpmP,https://t.me/pumptoweronsol,pumptoweronsol,https://x.com/pumptoweronsol,https://pumptoweronsol.com/,783c911,Shilin/artifacts/external_validation/raw_coin_metadata/44irAmSmpjixNCsX82ZqmLchHLVGyXsMU6GeEv9jpump.json
45wM4ef4XcfckVvhji9kiBbnWdx5X77m1g6rMU7ipump,2026-05-22T22:16:06Z,True,ESeyHRs9hoahzp7z4UaKb1cRkdPQZfeD9pyMDE8RyfPf,,,https://x.com/TheBeagleJames/status/2057948497580638477,https://x.com/TheBeagleJames,783c911,Shilin/artifacts/external_validation/raw_coin_metadata/45wM4ef4XcfckVvhji9kiBbnWdx5X77m1g6rMU7ipump.json
46UYRU9iC61m5mTKjuBUpKzqor5Y6iVRTwT4uf7bpump,2026-05-22T10:10:05Z,True,4jP4rrWc6bNXLgxuyuYjAQd362xWLPnfPbGNkK9PUs5j,,,,https://www.jeetpizza.site/,783c911,Shilin/artifacts/external_validation/raw_coin_metadata/46UYRU9iC61m5mTKjuBUpKzqor5Y6iVRTwT4uf7bpump.json
47DRjZxo9bJS9v67rE2xHmXNy5ekYepTDTpygHvxpump,2026-05-10T12:17:34Z,True,EM7zK4d6YKf4bsj2k1UNT1s4TH2x1FuJ3TQ8hvmnqZyv,https://t.me/gmode_og,gmode_og,https://x.com/gorillamode_og,https://gorillamode.monster,783c911,Shilin/artifacts/external_validation/raw_coin_metadata/47DRjZxo9bJS9v67rE2xHmXNy5ekYepTDTpygHvxpump.json
48vV4wziVfaz5T75J9rvqCFwSPrPodHtkn3CPTfjpump,2026-05-10T05:10:46Z,True,2GfC9NEbpJJZ6iaGMV3cmJeWvCzuXHRwwM3Ez4b5tzFY,https://t.me/spirixsol,spirixsol,https://x.com/SPIRIXSOL,https://spirix.top/,783c911,Shilin/artifacts/external_validation/raw_coin_metadata/48vV4wziVfaz5T75J9rvqCFwSPrPodHtkn3CPTfjpump.json
4BzL18nFF93j2vXMV4X3zChSuSK3h4qyu2M1ei6Spump,2026-06-02T17:04:06Z,True,52Mw2KN4Tuef7KnFMZVePA7SQsux8B4jVLTyj3BEVW9s,https://t.me/usefillr,usefillr,https://x.com/use_fillr,https://usefillr.app/,783c911,Shilin/artifacts/external_validation/raw_coin_metadata/4BzL18nFF93j2vXMV4X3zChSuSK3h4qyu2M1ei6Spump.json
4CTVAmx83CgYbGKpvGLm3sNyu9UsGhJWbre7aYZQpump,2026-05-26T14:17:07Z,True,ESS4GYLzKgHjPTMfmWGeKHpjFRKwjUvuoAHfuBmGUUFW,,,https://x.com/Memecoin_Summer/status/2059277553626394850,https://www.memecoinsummer.xyz/,783c911,Shilin/artifacts/external_validation/raw_coin_metadata/4CTVAmx83CgYbGKpvGLm3sNyu9UsGhJWbre7aYZQpump.json
4CZTkCKoLr9RfmCRBTKqfHv6YVgsyUD6WCkJwD9vpump,2026-05-15T06:30:51Z,True,GuBoVtZE3aBTfPX4myV2NyVgrkB7szxXnnzoa6vaY387,,,,,783c911,Shilin/artifacts/external_validation/raw_coin_metadata/4CZTkCKoLr9RfmCRBTKqfHv6YVgsyUD6WCkJwD9vpump.json
4DGzUQSo8na5tdA5iXc6DEAhhrJ7sSXfDGiYkaAQpump,2026-05-12T04:36:58Z,True,EMeBmemTxvwKbHfdWAMUued2idyJZFgsRUorP4VaXNrp,https://t.me/AGT_SOL,AGT_SOL,https://x.com/agt_dev,https://autismtrump.club,783c911,Shilin/artifacts/external_validation/raw_coin_metadata/4DGzUQSo8na5tdA5iXc6DEAhhrJ7sSXfDGiYkaAQpump.json
4EjSzThNDV8oQx7QDKDVCRLfMQ1bCgvHzfihzmNWbUkK,2026-06-10T17:35:43Z,True,Du2DbfKC4hh23vT9NV8EFrumsD3B7odxfdThSFtKdnZh,,,,,783c911,Shilin/artifacts/external_validation/raw_coin_metadata/4EjSzThNDV8oQx7QDKDVCRLfMQ1bCgvHzfihzmNWbUkK.json
4GU2b7LpPJaAmDfED42HDJWCVg8We1CTN9LQapESpump,2026-05-15T01:06:28Z,True,FuMHrtzhBmTmaAsxDJsRoiKWwno4zaohmDvT3kyGLcD4,,,https://x.com/TheLastDanceSol,,783c911,Shilin/artifacts/external_validation/raw_coin_metadata/4GU2b7LpPJaAmDfED42HDJWCVg8We1CTN9LQapESpump.json
4Hb72Taq51useqerBqCoazizGfShEcSxAaQmUL1zpump,2026-05-13T20:33:13Z,True,6TB1AwLDFQpT6dC4GdG9QiiT6BTDyxAdn2Dojm73gJrS,t.me/Crack_OnSol,Crack_OnSol,https://x.com/crackonsol_,https://crackonsol.io/,783c911,Shilin/artifacts/external_validation/raw_coin_metadata/4Hb72Taq51useqerBqCoazizGfShEcSxAaQmUL1zpump.json
4J4g9r9mL3uqdgNpwSYLMcsrZHzi9bjsGNn9en4Gpump,2026-05-23T17:14:30Z,True,DGvJgtUTWAPtgDy5xfUdLUz8npuzTBKJbvuWKv6mRdXf,,,https://x.com/RichBankMeme,https://richbank.gold,783c911,Shilin/artifacts/external_validation/raw_coin_metadata/4J4g9r9mL3uqdgNpwSYLMcsrZHzi9bjsGNn9en4Gpump.json
4JW83ML3poYTxToCZZDv3iFHfQvUCwBwCNNuNRBfpump,2026-05-19T00:51:55Z,True,6X85uhYoEhFczvFnmfeexC4hxU6KNyk2oe1kCLmVmiSm,,,https://x.com/jncquant/status/2056538304959467564,https://www.givesendgo.com/air-ambulance-for-neuralink?utm_source=sharelink&utm_medium=copy_link&utm_campaign=air-ambulance-for-neuralink,783c911,Shilin/artifacts/external_validation/raw_coin_metadata/4JW83ML3poYTxToCZZDv3iFHfQvUCwBwCNNuNRBfpump.json
4JnbbGMPbwviJCTqmgbtgn4WqWH6ejXCLiDhDChrpump,2026-05-22T23:24:51Z,True,DYRPzVWhs3nrDBTAUdfc2WbwLTE4EDdCfWK5xrnLje5v,,,https://x.com/surfrrrrr/status/2057965651055313001?s=20,,783c911,Shilin/artifacts/external_validation/raw_coin_metadata/4JnbbGMPbwviJCTqmgbtgn4WqWH6ejXCLiDhDChrpump.json
4JyftJNcNTHie9C9rRtV4cP8VC6DG3ohVMW5SoaCpump,2026-05-27T09:39:08Z,True,3BW6TKYew6WCra1WCePKbZGWBrimrLhcA8DcTce8wX7k,https://t.me/blu4r4ms,blu4r4ms,https://x.com/BlueRemainsCoin,https://bluerems.icu,783c911,Shilin/artifacts/external_validation/raw_coin_metadata/4JyftJNcNTHie9C9rRtV4cP8VC6DG3ohVMW5SoaCpump.json
4KVEsWqPSqbWkyqzNqgobdjYpBX75v9Z3fG1afx1pump,2026-05-13T11:54:17Z,True,4otqzcuKTM7RkTDdQCoCZbH54G7xaaGoG8YvLFayH3sY,,,,,783c911,Shilin/artifacts/external_validation/raw_coin_metadata/4KVEsWqPSqbWkyqzNqgobdjYpBX75v9Z3fG1afx1pump.json
4KxY3p1oRzxa83GqWm8bKJskAC4jRyTagYC2kyvLpump,2026-05-25T20:46:31Z,True,E57m1vhihuUDmduUcqUc2MDqTU9emGPTusZM5AesdYYn,https://t.me/+65awcCugUqFjNjBl,65awcCugUqFjNjBl,https://x.com/ONLYGRAMBOT,https://onlygram.site,783c911,Shilin/artifacts/external_validation/raw_coin_metadata/4KxY3p1oRzxa83GqWm8bKJskAC4jRyTagYC2kyvLpump.json
4LEydtM5terKDQJeUgx5mPB6NYR5maE9hnGnasekpump,2026-05-13T07:20:50Z,True,HQXAeFT2K5gPfJkr6AHysu2Mao8rkCksSZQNf5yHyPG9,,,https://twitter.com/ShaneStoffer/status/2054461836557271475,,783c911,Shilin/artifacts/external_validation/raw_coin_metadata/4LEydtM5terKDQJeUgx5mPB6NYR5maE9hnGnasekpump.json
4LNDFaDiF78vd533hxQtC1SqbBsdSRJwak75dTNfpump,2026-05-14T04:01:28Z,True,FnrbzW8WRCiyEeVZ7pBFaxK8GPgJoFovL9HDuueF1N7c,,,,,783c911,Shilin/artifacts/external_validation/raw_coin_metadata/4LNDFaDiF78vd533hxQtC1SqbBsdSRJwak75dTNfpump.json
4MQBR5zmSJ5cfzcP1zVzzgZbPW2Wyosas16bVZropump,2026-06-04T16:51:58Z,True,FfzVyoSvjx4aTij75F8wHaKoFtxrtg4EC4BabEquhDoo,,,https://x.com/9trevv,https://x.com/9trevv,783c911,Shilin/artifacts/external_validation/raw_coin_metadata/4MQBR5zmSJ5cfzcP1zVzzgZbPW2Wyosas16bVZropump.json
4NTME14SSMRw3W4vQSTBP9yrdB4Mz2FTVynLjUo1pump,2026-06-01T07:23:06Z,True,HFodcfxa6yeQHrsHrcTAYiWjYvYfirV4qsuxL5tjPuiW,,,,https://doodleart.fun/,783c911,Shilin/artifacts/external_validation/raw_coin_metadata/4NTME14SSMRw3W4vQSTBP9yrdB4Mz2FTVynLjUo1pump.json
4PPs9TQ4Kjqdw1kob7om2rw822spXG2o3u38kkcHpump,2026-05-18T21:46:29Z,True,48dNZT2xjQNfdf9j3pB9CUgqwuseHiTYniPbFwB4dSmu,,,https://x.com/WeAre26Coin,,783c911,Shilin/artifacts/external_validation/raw_coin_metadata/4PPs9TQ4Kjqdw1kob7om2rw822spXG2o3u38kkcHpump.json
4QzxwUy47r1YrBnuQdcuvYsBn4yEEdqpkzy3YRHYpump,2026-05-28T19:02:55Z,True,BH2pqMmukhqnxpPEcS2Rxz3TfCsTV62raCja9bdbUZkM,,,https://x.com/Slabzapp,https://slabz.com/,783c911,Shilin/artifacts/external_validation/raw_coin_metadata/4QzxwUy47r1YrBnuQdcuvYsBn4yEEdqpkzy3YRHYpump.json
4S3BFyj3zqbPaD2FxqDyBG94hq7iZeeDaK3qzQjRpump,2026-05-11T01:12:30Z,True,Fry46Fx9bb6iLMRiSAFBwn25GT29qe9GNEf6tyLbu9A,https://t.me/goblinsamsol,goblinsamsol,https://x.com/GoblinSamSOL,https://goblinsamsol.fun/,783c911,Shilin/artifacts/external_validation/raw_coin_metadata/4S3BFyj3zqbPaD2FxqDyBG94hq7iZeeDaK3qzQjRpump.json
4S4Vz4x3z1J7pixRMdKAXghrpxAcYxVcBsC2DkJepump,2026-05-23T21:41:44Z,True,AN63b5iZxGi8zM7zEfRaj6cHSCCtNYgADipUUz8zbso4,,,,,783c911,Shilin/artifacts/external_validation/raw_coin_metadata/4S4Vz4x3z1J7pixRMdKAXghrpxAcYxVcBsC2DkJepump.json
4T8Ekug4soK65VRjoQ31fAnEvVXW7KWfStgci5UEpump,2026-06-04T14:26:44Z,True,4xtZzkH7Ym2w4oCnLPuSq5XQjo1kzm6h7ZyXBpdD1P2u,,,https://x.com/naturelife_ok/status/2060995663647904085/video/1,https://,783c911,Shilin/artifacts/external_validation/raw_coin_metadata/4T8Ekug4soK65VRjoQ31fAnEvVXW7KWfStgci5UEpump.json
4UdPeZD7iEt3ccUoiwgTHbkh5Ymbqkxzjk4Gxkttpump,2026-06-06T20:16:04Z,True,2Hr4Y96UzfG6nhmonj9UpPrbtFQSQ3aF3k85VdPxRoK7,,,https://x.com/bonderonchain/status/2063353963567858104,https://replies.fun/,783c911,Shilin/artifacts/external_validation/raw_coin_metadata/4UdPeZD7iEt3ccUoiwgTHbkh5Ymbqkxzjk4Gxkttpump.json
4VmdEj8feG2XV3DR1D1MfrsRNs4kiy4CRkk3mVHcpump,2026-05-17T21:07:39Z,True,8rmLaMKzV5LQV6WbXY3Z46KyzChmHttXr7KpwNTDVYPk,https://t.me/BOZZYSOL,BOZZYSOL,https://x.com/bunny_bozzy,https://bozzy.lol,783c911,Shilin/artifacts/external_validation/raw_coin_metadata/4VmdEj8feG2XV3DR1D1MfrsRNs4kiy4CRkk3mVHcpump.json
4W7QfxwQEvTceHKBiQ6oKfnEY5rEnPGjw6examLPpump,2026-06-07T11:21:59Z,True,2RpSLZUBaWQ35ncVWKCRE8UgawPQRxoEsPCeE8rvMa2Y,,,,,783c911,Shilin/artifacts/external_validation/raw_coin_metadata/4W7QfxwQEvTceHKBiQ6oKfnEY5rEnPGjw6examLPpump.json
4We4Wb438Hey9ueFdtkEgsHqzrEd8qWa9pxDMbtApump,2026-05-27T11:57:11Z,True,6X6HLiqXteMRMS2gi55UEvxFg3fGqZ6BkrsrynwPfMFd,,,https://x.com/ChubbyWhaleSol,https://thechubbywhale.lol,783c911,Shilin/artifacts/external_validation/raw_coin_metadata/4We4Wb438Hey9ueFdtkEgsHqzrEd8qWa9pxDMbtApump.json
4XpssGj7af67gm3mNXsJe2gyCWvrNyPUGXXgCwWDpump,2026-05-13T13:41:06Z,True,7dgZRKU4f1bVVx89vc24y21jRg9ritrdrU7NWgbvUScK,https://t.me/NovaSOLANADEV,NovaSOLANADEV,https://x.com/nova_girl_sol,https://novasol.top,783c911,Shilin/artifacts/external_validation/raw_coin_metadata/4XpssGj7af67gm3mNXsJe2gyCWvrNyPUGXXgCwWDpump.json
4Xs1GtByyQWcyFqWaj8oaTyHGSgdxJcByAo2NWumpump,2026-06-07T21:26:58Z,True,87ytzHwNgCkVshRwdSD24zC8UNG3QAcguhokV6EkmGqx,,,,,783c911,Shilin/artifacts/external_validation/raw_coin_metadata/4Xs1GtByyQWcyFqWaj8oaTyHGSgdxJcByAo2NWumpump.json
4YbzmtcbwCB2AeoT8ed81YWH5j8BNCUNayf7Ct13pump,2026-05-13T05:50:24Z,True,5C7Lb4DbdvrWDHdVMaVjv5NEkmpDdfKxRCUmLf5KaCyu,,,,https://whaletroll.fun/,783c911,Shilin/artifacts/external_validation/raw_coin_metadata/4YbzmtcbwCB2AeoT8ed81YWH5j8BNCUNayf7Ct13pump.json
4Ypw5fETXczMv8CyyXu8tgQzHqQgsR8kjUuHNLtupump,2026-06-01T03:20:01Z,True,AgZ9TfBy93ty1e1wyYyf9U63WXLsLsY4bVSq6anKMUtz,,,,https://ghostorca.fun/,783c911,Shilin/artifacts/external_validation/raw_coin_metadata/4Ypw5fETXczMv8CyyXu8tgQzHqQgsR8kjUuHNLtupump.json
4ZGFqJ5R2g3YBkJrRUVFn4EjmKhiCdysmFRVrToGmoKB,2026-05-18T20:45:23Z,True,3khMETRxQsFpB6x7GtJuKuZK8bZSXQQyD3tH4K3NANe5,,,https://x.com/BlackRockFact/status/2056476182535610601,,783c911,Shilin/artifacts/external_validation/raw_coin_metadata/4ZGFqJ5R2g3YBkJrRUVFn4EjmKhiCdysmFRVrToGmoKB.json
4bhZ15bFqLNzdqWWN1Czkzi1SUKYZeCVAzit1qbdpump,2026-06-01T14:25:44Z,True,Hz1CZRfKamz3k5MFk8Yd99pUjJzgno64VwmVsSUF4DFj,https://t.me/wobbin_sol,wobbin_sol,https://x.com/wobbin_sol,https://wobbinsol.com/,783c911,Shilin/artifacts/external_validation/raw_coin_metadata/4bhZ15bFqLNzdqWWN1Czkzi1SUKYZeCVAzit1qbdpump.json
4c5LK64544TyniKzErqsEfGzfC7P5ygY9x3JqDKEpump,2026-06-07T07:22:54Z,True,8FE36KLTUCaxRx7Jd1kS1AbSQjb4kNGa1SrECH5dHzkQ,,,https://x.com/Pokeliquid_fun/status/2063521958696763805,https://pokeliquid.fun/,783c911,Shilin/artifacts/external_validation/raw_coin_metadata/4c5LK64544TyniKzErqsEfGzfC7P5ygY9x3JqDKEpump.json
4d32vNzqdtuKwUZkou2Mtxzr2ASf1FoMgq7eeeJJqLgk,2026-05-29T16:59:49Z,True,5WR1zzdZ54758WattxJFyi1PpbU2NzuRa68oHKYrCW7P,,,https://x.com/CoinComms,,783c911,Shilin/artifacts/external_validation/raw_coin_metadata/4d32vNzqdtuKwUZkou2Mtxzr2ASf1FoMgq7eeeJJqLgk.json
4eQDRfMNLwGKMcGNR6TLGXP5AppYC9StbdBLyaa3pump,2026-05-27T07:55:20Z,True,DRztEbyzeyiXfkweXVXfgkgvV9V3LiBry31MmHiu4hmw,https://t.me/PEEPOSOLCOIN,PEEPOSOLCOIN,https://x.com/peepomemesol,https://peepo.best/,783c911,Shilin/artifacts/external_validation/raw_coin_metadata/4eQDRfMNLwGKMcGNR6TLGXP5AppYC9StbdBLyaa3pump.json
4eZ8hRw9kcJZSUsrFTpFzwYTHDS6ZWxrQSyrNK3Dpump,2026-05-15T20:07:03Z,True,3FHSuwGcnJ5HE61ZYcT5dyhW7ES8An3A58wTQpEQeLSf,,,https://x.com/truth_terminal/status/2055379395670388741,,783c911,Shilin/artifacts/external_validation/raw_coin_metadata/4eZ8hRw9kcJZSUsrFTpFzwYTHDS6ZWxrQSyrNK3Dpump.json
4f1KcyzED1Kp6rkKe7JqK4uRL8R3hq1Lf95sCQG1Ef6L,2026-05-16T16:23:09Z,True,BjKDtpnxBAJPyNmtyfKLjU8dZ71PKV8mwMnxHF3c6Etn,,,https://x.com/BenDrillinaros/status/2055685280259072298,,783c911,Shilin/artifacts/external_validation/raw_coin_metadata/4f1KcyzED1Kp6rkKe7JqK4uRL8R3hq1Lf95sCQG1Ef6L.json
4gLfCuJ5oJroc1rA8zDwnTtNUBtEFhMnx7X59hgSpump,2026-05-29T01:10:30Z,True,6gXhxHoPh9vN3eyWE6wSNW7q3EuXx7r66wAwfZYa5C5e,,,https://x.com/nikitadevelops/status/2060166846783897994,https://axiom.trade/pulse?chain=sol,783c911,Shilin/artifacts/external_validation/raw_coin_metadata/4gLfCuJ5oJroc1rA8zDwnTtNUBtEFhMnx7X59hgSpump.json
4gXUNiuEs84HM61gJ2mB4RK2Crwdov3bQjdbcUmCpump,2026-05-31T08:53:58Z,True,6sqFDuko29wq5kN1mMzuoMoHAzMGuxrmQcZv4sair1UW,,,,,783c911,Shilin/artifacts/external_validation/raw_coin_metadata/4gXUNiuEs84HM61gJ2mB4RK2Crwdov3bQjdbcUmCpump.json
4gaF5yMTjXn6UjkWdg7fMJiGxLeGnwU8yrCLW8AHpump,2026-05-29T20:12:14Z,True,GPcLV6t9hMouzVDcR8w8J2svhy4BSd26hQnaAEkhGBu9,https://x.com/spyboxapp,,https://x.com/spyboxapp,,783c911,Shilin/artifacts/external_validation/raw_coin_metadata/4gaF5yMTjXn6UjkWdg7fMJiGxLeGnwU8yrCLW8AHpump.json
4h7brefSUTW57LGQcvVxGc2dhPzmTum2GPKFZzpKpump,2026-05-10T09:36:24Z,True,BhCYpxrVAsir4FeyGWKTgBXZPdPUkJRohwDB1ngntgq4,,,,,783c911,Shilin/artifacts/external_validation/raw_coin_metadata/4h7brefSUTW57LGQcvVxGc2dhPzmTum2GPKFZzpKpump.json
4hHzQSjiKJspR3nmV8wTicjaLuUuSYMddVSybQcJs5Nb,2026-06-01T12:26:47Z,True,8RR8wsokaff8pjLk9kiBfx8WWpdaQ9nDHvwQk8wc1odR,,,https://www.youtube.com/watch?v=vrY1THC_NQE,,783c911,Shilin/artifacts/external_validation/raw_coin_metadata/4hHzQSjiKJspR3nmV8wTicjaLuUuSYMddVSybQcJs5Nb.json
4iMy6xr4YYf1PiiXNqkUcPTzLnjxZpi9LipUo2Repump,2026-05-18T15:18:30Z,True,FHCJzocrG8pbEGTSSqPfYikHmmY1aayecE9zx9cEsyHC,,,https://x.com/unstable_dude/status/2056393996352512062,,783c911,Shilin/artifacts/external_validation/raw_coin_metadata/4iMy6xr4YYf1PiiXNqkUcPTzLnjxZpi9LipUo2Repump.json
4icCrtsUFF9qhV7cxCZzyC354pTibouvgmxhNwxrpump,2026-05-30T17:12:38Z,True,6iRkHeefjFr9ndNr9YwFPuQxvLi9nfsXgAa25nhEh26w,,,https://x.com/OpenAIDevs/status/2060768692653392065,https://github.com/ansh-chopra,783c911,Shilin/artifacts/external_validation/raw_coin_metadata/4icCrtsUFF9qhV7cxCZzyC354pTibouvgmxhNwxrpump.json
4jRKTgGU7WhnjViqJ24i4JHfqVNhsa1Jvt7njNSCpump,2026-06-02T20:04:54Z,True,AoHNSKaupPcFy4Apj5jz3263Chah2h72CF9SxCTmN2sR,https://t.me/PeptifyShop,PeptifyShop,https://x.com/v1s10n4ry_,https://peptify.shop/,783c911,Shilin/artifacts/external_validation/raw_coin_metadata/4jRKTgGU7WhnjViqJ24i4JHfqVNhsa1Jvt7njNSCpump.json
4jttNM6qxZ7dyAP94jiJqixCyJJCLdehsCHJJSDKpump,2026-06-05T14:49:51Z,True,4f5y1bZpG1cXsMpQgRYSABRu62pXqMYgvFFUpsUCpVdj,,,https://x.com/rajagopal79/status/2062909701696667705,https://www.instagram.com/p/DZNT-uEDgHP/,783c911,Shilin/artifacts/external_validation/raw_coin_metadata/4jttNM6qxZ7dyAP94jiJqixCyJJCLdehsCHJJSDKpump.json
4khLfbmDbhoonMLdpyukD3rcP5NJaSEbTM8QvnkD97Lv,2026-05-15T17:20:33Z,True,3kKECN3L31jcJsmFXQVjKCmU6ZRTaPLAK6hqFr9vrDiw,,,https://x.com/Pumpfun/status/2055337473887088852,,783c911,Shilin/artifacts/external_validation/raw_coin_metadata/4khLfbmDbhoonMLdpyukD3rcP5NJaSEbTM8QvnkD97Lv.json
4md9bcLti83hqzQ2qYviVthFy6ofiawyUr5yBzuLpump,2026-05-19T11:06:10Z,True,4RfxEfNHkd8Rrie5fAAFy5rdFNcrTT9t2hz9XE6jEz7p,,,,,783c911,Shilin/artifacts/external_validation/raw_coin_metadata/4md9bcLti83hqzQ2qYviVthFy6ofiawyUr5yBzuLpump.json
4mpgNg2JRCpvb57wHvudmf6xi9V2VaHy2Hhg2Ntspump,2026-05-19T14:31:37Z,True,377yDS5poJ6C7YyVbcnmB41WE6UCXpfTFNgGJmqRb57g,,,,https://upsideonly.com/,783c911,Shilin/artifacts/external_validation/raw_coin_metadata/4mpgNg2JRCpvb57wHvudmf6xi9V2VaHy2Hhg2Ntspump.json
4mriLqun3uzsenxQ7AxfMn9CDBc9Bkhxv2TpQEUypump,2026-05-15T03:28:24Z,True,7X1asMBRLTU7P87Xz4jofwdsyGzmc8Yz9pbgFD5ZyDN,,,,,783c911,Shilin/artifacts/external_validation/raw_coin_metadata/4mriLqun3uzsenxQ7AxfMn9CDBc9Bkhxv2TpQEUypump.json
4n9bxnQVJdc9M2obnbRBxcGfc4nSY6C1V1AiXVrgpump,2026-05-18T17:57:06Z,True,CdiWrRWj6Pd6KLDysx6g81mTyM85p3Dtmd91WTbgvh7d,,,https://twitter.com/MonyyFN/status/2056433896632557787,,783c911,Shilin/artifacts/external_validation/raw_coin_metadata/4n9bxnQVJdc9M2obnbRBxcGfc4nSY6C1V1AiXVrgpump.json
4oEuKyJQZm45JVNp6Uw8PtoUDX3pS5QyCeM3SqRLpump,2026-06-02T01:36:18Z,True,B4eypMkbKxmTwQY9m9MjvkXXawwEnaQewCVDs33x7Q56,,,,,783c911,Shilin/artifacts/external_validation/raw_coin_metadata/4oEuKyJQZm45JVNp6Uw8PtoUDX3pS5QyCeM3SqRLpump.json
4rZ7MGzWyoZS2qLqwBDt2VdY11rxwxC7htM3t5pUpump,2026-06-01T09:34:17Z,True,GwufNP6pfQUzWvywxNNTu5LfS777sJEGch44t9S1auPX,,,,,783c911,Shilin/artifacts/external_validation/raw_coin_metadata/4rZ7MGzWyoZS2qLqwBDt2VdY11rxwxC7htM3t5pUpump.json
4sj7UP6otXZqd9vV2nDRVokSA9i2EnBgos39qoF2pump,2026-06-05T03:08:52Z,True,Chb3bz7EbiNBDKJghGDpjfKsiC6aQZfMAuq1AhhWWbtb,,,https://x.com/savemejrus/status/2062727878505386054?s=20,,783c911,Shilin/artifacts/external_validation/raw_coin_metadata/4sj7UP6otXZqd9vV2nDRVokSA9i2EnBgos39qoF2pump.json
4usunUQT6Utc9qQ73PMBS41Sic6NDngGWJqPEeohpump,2026-05-17T10:51:20Z,True,HMShJTnZLwx3EtcyRGT3Z3bK9fg2Z6mFtWCvKwXmxP7P,https://t.me/SaveMe_SOLAN,SaveMe_SOLAN,https://x.com/SaveMe_SOLAN,https://saveme.buzz/,783c911,Shilin/artifacts/external_validation/raw_coin_metadata/4usunUQT6Utc9qQ73PMBS41Sic6NDngGWJqPEeohpump.json
4vcZgrj3sT5Lz5pwFYXJAyX1LpeZGhzpUWh42hwVpump,2026-05-30T06:07:54Z,True,3LD8SNZeDwU4F2nJFWKu8cYrrjgXq3thGd1NtL6WHcMY,https://t.me/ShyGuy_Sol,ShyGuy_Sol,https://x.com/shyredguy,https://shyguy.lat,783c911,Shilin/artifacts/external_validation/raw_coin_metadata/4vcZgrj3sT5Lz5pwFYXJAyX1LpeZGhzpUWh42hwVpump.json
4viW9D8KLa5krDsTUwQ9gGGWZuNbFLTFvMP9Xkhupump,2026-05-22T18:03:54Z,True,Lg2njVUMLwBn9TK5DQPWX1wP8GzCFDEzYWhseGD8iQS,,,https://x.com/kucoincom/status/2057854125144969292,https://x.com/hashtag/BitcoinPizzaDay?src=hashtag_click&f=live,783c911,Shilin/artifacts/external_validation/raw_coin_metadata/4viW9D8KLa5krDsTUwQ9gGGWZuNbFLTFvMP9Xkhupump.json
4w5gGRncADUcsB4whyXXqw9c1YGM3dn3uQMDR8ePpump,2026-05-19T10:30:48Z,True,4QbGTdbhzxaMNMAi7yg5XfsrYHsF1BxNAcVAGemyD8qL,,,,,783c911,Shilin/artifacts/external_validation/raw_coin_metadata/4w5gGRncADUcsB4whyXXqw9c1YGM3dn3uQMDR8ePpump.json
4w8L4N9ZnomLjoSnhNUdHzz4AthVnng8XzezCFKpump,2026-05-16T00:11:22Z,True,EC7a453oyYGZYWBKxyvGSQVjHQVbxCUbH4DDgazxchC1,,,https://x.com/mosoeth/status/2055440839132999896,https://www.instagram.com/savingshibasinc/,783c911,Shilin/artifacts/external_validation/raw_coin_metadata/4w8L4N9ZnomLjoSnhNUdHzz4AthVnng8XzezCFKpump.json
4wNKsh8pzWaVc4PKrXiF2moE8XaUU9YfsSQEdLvLpump,2026-05-14T14:54:28Z,True,8Xpk3e9MAweGfuZqZZAMbpStWZKdCVmqpCTmEWvS5G5C,,,,,783c911,Shilin/artifacts/external_validation/raw_coin_metadata/4wNKsh8pzWaVc4PKrXiF2moE8XaUU9YfsSQEdLvLpump.json
4wfAGtfuGapqNYyPU52BohMF4ewL4ANpNyr2DRBTpump,2026-06-10T16:11:16Z,True,4APFGD1LuYkFW5RkC6dTA5X8rWooeGJqeMXSEQzpWeQM,,,https://x.com/THETRENCHERYA/status/2064742056300298312?s=20,https://www.tiktok.com/@official.mrhungry,783c911,Shilin/artifacts/external_validation/raw_coin_metadata/4wfAGtfuGapqNYyPU52BohMF4ewL4ANpNyr2DRBTpump.json
4wnZitQvwH1oB6YhkzPy6768V233NvdF9FxkWxzVpump,2026-05-23T16:11:01Z,True,7yLVNief2t4Mdp12NjSsM6ukuLNFnc6aqAz1UQ6ZCx2d,,,https://x.com/AmericaBankSol,https://americasol.vip,783c911,Shilin/artifacts/external_validation/raw_coin_metadata/4wnZitQvwH1oB6YhkzPy6768V233NvdF9FxkWxzVpump.json
4x8JLG6qF4DUtiGKUgwvstVNxxQGQZvGWdEWj4YHpump,2026-06-06T17:33:36Z,True,Hx5wxsXs9owzaVNHykdAhWvZP9wJTKboTqrsZgATZeD5,,,https://x.com/stupideus,https://stupideus.xyz,783c911,Shilin/artifacts/external_validation/raw_coin_metadata/4x8JLG6qF4DUtiGKUgwvstVNxxQGQZvGWdEWj4YHpump.json
4yDjsmL3axY95u3Njx2mjmuR4WgCPwKi4qh1JzKPpump,2026-05-31T02:32:08Z,True,BQM78CpAXyoTQfrgSGYSLfSb2nVkm5jC9ReXg5K1ChKZ,,,https://x.com/KoolAidJarSOL,https://koolaidjar.com,783c911,Shilin/artifacts/external_validation/raw_coin_metadata/4yDjsmL3axY95u3Njx2mjmuR4WgCPwKi4qh1JzKPpump.json
4ySKdYWwt7bmLD2XHthWEysah9jAGKBsLsmNLETBpump,2026-06-07T11:08:13Z,True,EXkk7DFxuu6X5mRevyrenP9TPT5SycsRXHcrTgLCZ2Rj,,,https://x.com/FeelGoodAnimals/status/2063025384237805708,https://,783c911,Shilin/artifacts/external_validation/raw_coin_metadata/4ySKdYWwt7bmLD2XHthWEysah9jAGKBsLsmNLETBpump.json
517Cv5NyKjHdZjmnwFWSknBAE14MFRFgSG2GzFDepump,2026-06-06T19:26:03Z,True,Hi7S2mwgAa8k9nxfG8EU1cCskWUddqwZqVufTi2fXUEZ,,,https://x.com/urfeedxyz,https://urfeed.xyz,783c911,Shilin/artifacts/external_validation/raw_coin_metadata/517Cv5NyKjHdZjmnwFWSknBAE14MFRFgSG2GzFDepump.json
51vg2LMxArWULaW7YLH6yJduxuA98zsgVg7NKaDGpump,2026-06-05T10:58:05Z,True,BHsuiPeEvfEqZsw9R4iannsBYW5yJuAAYkJbm39K9PKR,,,,,783c911,Shilin/artifacts/external_validation/raw_coin_metadata/51vg2LMxArWULaW7YLH6yJduxuA98zsgVg7NKaDGpump.json
51wPJ6hqR5nFwdeSBYcUdLL796w8fiHQLWWeyVrVpump,2026-06-02T20:01:47Z,True,FB8MkGxyiwQRUvPJy2GQkWtnFDHPsZwmDB1aKF2tcWzU,,,https://x.com/WhiteHouse/status/2061899438902149523,,783c911,Shilin/artifacts/external_validation/raw_coin_metadata/51wPJ6hqR5nFwdeSBYcUdLL796w8fiHQLWWeyVrVpump.json
52oQ6Lx4CPPJKeoyepie2fw4BYme4cj875sBNLEkJfur,2026-06-08T17:34:25Z,True,MSPnEJNh7xAxj7herR6fsvPcWEpP7KqyNu4KgqtxiUr,,,,https://www.youtube.com/watch?v=hF8swzNR1-o,783c911,Shilin/artifacts/external_validation/raw_coin_metadata/52oQ6Lx4CPPJKeoyepie2fw4BYme4cj875sBNLEkJfur.json
536Bb74Nc6Vt4gnNHe9VQachGoEwoBMECZpBUQLypump,2026-06-02T22:18:08Z,True,3qQSJuh42iLGhY9U4yrWKvMAdmzpUsX1WNXpKqTPjFpF,,,https://x.com/pokemarketsX,https://pokemarkets.app/,783c911,Shilin/artifacts/external_validation/raw_coin_metadata/536Bb74Nc6Vt4gnNHe9VQachGoEwoBMECZpBUQLypump.json
538TamGcTFidacYbfHGHecENB9zXYjGFi4T9x5xqpump,2026-05-19T20:25:54Z,True,FGgD1MXKkcPKyj9EkrQLqQ736VJ1rXeYatbeXQ7xtdUv,,,https://x.com/Zoomieskitty,https://www.zoomiescat.cc,783c911,Shilin/artifacts/external_validation/raw_coin_metadata/538TamGcTFidacYbfHGHecENB9zXYjGFi4T9x5xqpump.json
54JxjeUtnwhDEFge3JAsDahNe3dDs1yirdYjuTSmpump,2026-06-08T14:20:15Z,True,5zavugP8gEvBgyaAKjkRdQWdL4TKXwwRZ8LB1UVe5FLd,,,https://x.com/joinhivesol,,783c911,Shilin/artifacts/external_validation/raw_coin_metadata/54JxjeUtnwhDEFge3JAsDahNe3dDs1yirdYjuTSmpump.json
54PFTWKJ2zJgEnKxLhsYAyqdjEi78hX6fYTNjS8dpump,2026-06-09T18:49:28Z,True,5Jt84V4nkqGsstYYjDVK6S7eNUQ1qtEdTeigeamnu6XS,https://t.me/cupcards,cupcards,https://x.com/CUPcards_sol,https://cup.cards/,783c911,Shilin/artifacts/external_validation/raw_coin_metadata/54PFTWKJ2zJgEnKxLhsYAyqdjEi78hX6fYTNjS8dpump.json
54YHpbNhvC3hXyqDaL5utwU2Ei6r8je1CgDF1gZzpump,2026-06-01T09:15:39Z,True,3Ft4TwZya6uLYe9SeEpQFiv2aMjLGLJNTs1NMBTTvpwa,,,https://x.com/Narra_Creator/status/2061376097095127087,https://www.abc.net.au/news/2026-06-01/mount-isa-police-dog-shooting-/106743680,783c911,Shilin/artifacts/external_validation/raw_coin_metadata/54YHpbNhvC3hXyqDaL5utwU2Ei6r8je1CgDF1gZzpump.json
556opmBRds1ZMwnmLnn6BJi8PRpPvwPuYsRF7KLzpump,2026-06-09T15:08:01Z,True,BydCbUWCteTrPnbLnFtSCyEENWXNejy4yvF2S4W5eVwg,,,,,783c911,Shilin/artifacts/external_validation/raw_coin_metadata/556opmBRds1ZMwnmLnn6BJi8PRpPvwPuYsRF7KLzpump.json
55trDk1J7KYRPR8pT6SQcU9yy2gzzrFpFvHeJhpHpump,2026-05-22T14:24:43Z,True,C3RJWqHYiis4zcdHkHUaSd6VX68ibo775SQDTS8vSYhm,,,https://x.com/SOLX402_up/status/2057828884700389515,https://www.usmint.gov/fifa-world-cup-2026-uncirculated-five-dollar-gold-coin-26CB.html,783c911,Shilin/artifacts/external_validation/raw_coin_metadata/55trDk1J7KYRPR8pT6SQcU9yy2gzzrFpFvHeJhpHpump.json
55u8GDp7FTQLwXBnrKjsHXaiMXFkKAEHhgGiVRU9pump,2026-05-19T20:03:25Z,True,H4Sj7SdFbeeMPD6AAR3vHd7LVR1jG3853t68fYqRQVMX,,,https://x.com/WeAre26sol,https://www.weare26.io/,783c911,Shilin/artifacts/external_validation/raw_coin_metadata/55u8GDp7FTQLwXBnrKjsHXaiMXFkKAEHhgGiVRU9pump.json
577tEaVeh2ZNDRTmh2ZNUxtggXQzkH5eK9Ju5J1rpump,2026-05-22T22:53:25Z,True,EkJeMbNvHksCtpZDoCQ8F2ZRFXTNhiZHqq9MiA769JZE,,,https://x.com/TroopsPF/status/2057957975654899755?s=20,https://communityfundraising.woundedwarriorproject.org/campaigns/Support-Our-Troops-PF,783c911,Shilin/artifacts/external_validation/raw_coin_metadata/577tEaVeh2ZNDRTmh2ZNUxtggXQzkH5eK9Ju5J1rpump.json
57L67vSKy6fkDNjwncNx6UX1BQnWCsc1a4hcWYyhpump,2026-06-01T23:19:25Z,True,FrhJsFvS7J5DRcKLeW2L7para2uz2qfSHA74cUQesG7B,,,https://x.com/thehellolabs/status/2061588407134958060,,783c911,Shilin/artifacts/external_validation/raw_coin_metadata/57L67vSKy6fkDNjwncNx6UX1BQnWCsc1a4hcWYyhpump.json
57SWTEcwXGsu1noPfB64SW9Aphahe7sthCiRP5PQpump,2026-05-27T03:27:25Z,True,4w3N2fc9rTjTs5zEC2L6fYjJ9KSALcN4nHB4XunYHG2F,,,,https://playtictactoe.lol/,783c911,Shilin/artifacts/external_validation/raw_coin_metadata/57SWTEcwXGsu1noPfB64SW9Aphahe7sthCiRP5PQpump.json
57t8UtE9RwMAZ6P935ACreJM6marnh4edMMz9DMzpump,2026-05-15T17:57:53Z,True,C5PqHcmHekFdCovn7Vmhq9ydTP9C5kZni12uNLqsNucK,https://t.me/ridickbig,ridickbig,https://x.com/ridickguy,https://ridickguy.com/,783c911,Shilin/artifacts/external_validation/raw_coin_metadata/57t8UtE9RwMAZ6P935ACreJM6marnh4edMMz9DMzpump.json
58s2YSqmFmQbWzQKBgVS6nNJyE8PZqRGzUe5hHHJpump,2026-05-22T11:56:05Z,True,5igvc8hbpUYUGXMDf7bTYqAeYRJhxuP1HqCUpoCeZk6E,,,,https://www.pizzaday.ua/,783c911,Shilin/artifacts/external_validation/raw_coin_metadata/58s2YSqmFmQbWzQKBgVS6nNJyE8PZqRGzUe5hHHJpump.json
5AcFHyswVBwYqheSJUYXQAjFHbR6v6h6pwJVrV6epump,2026-05-13T19:56:53Z,True,BG97jbEyfzWXf3A9aZPFYm4W4PpdviDxnotC98skNJsL,https://t.me/GREEBSOL,GREEBSOL,https://x.com/GREEBSOL,https://greebsol.com/,783c911,Shilin/artifacts/external_validation/raw_coin_metadata/5AcFHyswVBwYqheSJUYXQAjFHbR6v6h6pwJVrV6epump.json
5Ae4eqbZf8yhFNdHUz63UekTfoTV5n3LvZamzzjopump,2026-05-14T07:21:10Z,True,Dc8AUiCDA4LyfWv62AGJVhw2HRmg2P7h7fSR4k2Gb8LG,,,,,783c911,Shilin/artifacts/external_validation/raw_coin_metadata/5Ae4eqbZf8yhFNdHUz63UekTfoTV5n3LvZamzzjopump.json
5AgqNjdZ87e5zQomdSEMHphtdd9stnPSgGHMbkv6pump,2026-06-10T12:32:54Z,True,n3sjH91Ry2YEzkQCR5fTU47932WMCW7mKG9DPUAqwjX,https://t.me/memecoinsart,memecoinsart,https://x.com/memecoinsart,https://memecoins.art,783c911,Shilin/artifacts/external_validation/raw_coin_metadata/5AgqNjdZ87e5zQomdSEMHphtdd9stnPSgGHMbkv6pump.json
5B7BjsAX3x8VjyHdWmgDHGYvCYbwRwYLnbhCf8btpump,2026-05-31T17:02:52Z,True,7X4Wx4TSxx3yhA3nc5387K9LMHRdwVJXzd3QHW5fTGbW,,,https://x.com/PumpFun711/status/2061131242544763130,,783c911,Shilin/artifacts/external_validation/raw_coin_metadata/5B7BjsAX3x8VjyHdWmgDHGYvCYbwRwYLnbhCf8btpump.json
5BmUm8UbQHqvvViA17ktE28MXdb1ZimLNTTCPCiupump,2026-06-09T15:47:38Z,True,Di2vnvrijFddKYy5HBWp7DeeejzzQk841LP6tHX2K9qJ,,,,,783c911,Shilin/artifacts/external_validation/raw_coin_metadata/5BmUm8UbQHqvvViA17ktE28MXdb1ZimLNTTCPCiupump.json
5BsJ85UTxMEsXbYrA9gjzL8HhB3uT2cMYqgEF2Zipump,2026-05-15T18:40:23Z,True,4cHuvptpkUoynTBTi4EbhQ2fx4XXZHMX8AvCDANBXivw,,,https://x.com/tradfi/status/2055357170515100021,https://x.com/neuralink/status/2055351348728668340,783c911,Shilin/artifacts/external_validation/raw_coin_metadata/5BsJ85UTxMEsXbYrA9gjzL8HhB3uT2cMYqgEF2Zipump.json
5BtSS9jheMX9DZZ8epJgxav9fhpXBKp7cEqPnRSmpump,2026-05-22T23:11:13Z,True,88FTxHK38hErkQWpVe3fRWfJ9HexxxkNfLsh9TULResJ,,,https://x.com/TROLLOWENNSOL/status/2057962421222834283?s=20,,783c911,Shilin/artifacts/external_validation/raw_coin_metadata/5BtSS9jheMX9DZZ8epJgxav9fhpXBKp7cEqPnRSmpump.json
5CKkpwdqrGos9jMDQfwKA3juFRVzT1GmneLNxpQopump,2026-05-24T10:20:42Z,True,FQt11FfTNYG9L9udvr3bLPHp5Wjf8kvmRA19HNfygag,https://t.me/alllivesmatterpumpfun,alllivesmatterpumpfun,https://x.com/ALMpumpfun,https://www.alllivesmatter.help/,783c911,Shilin/artifacts/external_validation/raw_coin_metadata/5CKkpwdqrGos9jMDQfwKA3juFRVzT1GmneLNxpQopump.json
5Cfu2oUDZFd4BDrrEs4FJDz5o1sVFKUfC8KXaSGZpump,2026-05-18T01:19:48Z,True,4by49Ts9VLQfWiH1e8HFfFgLGRR2fx129jxUD4ax4fXM,,,,https://www.tiktok.com/@openai/photo/7641034816997117215,783c911,Shilin/artifacts/external_validation/raw_coin_metadata/5Cfu2oUDZFd4BDrrEs4FJDz5o1sVFKUfC8KXaSGZpump.json
5DHgqzEqXjhQJWd7gw81tDZA5svXins8CmorPYjTbnkX,2026-06-02T18:17:08Z,True,5xmAM7Sd91uhvpk4pMrrXgRQBPrvX43P3uQ3fybzziLJ,,,https://x.com/qquackydd/status/2061873559723511944,https://www.tiktok.com/@openai/video/7646835422533848334,783c911,Shilin/artifacts/external_validation/raw_coin_metadata/5DHgqzEqXjhQJWd7gw81tDZA5svXins8CmorPYjTbnkX.json
5DbmQZmkfxkF6BTiAdXqq7exEtUzstq9t4pH8En9pump,2026-06-02T09:09:14Z,True,HdJHzDpyyzSWeXYwwazHrTiNCPtfecXAYoG6NXkNe4dv,https://t.me/AVANsolana,AVANsolana,https://x.com/AVANcoin,https://avanspl.com,783c911,Shilin/artifacts/external_validation/raw_coin_metadata/5DbmQZmkfxkF6BTiAdXqq7exEtUzstq9t4pH8En9pump.json
5Dksud26ojtZutUxydh6AvVdznb46LV9vbk99qk1pump,2026-05-27T12:04:50Z,True,F5d7yFfCjTgVujTyhvK3xyDbhwBMeTjxVVQwu2A6SJE7,,,,https://www.sportguy.fun/,783c911,Shilin/artifacts/external_validation/raw_coin_metadata/5Dksud26ojtZutUxydh6AvVdznb46LV9vbk99qk1pump.json
5E2woTdd2Gc4BpfE4yDPC4rTEJCo3fijhveDxhaZpump,2026-05-13T22:24:21Z,True,9b9fTcWjUUTdSf9Zd79qysB9apriNfiUJ4BsbGGbWrYe,https://t.me/uapenfts,uapenfts,https://x.com/uapenfts,https://www.uape.fun/,783c911,Shilin/artifacts/external_validation/raw_coin_metadata/5E2woTdd2Gc4BpfE4yDPC4rTEJCo3fijhveDxhaZpump.json
5EBQhMcRTQeh4nhNdwbVrmmLKFT7hkrg93V7T6ZYpump,2026-06-09T18:57:33Z,True,5AytApoUqeaghfvTgETmJVx4roHPQuRsUt4JQgYMsMqu,,,https://x.com/pumpistanpf,https://pumpistanpf.com/,783c911,Shilin/artifacts/external_validation/raw_coin_metadata/5EBQhMcRTQeh4nhNdwbVrmmLKFT7hkrg93V7T6ZYpump.json
5Fmdr7JUw2Rz7SJLaRw5gtGMcD5AbbpH6XbNSvMApump,2026-06-01T14:37:51Z,True,A4WATZg3RzpMcjA1wSUCU1zR8wUrQx3GEai5DNWniB1g,,,,,783c911,Shilin/artifacts/external_validation/raw_coin_metadata/5Fmdr7JUw2Rz7SJLaRw5gtGMcD5AbbpH6XbNSvMApump.json
5GFDGu5M9K3uTFtX6vyAvYS6JS4vqcyLuBEACvfGpump,2026-05-23T10:57:12Z,True,3j7LQgzYYR6N7S7miiKXPF3X1ZsfWXLv8aoCRdszvVN5,https://t.me/SlyroSol,SlyroSol,https://x.com/SlyroSol,https://slyro.best/,783c911,Shilin/artifacts/external_validation/raw_coin_metadata/5GFDGu5M9K3uTFtX6vyAvYS6JS4vqcyLuBEACvfGpump.json
5GbymGY6rq5Jp4jhJKENPdyzXPGTjaDkMBn1e8hepump,2026-05-19T09:59:06Z,True,6gRbATaRDQvBQQ4FMRSj2VBrGMVWKqsq6yR269TARfZv,https://t.me/buttmaxxingsol,buttmaxxingsol,https://x.com/ButtmaxxingSOL,https://buttmaxxing.fun/,783c911,Shilin/artifacts/external_validation/raw_coin_metadata/5GbymGY6rq5Jp4jhJKENPdyzXPGTjaDkMBn1e8hepump.json
5HZjTTkctgEWSWC76LkRK4ATjZuPm9wXFLHJJcNgpump,2026-05-10T03:34:08Z,True,CMdMZJLfUoV8Epsk5b5MSnFohZX6ycB9pRL194w7suHz,,,,https://capylot.lol/,783c911,Shilin/artifacts/external_validation/raw_coin_metadata/5HZjTTkctgEWSWC76LkRK4ATjZuPm9wXFLHJJcNgpump.json
5HoKVjfTJ1BXm1GX3sT771Q8nxppfRecMxGR2hNYpump,2026-05-14T01:42:54Z,True,CgPvqbTqXUdQEYGry2AuXSMiHxEYiZqVrkcbBbLF1UvP,,,https://twitter.com/business/status/2054739029225083319,,783c911,Shilin/artifacts/external_validation/raw_coin_metadata/5HoKVjfTJ1BXm1GX3sT771Q8nxppfRecMxGR2hNYpump.json
5KTMAT9JtzQhrrPnt2J91aTGBDmfTyrwwMjS9ZzYpump,2026-06-06T15:20:16Z,True,HVhQaT4kQ8EfhHdKAXikss6qMvJKpAipg5dq2PRMDyTV,,,https://x.com/boden4pres/status/2063279734050431106?s=20,,783c911,Shilin/artifacts/external_validation/raw_coin_metadata/5KTMAT9JtzQhrrPnt2J91aTGBDmfTyrwwMjS9ZzYpump.json
5Kdv682sUpVCWbhdGPH74UvFd1TkRrcqv1JdDKxGpump,2026-05-13T13:52:33Z,True,9sW7EaDadMAJEdFec4i9HyQY28zME3pECLtXMXc8R8JS,,,https://x.com/WHFraudTF,,783c911,Shilin/artifacts/external_validation/raw_coin_metadata/5Kdv682sUpVCWbhdGPH74UvFd1TkRrcqv1JdDKxGpump.json
5KrxQC1AZ4SpNA5mXYKCWurBbxxvKCihc45ePbR5cMg5,2026-05-22T19:25:00Z,True,GWicEhUZKfxXUzjvqAE8m7Y3TdDtsmFEpviq7B2AJgNv,,,https://x.com/stepango/status/2057905568011157712,,783c911,Shilin/artifacts/external_validation/raw_coin_metadata/5KrxQC1AZ4SpNA5mXYKCWurBbxxvKCihc45ePbR5cMg5.json
5L5e1rcSihAeRm9pXTbWQumLdTMgasB8Z1gmgH79pump,2026-05-17T15:40:51Z,True,9SuDNJMcnmvgdkkb1Va4CKngd1r4MDtddWyw47r8M9G1,https://t.me/flora_sol,flora_sol,https://x.com/FloraAgentSOL,https://www.theguardian.com/technology/2026/may/14/ai-agents-behaviour-arson-safety,783c911,Shilin/artifacts/external_validation/raw_coin_metadata/5L5e1rcSihAeRm9pXTbWQumLdTMgasB8Z1gmgH79pump.json
5MbCzAJnawzyZdyXGohwgStjj2mb3a7LwuHKMSAfpump,2026-06-10T08:55:09Z,True,B4v4MCWFYRBewWu15Mv2VS6QAhrWGSg43sPQXAPHqgRv,,,https://x.com/N3umu/status/2064488570048721190?s=20,,783c911,Shilin/artifacts/external_validation/raw_coin_metadata/5MbCzAJnawzyZdyXGohwgStjj2mb3a7LwuHKMSAfpump.json
5MniWyZASpfCqn9mhEtH3MqRXsVrqRnKrY958hQzpump,2026-05-29T19:20:59Z,True,2t7aLYNqDcdduJcmCi4p5pchjEZaARRXKHije3p84aFQ,,,https://x.com/tungsusahSahur?s=20,,783c911,Shilin/artifacts/external_validation/raw_coin_metadata/5MniWyZASpfCqn9mhEtH3MqRXsVrqRnKrY958hQzpump.json
5N5SJFtxu3qoYQjukmjuiNjRwSaRXu4TpmE4pxeKpump,2026-05-13T13:04:40Z,True,FCSqyqwgbMpoQzgJrmW3NANnqH9WRvRGcsVVWQXDXrx6,,,https://twitter.com/MarioNawfal/status/2054548213240049916,,783c911,Shilin/artifacts/external_validation/raw_coin_metadata/5N5SJFtxu3qoYQjukmjuiNjRwSaRXu4TpmE4pxeKpump.json
5NXZx1LWDEkFeUmTZZZuPuFUumQrdAEWNYVUUcnGpump,2026-06-05T23:41:50Z,True,CJkLAucQyp4aubBxTa9zodiBcP6Gz5DT6Ev5d9maYyvL,,,https://x.com/NatureUnedited/status/2063028335634981187,https://,783c911,Shilin/artifacts/external_validation/raw_coin_metadata/5NXZx1LWDEkFeUmTZZZuPuFUumQrdAEWNYVUUcnGpump.json
5NrgSWw5zFYkea4LC8G8XwyYMMxqGacYqGnvH84apump,2026-05-17T03:12:05Z,True,BgCNT66y8ZSeUoPjnryJ8ndnrGkXJUMWECAmPuUtLouk,,,,,783c911,Shilin/artifacts/external_validation/raw_coin_metadata/5NrgSWw5zFYkea4LC8G8XwyYMMxqGacYqGnvH84apump.json
5Pe4goVNGZJ5GetftLnqrUSGkb154jXMg2PA1Wdpump,2026-06-03T12:26:22Z,True,EqaneY8qSfSksgBvPVQvdWU5MJRdPq55YJBMiE7DyUkt,,,,,783c911,Shilin/artifacts/external_validation/raw_coin_metadata/5Pe4goVNGZJ5GetftLnqrUSGkb154jXMg2PA1Wdpump.json
5SX8wH2MBkJER9THthRmmirjeHhgudwmMVUpNx2Rpump,2026-06-02T13:53:03Z,True,6JB1Yu9PUELfxU55QfUZ5FHFaTAgXizYGRdBgVEGQMKt,https://t.me/LumiAgentSol,LumiAgentSol,https://x.com/LumiAgentSol,https://lumiagent.xyz,783c911,Shilin/artifacts/external_validation/raw_coin_metadata/5SX8wH2MBkJER9THthRmmirjeHhgudwmMVUpNx2Rpump.json
5Sw1AU46TPQ2jTQfupotGM3jCYrktdGYhqBpWskVpump,2026-05-12T13:13:26Z,True,61QpEpAFofv6f5SNGvkum8aKxh5nMR6xKGHfg68Pk2Cz,,,https://twitter.com/truth_terminal/status/2054187964885000483,,783c911,Shilin/artifacts/external_validation/raw_coin_metadata/5Sw1AU46TPQ2jTQfupotGM3jCYrktdGYhqBpWskVpump.json
5T5U7L88xivjJJkypFCGupiD4up4jhRvtgpCgvhZpump,2026-06-09T01:40:22Z,True,5u8MdykqXvrS8v6YKye9b4yFVZ4XzRCvHhRAsYDs4ndt,,,,,783c911,Shilin/artifacts/external_validation/raw_coin_metadata/5T5U7L88xivjJJkypFCGupiD4up4jhRvtgpCgvhZpump.json
5U93ormRHYEBBCe6YNbeYTV2avUrDL9kFGi3QsGSpump,2026-06-07T21:57:47Z,True,AC7E7tKXwxCRYTTuU1uZo3KMko7vGrqSMZqbYTGppAov,https://t.me/skaldai_channel,skaldai_channel,https://x.com/SkaldAX, https://skaldai.online,783c911,Shilin/artifacts/external_validation/raw_coin_metadata/5U93ormRHYEBBCe6YNbeYTV2avUrDL9kFGi3QsGSpump.json
5UR73vnBAEbwr8tWomzgxZiavjMP422mNrfr3Y62rS1A,2026-05-30T22:56:24Z,True,8xij6s3mfisa7eDpbACU1kR2tPHGzbDdyQmuAtEPxeb9,,,https://x.com/WhiteHouse/status/2060857877053526234,,783c911,Shilin/artifacts/external_validation/raw_coin_metadata/5UR73vnBAEbwr8tWomzgxZiavjMP422mNrfr3Y62rS1A.json
5UfXNYXDCn2skawCqnyvig9ZFzfrG6nbp3jWJq6rpump,2026-05-29T17:47:59Z,True,9tXGDfhCjK1ch3UPGYeDkodty2q96e78QdbiV5biHUtN,,,,,783c911,Shilin/artifacts/external_validation/raw_coin_metadata/5UfXNYXDCn2skawCqnyvig9ZFzfrG6nbp3jWJq6rpump.json
5VMhyoVZex2EB2krmCiYmbDwE1nnje81Znj7X3mtpump,2026-06-10T16:33:59Z,True,5HTM3BJQPyqgG29vMVZn5Eugudq8ZnTh1kudrY9edjCp,,,https://x.com/WorldCupModeSol,http://worldcupmode.fun,783c911,Shilin/artifacts/external_validation/raw_coin_metadata/5VMhyoVZex2EB2krmCiYmbDwE1nnje81Znj7X3mtpump.json
5VhKHLJMN7WDtfkyvko4RTL1EziRzKFfbitiTwGJpump,2026-05-14T06:32:30Z,True,2uXUKErGejx4jCLxTKBGB5p1puTmrCZL5BXpPRLzQXJW,,,,,783c911,Shilin/artifacts/external_validation/raw_coin_metadata/5VhKHLJMN7WDtfkyvko4RTL1EziRzKFfbitiTwGJpump.json
5WQtEswErN1Ety2HLZj5CjLmdkYZAjWrdMc2uMFHpump,2026-05-13T19:28:18Z,True,2amkwV2wE35s52qcXiouvekZYYGafxmzVWh6ZoLtzEez,,,,,783c911,Shilin/artifacts/external_validation/raw_coin_metadata/5WQtEswErN1Ety2HLZj5CjLmdkYZAjWrdMc2uMFHpump.json
5WSuGbdxJSpRgqvwS68w6NLYq1Wc3Z2c7pVXwK6fpump,2026-06-04T19:44:26Z,True,AoAxA1EqJpUxRSPS6LaBYmCzoE3MPeQHyHAp4F4JTjkS,,,https://x.com/perpsws,https://perps.ws,783c911,Shilin/artifacts/external_validation/raw_coin_metadata/5WSuGbdxJSpRgqvwS68w6NLYq1Wc3Z2c7pVXwK6fpump.json
5bJdhYY6GUM5Ends6eaqB2vGikPLdrjZ8gMYoDYpump,2026-05-23T18:40:36Z,True,FmLuc93MBJafr8tc5naxmTRMyH7UirAsTFMjsJ4pmPdo,https://t.me/clutch_the_mascot,clutch_the_mascot,https://x.com/clutch_soldev,https://clutchsol.click/,783c911,Shilin/artifacts/external_validation/raw_coin_metadata/5bJdhYY6GUM5Ends6eaqB2vGikPLdrjZ8gMYoDYpump.json
5bWo9g4qsEviNcnPZEcemfmuCxqgh9n1xwpGA5Cypump,2026-05-26T23:58:04Z,True,41zQh4b98KJbxksEdMab9ELdTSC6bqoBGZZBd49JNDiJ,https://t.me/fcm_fun,fcm_fun,https://x.com/fcmdotfun,https://fcm.fun,783c911,Shilin/artifacts/external_validation/raw_coin_metadata/5bWo9g4qsEviNcnPZEcemfmuCxqgh9n1xwpGA5Cypump.json
5dVkRE1xaP7M65MByjP7N2zQiTZkUhRDc7776gv7pump,2026-06-08T09:11:42Z,True,9bwU9sAZ6a7AR4qw5nPezb7vhbiKsuDBDK7ichiXYjL3,https://t.me/existsonline,existsonline,https://x.com/ExistsOnline,https://exists.online/,783c911,Shilin/artifacts/external_validation/raw_coin_metadata/5dVkRE1xaP7M65MByjP7N2zQiTZkUhRDc7776gv7pump.json
5eLjZyuQaj67ThDpMsojzJhZEL2q2TxeDmfgLLQRpump,2026-06-08T17:31:09Z,True,2NjiHYuzqsBZ7uMZ65S4HZb3bJZ5tenhTsMLT1j4RSY2,,,https://x.com/Streamwork_LIVE/status/2064037447541953014,https://streamwork.live/,783c911,Shilin/artifacts/external_validation/raw_coin_metadata/5eLjZyuQaj67ThDpMsojzJhZEL2q2TxeDmfgLLQRpump.json
5eewDqFix9qGeCHBFnUWtCa1JdS5EfUXkCVRfbQvpump,2026-05-19T03:21:48Z,True,CXtUpgQVddQfLdL5m7ZaD6uBAzgktK1aWiE7YKvGLZbo,,,,https://wearefriends.xyz/,783c911,Shilin/artifacts/external_validation/raw_coin_metadata/5eewDqFix9qGeCHBFnUWtCa1JdS5EfUXkCVRfbQvpump.json
5enxAKZS82fGiqhSsZtrZEHj74snWZ1vVm1j8XTNpump,2026-06-05T17:16:57Z,True,4hUHw7opBgymBnBfFGwjpTyVbLbTnZCtaPZ1ZBmFGPfd,,,https://x.com/GoPumpWorld/status/2062945016419660236?s=20,https://www.gopump.world/,783c911,Shilin/artifacts/external_validation/raw_coin_metadata/5enxAKZS82fGiqhSsZtrZEHj74snWZ1vVm1j8XTNpump.json
5etbzxYXjuCojfsbXGuML3nJeyr7Nf8M31knLACcpump,2026-06-10T15:55:53Z,True,Fyc7RRqYrm8KgpawYn2LJssqWJbHiB1zg6GDq64JAfet,https://t.me/gaejook_community,gaejook_community,https://x.com/GaejookX,https://gaejook.xyz/,783c911,Shilin/artifacts/external_validation/raw_coin_metadata/5etbzxYXjuCojfsbXGuML3nJeyr7Nf8M31knLACcpump.json
5ftqkFgzqjruGbmkjH3ySJAhqGREzV4suc6rbBCPpump,2026-06-04T02:07:02Z,True,Fr1yKMX9Y5CzXvP6itjCYybWX1aU6rk1c6P2HYgs2Ch4,https://t.me/AYANUKI,AYANUKI,https://x.com/AYANUKIDEV,https://ayanuki.vip/,783c911,Shilin/artifacts/external_validation/raw_coin_metadata/5ftqkFgzqjruGbmkjH3ySJAhqGREzV4suc6rbBCPpump.json
5fxposbED84Ldj9YYYYRyyLcCs7oij1L4skSyzbapump,2026-05-30T03:54:16Z,True,HjPEM5jC22MMJdEdWFF1KsJYL7PwDj46eiHXta6ZGAEi,,,,https://hellokero.fun/,783c911,Shilin/artifacts/external_validation/raw_coin_metadata/5fxposbED84Ldj9YYYYRyyLcCs7oij1L4skSyzbapump.json
5gGmEntV6etexy88jHuyCrv8KhBmnRQDbTwptXpvpump,2026-05-31T12:42:14Z,True,61WDe1fvbuYif9hCLJV2uSrwBkkVL8c1ii1znoKRrBHs,,,https://x.com/reversal_card/status/2061065407541178818,https://reversal.cards/,783c911,Shilin/artifacts/external_validation/raw_coin_metadata/5gGmEntV6etexy88jHuyCrv8KhBmnRQDbTwptXpvpump.json
5gzS9bQ7psEmth5PqSBgkWdXoqFNSdxHzaRB7vampump,2026-05-14T15:56:40Z,True,FbDqVoVofx96Xujm8P3KcfWsXeapXp4vBbmLXufJeA27,,,https://x.com/Ramilia12,https://www.vysex.top/,783c911,Shilin/artifacts/external_validation/raw_coin_metadata/5gzS9bQ7psEmth5PqSBgkWdXoqFNSdxHzaRB7vampump.json
5hHttrAPkJdoNbTPoeRdChPRdkSpsinKut7udFupump,2026-05-17T12:41:57Z,True,HrpZESNAwiB39JLL2MMpQ2x3ATHkBxR4adqFM85VHdje,,,https://x.com/elonmusk/status/2055940968734756912,,783c911,Shilin/artifacts/external_validation/raw_coin_metadata/5hHttrAPkJdoNbTPoeRdChPRdkSpsinKut7udFupump.json
5hYkccZfo3bv1d1HZqm4xwTqFYjKLCYUzUiAA3vppump,2026-05-29T17:47:22Z,True,Bn9aE9v7yMRffvG6vTAP7hL3qLCp9phH9dM2Zy1dCteo,,,https://x.com/patrykkepczyk/status/2060416991215968646,https://pump.fun/communities/5hYkccZfo3bv1d1HZqm4xwTqFYjKLCYUzUiAA3vppump,783c911,Shilin/artifacts/external_validation/raw_coin_metadata/5hYkccZfo3bv1d1HZqm4xwTqFYjKLCYUzUiAA3vppump.json
5hiLgyybrAYPpUwNFa38agfZ8iEtnahWKAPixcfspump,2026-05-22T20:45:51Z,True,3hCWyGJyuvjxrgLvu6QQgrTeDWYfUvvdPNk6SHXiP1Hj,,,https://x.com/chooserich/status/2057924984064868654,https://x.com/chooserich/status/2057924984064868654,783c911,Shilin/artifacts/external_validation/raw_coin_metadata/5hiLgyybrAYPpUwNFa38agfZ8iEtnahWKAPixcfspump.json
5i2XJULjqjhK8rDN5Bm6Z1pukEs653yuENqg9EkUpump,2026-05-29T13:37:29Z,True,2munK4bd31h1AqEVMz57hndo3ReaLq2dfcaDVbWgUZxG,,,https://x.com/solanatwencher/status/2060354775732871295,https://x.com/Channel4News/status/2060309643402891498,783c911,Shilin/artifacts/external_validation/raw_coin_metadata/5i2XJULjqjhK8rDN5Bm6Z1pukEs653yuENqg9EkUpump.json
5iFxYBaYPcso8JUMrQzy7yeUVEuNhnnAMReWkKgHpump,2026-06-10T04:01:52Z,True,3Jrt87g7V9HupcGtCXVg3nzRVKmbYBqFPykDgQ4knxcu,,,https://x.com/BabyJotchuaDog,https://jotchuaking.world,783c911,Shilin/artifacts/external_validation/raw_coin_metadata/5iFxYBaYPcso8JUMrQzy7yeUVEuNhnnAMReWkKgHpump.json
5kfeyPbxfxtbCqe7PiAT1Bn8pEmxL1Ksc6uQJ2uipump,2026-06-04T08:32:40Z,True,6MnN6MCrphEAnFzdXvm5vB2WmMAPVxFMHfhh98Z51c4S,,,,,783c911,Shilin/artifacts/external_validation/raw_coin_metadata/5kfeyPbxfxtbCqe7PiAT1Bn8pEmxL1Ksc6uQJ2uipump.json
5mxCrbnhqBGxYyXRNcUULxNsiEqXhDZBeVWHYcQCpump,2026-05-22T01:21:25Z,True,VbXtRN2mHA6Pcxk6pQ6z2D2n6DzVEecSMw6FVJJy8Bh,,,https://x.com/trumpmemenald,https://trump.meme.bz,783c911,Shilin/artifacts/external_validation/raw_coin_metadata/5mxCrbnhqBGxYyXRNcUULxNsiEqXhDZBeVWHYcQCpump.json
5nFQiUs68iBZGyGZuAApdax5Z2aJRtz94rxoxi8Vpump,2026-05-21T08:37:40Z,True,CBhf2q3RGRp4x1byMUdDJGtAjxy6skyk2gkaKFqA3BfG,https://t.me/bean_solana,bean_solana,https://x.com/bean_onsol,https://bean-sol.fun,783c911,Shilin/artifacts/external_validation/raw_coin_metadata/5nFQiUs68iBZGyGZuAApdax5Z2aJRtz94rxoxi8Vpump.json
5npG1gZ2NZcDnCM8UL8u1Wh2Jirbrb3ohL2RxyRfpump,2026-05-14T03:48:16Z,True,BFju8TovHztguyDnPvtstQSFzcW74j2DJkPPbjXXRCWz,,,https://x.com/robtmb1/status/2054770711315579069?s=20,https://www.gofundme.com/f/standing-with-josh-and-family-after-the-shooting,783c911,Shilin/artifacts/external_validation/raw_coin_metadata/5npG1gZ2NZcDnCM8UL8u1Wh2Jirbrb3ohL2RxyRfpump.json
5o6C6FvKDoga1XpTb4ui79NQPomxeWwzcSsJpGbKpump,2026-05-25T23:03:04Z,True,HRYq4V3BKZdfTYZsnhunUUv4EQPLEg7A8qhzuy9wYxEE,,,https://x.com/joi___ai/status/2058890264618693068,,783c911,Shilin/artifacts/external_validation/raw_coin_metadata/5o6C6FvKDoga1XpTb4ui79NQPomxeWwzcSsJpGbKpump.json
5qBFkmXwiTjxtrDZA7dPUm9waBWcPbshYce7Xkchpump,2026-05-21T01:47:12Z,True,2MVp8pykygZQbPMq59T7ztw1injCQ1Uq2NYxHxmSHYd7,https://t.me/spcxdragonsol,spcxdragonsol,https://x.com/SPCXDragon,https://spcxdragon.xyz/,783c911,Shilin/artifacts/external_validation/raw_coin_metadata/5qBFkmXwiTjxtrDZA7dPUm9waBWcPbshYce7Xkchpump.json
5qXwVCnt3XJn2Lkg6vSRxeU3gAtd7Tz1CsHx3HHLpump,2026-05-23T15:08:36.657000Z,True,,,,,https://bankeropus.com/,783c911,Shilin/artifacts/external_validation/raw_coin_metadata/5qXwVCnt3XJn2Lkg6vSRxeU3gAtd7Tz1CsHx3HHLpump.json
5qiXiAECViStbpJJN2T4dRZSYsyYBUmiJDXDcvsZpump,2026-05-13T12:51:57Z,True,wDdaEsgmRJJkzm14m717Xz1DeYMy31AMXxX2gJ2xxcp,,,https://x.com/WorldCupTrump,https://worldcuptrump.club,783c911,Shilin/artifacts/external_validation/raw_coin_metadata/5qiXiAECViStbpJJN2T4dRZSYsyYBUmiJDXDcvsZpump.json
5qjLYQSeVUiVsbynDJtW4z9hEN3m4JbZDrVESwYmpump,2026-05-29T22:54:36Z,True,YPLP5j27ar196hy1zwnooYiQsSTSsFyePrrwh5XkBrw,,,https://x.com/PokemonDealsTCG,https://graildefi.com/,783c911,Shilin/artifacts/external_validation/raw_coin_metadata/5qjLYQSeVUiVsbynDJtW4z9hEN3m4JbZDrVESwYmpump.json
5qvV8eKwjTMkHjLHVjtJbqCLocoynbRzWR2fhCepump,2026-06-07T22:55:53Z,True,9xFXifSfSirBFMni2BjDmjLB5ztKBNULHFd36MNHpEtZ,https://t.me/HYPNOSIS_HIPNO,HYPNOSIS_HIPNO,https://x.com/HYPNOSIS_HIPNO,https://hypnosis.click/,783c911,Shilin/artifacts/external_validation/raw_coin_metadata/5qvV8eKwjTMkHjLHVjtJbqCLocoynbRzWR2fhCepump.json
5rJYVRhXdRtda8TviU57MH85ittYbCN7AzGrzi7hpump,2026-05-28T10:49:17Z,True,Ecw7r4mf4GxKFHMkyPmVDS1sPGdGNXB5XMQCnbSwjgFg,,,https://x.com/Axtrades3/status/2059949430946554254,,783c911,Shilin/artifacts/external_validation/raw_coin_metadata/5rJYVRhXdRtda8TviU57MH85ittYbCN7AzGrzi7hpump.json
5rWp6dAKcxJxEZtW4FH5R371ymsGq25NxtfexYRapump,2026-06-06T22:48:22Z,True,ENepZrMjbr4A3bE3QNi8BdwRUkCCi6nK3QrbVh9LYNRJ,https://t.me/LongTermCryptoSOL,LongTermCryptoSOL,https://x.com/i/communities/2020241545933283739,https://longtermcrypto.app/,783c911,Shilin/artifacts/external_validation/raw_coin_metadata/5rWp6dAKcxJxEZtW4FH5R371ymsGq25NxtfexYRapump.json
5sCL8CRwjNU6KddpiUaibnnxBaUtntHC5oQHCrWdpump,2026-06-01T21:49:47Z,True,9kPXY6PqSUczvBdnNy56ivXRF1kQjYDVUrwXV8jqFgkk,https://t.me/BORGcoins,BORGcoins,https://x.com/BORG_Token,https://www.blueorigin.com/,783c911,Shilin/artifacts/external_validation/raw_coin_metadata/5sCL8CRwjNU6KddpiUaibnnxBaUtntHC5oQHCrWdpump.json
5u8ppkpKG3Qij1VhDRftBASxaVnXAVjLNyKaZwWApump,2026-05-30T15:42:48Z,True,DfQFoSgY8zywbA51wqj5xrA4vjUy7zsAfZZsgEcw6aed,,,https://x.com/grok/status/2060744123032744004?s=20,https://www.blogdelnarco.org/2026/05/juan-gloria-dueno-de-los-campos-de.html?m=1#google_vignette,783c911,Shilin/artifacts/external_validation/raw_coin_metadata/5u8ppkpKG3Qij1VhDRftBASxaVnXAVjLNyKaZwWApump.json
5uF7557q4ijDVoiQWCKahxWRa3dtWDMgAh11HH77pump,2026-05-18T01:26:56Z,True,9GMWDedTUKn7SLnMEFNRm7R6KzWuAdsSPUkaaW8VPZgJ,,,https://x.com/memenald,https://truthsocial.com/@realDonaldTrump/posts/116591901587847680,783c911,Shilin/artifacts/external_validation/raw_coin_metadata/5uF7557q4ijDVoiQWCKahxWRa3dtWDMgAh11HH77pump.json
5v5T88eNsCYpbALRANC9kynd4HEDK1enjuLpUc92pump,2026-05-17T13:40:03Z,True,EiP6erQgkCQZEQPamYnZmJYEXP9ou7beDHCpuqoVUnzN,,,https://www.instagram.com/p/DYcRPAWi6zf/,,783c911,Shilin/artifacts/external_validation/raw_coin_metadata/5v5T88eNsCYpbALRANC9kynd4HEDK1enjuLpUc92pump.json
5v8mwouUyFbeB3A1fhXWMjZNNarsZpQtKuN8F7sppump,2026-06-07T21:41:55Z,True,EZKY7xVW8yquTVkyg8hLfnRj2z9RoKFV2vyoyyBr8eZK,https://#,,https://x.com/NerveOnPump,https://www.nervegames.fun/,783c911,Shilin/artifacts/external_validation/raw_coin_metadata/5v8mwouUyFbeB3A1fhXWMjZNNarsZpQtKuN8F7sppump.json
5wNj6gZmtwcLS2gqBDmB6jEpKTP5gCvXbfJ1A9RUpump,2026-05-30T13:46:04Z,True,48MJPKXQUhD5X6h2QYgAMuRb3yW1vSCMoCooqU5yTJZ1,,,https://x.com/SOLX402_up/status/2060718103689040106,https://pump.fun/communities/5wNj6gZmtwcLS2gqBDmB6jEpKTP5gCvXbfJ1A9RUpump,783c911,Shilin/artifacts/external_validation/raw_coin_metadata/5wNj6gZmtwcLS2gqBDmB6jEpKTP5gCvXbfJ1A9RUpump.json
5wT89qk2GtTBAL3xh59oCYpSqcpm5Z6RfsFRX77dpump,2026-06-10T11:18:26Z,True,2F1CpBp7Cqyd74iQwaFGHrD1HTUiVJTdZkrH2g657WYW,,,,,783c911,Shilin/artifacts/external_validation/raw_coin_metadata/5wT89qk2GtTBAL3xh59oCYpSqcpm5Z6RfsFRX77dpump.json
5wTBXVryUjodyxJy32zRARnWqTWZnQkAg25DWzp7pump,2026-06-10T09:52:51Z,True,Ejv5vsxj2m5Cub1DSPYgpN29xFuLrT1GrVeHBddcsh4C,,,,,783c911,Shilin/artifacts/external_validation/raw_coin_metadata/5wTBXVryUjodyxJy32zRARnWqTWZnQkAg25DWzp7pump.json
5xGEBxBatikCJYR3YGfvRP8JotFnVm7ZPM9aG8c2pump,2026-05-22T16:19:08Z,True,BuKvtC6dbbMpLgfWVacFWPuMbSTtEX8bmV1vJSgxoKgr,,,https://x.com/arcta,https://arcta.run,783c911,Shilin/artifacts/external_validation/raw_coin_metadata/5xGEBxBatikCJYR3YGfvRP8JotFnVm7ZPM9aG8c2pump.json
5xMsA6MVWF5L6TMQFWqRWFq4yTQw2yoMbwKefTEVpump,2026-05-25T11:08:03Z,True,5BqFgGwojABiJVGK7Wdpw4bxbVNZKyrSuERiC8N8RRYY,,,https://x.com/RavicleJackson,https://www.raviclejackson.vip,783c911,Shilin/artifacts/external_validation/raw_coin_metadata/5xMsA6MVWF5L6TMQFWqRWFq4yTQw2yoMbwKefTEVpump.json
5xU43kGDshMWTDUEZ3fKxtqeuVo9yML1bhgSiNw6pump,2026-06-01T15:07:12Z,True,DbbsCR2hTFyZNgKxSCtfGZUmmyA9KNnbiavupP57zAuA,,,https://x.com/humanevolvd/status/2061464455397982456?s=46,,783c911,Shilin/artifacts/external_validation/raw_coin_metadata/5xU43kGDshMWTDUEZ3fKxtqeuVo9yML1bhgSiNw6pump.json
5y8if2sjG2JCckGaaWqW12B6DGtzDgueXTMbSMnApump,2026-06-08T03:18:34Z,True,AkUWjtdUPrp7a414QzXmvK5rtPgJMrYVgSaYFxk62hQV,,,,,783c911,Shilin/artifacts/external_validation/raw_coin_metadata/5y8if2sjG2JCckGaaWqW12B6DGtzDgueXTMbSMnApump.json
5yAGfey5iaZgvzRmpkQzxR8BYXfx1g1roG4CDx3mpump,2026-05-26T20:53:26Z,True,CDd5hToqPqnjH4VnNvckkhbgdS4oMbrQRQGojTS3AJis,,,https://x.com/ayushquantt/status/2059377199342370934,https://x.com/ayushquantt/status/2059377199342370934,783c911,Shilin/artifacts/external_validation/raw_coin_metadata/5yAGfey5iaZgvzRmpkQzxR8BYXfx1g1roG4CDx3mpump.json
5yFgZo7Mfc1jAjky8xSWZheKb8BBBuNdQhu11LmHyXD9,2026-05-28T21:48:16Z,True,7fwNojYkVqv4SzbuonrJyzetWQwja3BcbtkdinmyHRSR,,,https://twitter.com/AxTrades30/status/2060115725180674377,https://axiom.trade/pulse?chain=sol,783c911,Shilin/artifacts/external_validation/raw_coin_metadata/5yFgZo7Mfc1jAjky8xSWZheKb8BBBuNdQhu11LmHyXD9.json
5yLRN8nEpfRWxCSBQYXvJy4NhjevDme6SNNwyeUXpump,2026-06-03T06:10:22Z,True,Fn9fV1uHG9fyTMvcW6dSt1Hw1ESpvHjUvB4DD257Zaac,,,,https://github.com/wellwellwellWHATEVER/bullshit,783c911,Shilin/artifacts/external_validation/raw_coin_metadata/5yLRN8nEpfRWxCSBQYXvJy4NhjevDme6SNNwyeUXpump.json
5ytQRtnK4skEwfxANDjQbZ4tqg4C6dax6RERzYjJpump,2026-05-18T00:03:12Z,True,2VQxasRA1vDexMeRfFmkSJVK8McjEnpaQGoTWyFh8gCc,,,https://x.com/TheSourceS0L/status/2056163631226601966,https://x.com/TheSourceS0L/status/2056163631226601966,783c911,Shilin/artifacts/external_validation/raw_coin_metadata/5ytQRtnK4skEwfxANDjQbZ4tqg4C6dax6RERzYjJpump.json
61Fij1JNJrjTK3gVmWRZrpN1rhxzqJvR51fs54zMpump,2026-05-29T14:58:13Z,True,Dej2dhSaquoP26Ks7YiiMShyV7JVTd1mSjbns89MCSez,,,,,783c911,Shilin/artifacts/external_validation/raw_coin_metadata/61Fij1JNJrjTK3gVmWRZrpN1rhxzqJvR51fs54zMpump.json
61Ph76cbGL2hMidG1x5fW37DXpJAQ3XEq3psNGwHpump,2026-05-15T05:09:07Z,True,H96yEWeJp6AVjxztAfgRm5gYDiCwRsXRAWKmEUqXzKZd,,,https://x.com/TraditionTimo/status/2055153385737707574?s=20,,783c911,Shilin/artifacts/external_validation/raw_coin_metadata/61Ph76cbGL2hMidG1x5fW37DXpJAQ3XEq3psNGwHpump.json
61aNNrrRp81a3ZztDL69dNyrcshBsqWZdWVSrpYpump,2026-06-01T21:08:23Z,True,5JawvtvVnvs46sFjMeJTKv183hiscyFC4j941HGcM55X,https://t.me/peptide_portal,peptide_portal,https://x.com/peptimart_,https://peptimart.xyz,783c911,Shilin/artifacts/external_validation/raw_coin_metadata/61aNNrrRp81a3ZztDL69dNyrcshBsqWZdWVSrpYpump.json
61qdSbwuJgH8obExejJHywCr3ajviT2iMgBhaCwJpump,2026-05-19T13:20:08Z,True,9ARrxBEVygNNtk2mdg1xVjhjr5AqJJbPawUJUXgTx2ax,,,https://x.com/search?q=anomaly%20in%20the%20matrix&src=typed_query,,783c911,Shilin/artifacts/external_validation/raw_coin_metadata/61qdSbwuJgH8obExejJHywCr3ajviT2iMgBhaCwJpump.json
61sri4wxXUTNSzwAKPHpraT9bPUF1b6Xyzny8KCQpump,2026-05-17T10:47:08Z,True,7uS7vAUGiCkcNqYDGRS7uznTm8yMofLADFbYWYmzKcjy,,,https://x.com/jeromedev11/status/2055963320952246631,https://www.cnn.com/travel/country-governed-by-ai-sensay-philippines,783c911,Shilin/artifacts/external_validation/raw_coin_metadata/61sri4wxXUTNSzwAKPHpraT9bPUF1b6Xyzny8KCQpump.json
61uaHBdWUnnYB6aseptCRthwFmeXmTkE3GSZ9smzcash,2026-05-22T00:14:41Z,True,6W3ovjKMQGnDay33miG7sMfYUvP19kCNJNsintLymsAv,,,https://x.com/DePINZcash,https://www.zcashdepin.com/,783c911,Shilin/artifacts/external_validation/raw_coin_metadata/61uaHBdWUnnYB6aseptCRthwFmeXmTkE3GSZ9smzcash.json
63A7AMvPaXehLbpjET8jgMMQvkfqQqb4Pi5qVuACpump,2026-06-02T20:20:16Z,True,J8tKRYbjq6WL1zqEpKfzqovDrhSfBfdRQPUNVTKcNwq7,,,https://x.com/artinflated,https://www.artificialinflation.xyz/,783c911,Shilin/artifacts/external_validation/raw_coin_metadata/63A7AMvPaXehLbpjET8jgMMQvkfqQqb4Pi5qVuACpump.json
63wj3VKeNKtHiFL13nUdjYQsjxd3tst1Gs2aerJfpump,2026-05-21T02:47:44Z,True,6Hk6Cd3wCGrkExR5HXzWyqP9jXtBfz98MRVR7tfyTNqt,,,,,783c911,Shilin/artifacts/external_validation/raw_coin_metadata/63wj3VKeNKtHiFL13nUdjYQsjxd3tst1Gs2aerJfpump.json
64J4Qb2hQjdhDAUw5fCKQdYZw2oPP3NU2VVRi4zdpump,2026-06-05T12:15:52Z,True,5tiFPzVvvikeWXVh4sVQ31rFYraWQgzs5YV6QW6skHsS,https://t.me/ScrawlRats,ScrawlRats,https://x.com/ScrawlRats,https://scrawlrats.art,783c911,Shilin/artifacts/external_validation/raw_coin_metadata/64J4Qb2hQjdhDAUw5fCKQdYZw2oPP3NU2VVRi4zdpump.json
65AnXQSicfsXxG1UTUn7YKxqW8ne8isoienxwivPpump,2026-05-22T06:39:25Z,True,HR7mmANiZBQk9rop5GHfAQC3PyyeYsbtToVm2X9atDRa,,,https://twitter.com/elonmusk/status/2057712748830597536,,783c911,Shilin/artifacts/external_validation/raw_coin_metadata/65AnXQSicfsXxG1UTUn7YKxqW8ne8isoienxwivPpump.json
65cfxaWYK368Jk6RbKLRwsgk9TY3N4JNT1K9cBMqpump,2026-06-04T18:45:36Z,True,2nepKdnbnvKeTe8i91zxeCQCQjaLnvrbdoiesDCrxsiF,,,https://x.com/bonk_inu/status/2062603417642754244,https://x.com/dog_rates/status/2062563251414581283,783c911,Shilin/artifacts/external_validation/raw_coin_metadata/65cfxaWYK368Jk6RbKLRwsgk9TY3N4JNT1K9cBMqpump.json
665t5oNKaxi4scLeR4k9egasmctcRo5TXPXX3v78pump,2026-05-24T02:41:23Z,True,2EVVtcpZZEQUw9ffrTXiaQF6LCE8uTTCtsPyLyJ6UbMf,,,,https://justcomma.xyz/,783c911,Shilin/artifacts/external_validation/raw_coin_metadata/665t5oNKaxi4scLeR4k9egasmctcRo5TXPXX3v78pump.json
66ymgrQGXSyhKVo1om4M72gcWtttkEoU5mdW4gZEpump,2026-05-29T17:51:52Z,True,DdZkTVmpRHV3vF3kH3NPwj1pvwiygvP6X1pR1qkgqmCu,,,https://x.com/Troll250Bill,,783c911,Shilin/artifacts/external_validation/raw_coin_metadata/66ymgrQGXSyhKVo1om4M72gcWtttkEoU5mdW4gZEpump.json
67pDmujQmfpN2vSA1RCuADfd9Hu9RnjF1KVyyfUmpump,2026-06-08T14:50:27Z,True,CSK8gRrG7zZPeUNQZea1AKe3Bo6eRtSBJVdYSPZfDCvg,,,https://x.com/WCTROLL,,783c911,Shilin/artifacts/external_validation/raw_coin_metadata/67pDmujQmfpN2vSA1RCuADfd9Hu9RnjF1KVyyfUmpump.json
67wDFJdVn4FQJbMVxHFjVzyviWoicJbTaBccidv5pump,2026-05-27T19:16:18Z,True,2b2b1XyQHvSaDi2yJt7AtPR8G5r1HZ7TNSu7m2jxixTN,,,https://x.com/Mtobeiyf77/status/2059713934991462579,https://github.com/pump-fun/pump-public-docs/blob/main/docs/BREAKING_FEE_RECIPIENT.md,783c911,Shilin/artifacts/external_validation/raw_coin_metadata/67wDFJdVn4FQJbMVxHFjVzyviWoicJbTaBccidv5pump.json
69wURxBJ2Y1X9YBN7ssideA2kJ7tjsogSj1Xw6Yh2mEa,2026-05-12T16:10:11Z,True,DMickfHnNNUiEHTL16NmjmVePdwx8UzZfim6hixuhEDz,,,https://x.com/lofigirl/status/2054232667357356424,,783c911,Shilin/artifacts/external_validation/raw_coin_metadata/69wURxBJ2Y1X9YBN7ssideA2kJ7tjsogSj1Xw6Yh2mEa.json
69yJVAUo8vyrKwGyzkm7yZoszzyszHXWsAqoNENVpump,2026-05-17T14:22:03Z,True,79HjybNmAiudBgDqEVzocpHcKQgDTS8b316YSLEmWhHG,,,https://twitter.com/LostMemeArchive/status/2056017219746750953,,783c911,Shilin/artifacts/external_validation/raw_coin_metadata/69yJVAUo8vyrKwGyzkm7yZoszzyszHXWsAqoNENVpump.json
6BHoCTaL2Nex36ZNx8qurdzZWYrPMAYWUUYA7r4qpump,2026-06-08T06:14:04Z,True,5rdj9nGrVEYEg1hiEF6XU2CuPcurqDeRmBRdeTnQkoHo,,,,,783c911,Shilin/artifacts/external_validation/raw_coin_metadata/6BHoCTaL2Nex36ZNx8qurdzZWYrPMAYWUUYA7r4qpump.json
6Bgyhq65EXBcDBdk3j3RRRdZsyhDmeEcjsgzDxXDpump,2026-06-10T14:30:52Z,True,B3WfMwAjsqCNi11Bbkt9LKsLs8Kn4CBYgjqwL6v36qF1,,,https://x.com/meggarwicky/status/2064716911112245496,,783c911,Shilin/artifacts/external_validation/raw_coin_metadata/6Bgyhq65EXBcDBdk3j3RRRdZsyhDmeEcjsgzDxXDpump.json
6Bpj7k7JvkQoZrK29Ry88EnTEaDzcjfb1sN176Capump,2026-05-24T11:21:48Z,True,AefzLm6nNEqRjYhMueMSZ5Ckzbv2FHzxWdxnwVsoiFWR,https://t.me/dumbestcoinsoltg,dumbestcoinsoltg,https://x.com/dumbestcoinsol,https://dumbestcoin.fun/,783c911,Shilin/artifacts/external_validation/raw_coin_metadata/6Bpj7k7JvkQoZrK29Ry88EnTEaDzcjfb1sN176Capump.json
6CKTjmDKyezJ5XFEGZ87JGmoeP9MFKHUKya1u6Rxpump,2026-06-10T13:25:29Z,True,37h7wsjbepYzYLj4iu8y4BeM8r4LAGSt8fmZqBbJpY95,,,https://x.com/solana/status/2064694767728922856,https://solana.com/news/world-series-of-poker,783c911,Shilin/artifacts/external_validation/raw_coin_metadata/6CKTjmDKyezJ5XFEGZ87JGmoeP9MFKHUKya1u6Rxpump.json
6DYjtkaEeWjtaxtfNxRepfW3B7ixgwXBnoPH4983pump,2026-05-26T17:46:40Z,True,27EowxYfpcdPwFyAczvzMbpoEJ7xL9Su7AxY6AFVwLWm,https://t.me/OneCoinToRuleThemAll,OneCoinToRuleThemAll,https://x.com/i/communities/2027076670889533775,https://onecointorulethemall.one/,783c911,Shilin/artifacts/external_validation/raw_coin_metadata/6DYjtkaEeWjtaxtfNxRepfW3B7ixgwXBnoPH4983pump.json
6EHTUWyRqVUrm6zhG7ciMpsaH79NQHxw5h3HxEidpump,2026-06-03T12:29:44Z,True,6hR3n6Q1DST64XpFfY8TrGZwL511rpDyBTrbwPjRnssc,,,https://x.com/QuantaDev14/status/2062149735700390028,,783c911,Shilin/artifacts/external_validation/raw_coin_metadata/6EHTUWyRqVUrm6zhG7ciMpsaH79NQHxw5h3HxEidpump.json
6Eyk9AsCHs5JwMfPbGTYmRoT9AzqWH8HMwoLrBeVpump,2026-06-07T18:34:11Z,True,BAR2KregyEFpCVuNs6x551k8TPg4EzXurgvmFSCE7F42,,,https://x.com/TrumpBounty_Sol,,783c911,Shilin/artifacts/external_validation/raw_coin_metadata/6Eyk9AsCHs5JwMfPbGTYmRoT9AzqWH8HMwoLrBeVpump.json
6Fn4tEwBpLmNERGF3tY4jGokh68PNUoW6EnqViYfpump,2026-05-19T22:59:03Z,True,6rfEA2QvYshmQ7kbsF6x8ztezPKE9wi4d4zQp3ST6knc,,,https://x.com/Frostcooks/status/2056871548351307830?s=20,,783c911,Shilin/artifacts/external_validation/raw_coin_metadata/6Fn4tEwBpLmNERGF3tY4jGokh68PNUoW6EnqViYfpump.json
6GkxGrzysZ6aXMiaR1MJWNaesfoy82ox1Fz2fickpump,2026-06-07T22:12:11Z,True,EE7EBir47ibtQFgNJBVNA7aDRoueeN26NpGQAjeuJKWv,,,https://x.com/jeromedev11/status/2063745865534132311,,783c911,Shilin/artifacts/external_validation/raw_coin_metadata/6GkxGrzysZ6aXMiaR1MJWNaesfoy82ox1Fz2fickpump.json
6J2HKf51oeDkpWKurhWHFmusDqEx2Wgx4yapxVofpump,2026-06-05T18:23:28Z,True,7nrrqP3DJRkjoMJeobDHjcBEZKHX2kWV7kVbpYY965Vf,,,https://x.com/ThePumpGameX,,783c911,Shilin/artifacts/external_validation/raw_coin_metadata/6J2HKf51oeDkpWKurhWHFmusDqEx2Wgx4yapxVofpump.json
6JCMkGro5Zi4FK1Ppon6vae9P1jwJGwbkXE96pg5pump,2026-05-28T09:46:57Z,True,8sJi1S8iYXN5YwbZEgxMEWam8gAMtaVX3qq6LSLF3uS8,https://t.me/goodboysolan,goodboysolan,https://x.com/Kolias73,https://GOODBOY.ONE,783c911,Shilin/artifacts/external_validation/raw_coin_metadata/6JCMkGro5Zi4FK1Ppon6vae9P1jwJGwbkXE96pg5pump.json
6JGdENrmJuV4VWjkjkYdogdT8TYCV7StBjLPBxJvDLvx,2026-06-07T16:08:31Z,True,HDGGVtRQeW383aLJ2J6ENACqFsmyQMhnE5gE6L9xam9U,,,https://x.com/nypost/status/2063654323792318854,,783c911,Shilin/artifacts/external_validation/raw_coin_metadata/6JGdENrmJuV4VWjkjkYdogdT8TYCV7StBjLPBxJvDLvx.json
6K7A966NJpF9AvY9nqt3WGbbKVAmfDotntyjmd2vpump,2026-06-07T13:21:36Z,True,8BgWY3M4eoicswihSm41MsJ575HAZ4uZs3qZRu9yziPJ,,,https://x.com/nira10x/status/2063612310564802696,,783c911,Shilin/artifacts/external_validation/raw_coin_metadata/6K7A966NJpF9AvY9nqt3WGbbKVAmfDotntyjmd2vpump.json
6NMMVF39dKt3GsLKWVDmRrArNVW4hrEbdrBiNhtXpump,2026-05-22T06:39:14Z,True,h2xyLULiybqhsFFyieqgtQJ8LmB7VkJxzttrEc1iP2S,,,https://x.com/elonmusk/status/2057712748830597536,,783c911,Shilin/artifacts/external_validation/raw_coin_metadata/6NMMVF39dKt3GsLKWVDmRrArNVW4hrEbdrBiNhtXpump.json
6Nt69TvJv5wQ47Me4hhifn3xiEHjGH5uqhqZXgoRpump,2026-06-04T20:15:13Z,True,8Xampxcamjax9gfcAcrS42q6Jdx6PqaiwiRnf5XiEQKo,,,,,783c911,Shilin/artifacts/external_validation/raw_coin_metadata/6Nt69TvJv5wQ47Me4hhifn3xiEHjGH5uqhqZXgoRpump.json
6P4Yr6jiQC1Uv9EcoG1fgxz135e6BUAgh8qBNc8bpump,2026-06-09T06:24:04Z,True,Foy2NimVTxP4RnziDWh3ZqSCd5hmof8Tvv8hBiDgqMtv,,,https://x.com/Baby_Jotchua,https://www.babyjotchua.dog,783c911,Shilin/artifacts/external_validation/raw_coin_metadata/6P4Yr6jiQC1Uv9EcoG1fgxz135e6BUAgh8qBNc8bpump.json
6PMoMZEdofSonegFcQUwWpVWbov9HxVAG8GKamgppump,2026-05-23T12:39:54Z,True,DTxFpKCKVTbecWQMbbUP6Ht8fMJvdAbjAm2mK69BJ33m,,,https://x.com/Esotericgul/status/2058165542251323400,,783c911,Shilin/artifacts/external_validation/raw_coin_metadata/6PMoMZEdofSonegFcQUwWpVWbov9HxVAG8GKamgppump.json
6PXz6FsxjYEGKQLshsJwBybdqzf32waymRLsQ4SYpump,2026-05-26T12:47:35Z,True,3WEvPu2jm2TCBaePAGBkedGgjWUm4LxYsur8J25BimYi,https://t.me/worldcupluce,worldcupluce,https://x.com/WorldCupLuce,https://worldcupluce.online/,783c911,Shilin/artifacts/external_validation/raw_coin_metadata/6PXz6FsxjYEGKQLshsJwBybdqzf32waymRLsQ4SYpump.json
6QWTe2zaJpuHxyu9BrvbK58WiyKcdGsTa2iyaHFepump,2026-06-08T17:36:29Z,True,3b8KLM9gmKaxWfLdRXwaN16mBCMPnxoJSJK1w47aETvZ,,,,https://www.youtube.com/watch?v=hF8swzNR1-o,783c911,Shilin/artifacts/external_validation/raw_coin_metadata/6QWTe2zaJpuHxyu9BrvbK58WiyKcdGsTa2iyaHFepump.json
6R4WZQmpBBhzgFpUMEbe6t4X1MCKr3D836rU734ypump,2026-05-15T05:10:21Z,True,E61q8PgymkEEHpwF8cZe1EoV8ZYRztgs7Ke8z1wnkCgX,,,https://x.com/Chimericasol,https://www.chimerica.lol/,783c911,Shilin/artifacts/external_validation/raw_coin_metadata/6R4WZQmpBBhzgFpUMEbe6t4X1MCKr3D836rU734ypump.json
6Rx64ga3TuabTrgwdXDgWuFJi4WMxJJwLvP1ZcSipump,2026-06-08T12:59:38Z,True,C7r49SoZaDjoKaHZBnd9bVtPPi8nSjbMNyiPaBEApnts,,,https://x.com/WorldCupLifeSol,https://worldcuplife.xyz,783c911,Shilin/artifacts/external_validation/raw_coin_metadata/6Rx64ga3TuabTrgwdXDgWuFJi4WMxJJwLvP1ZcSipump.json
6S9Bh947NrRAqPed8q7i8aD6iodpDBniM656FLTcpump,2026-05-27T16:39:07Z,True,DRNvrcd9JbZXys1jh1ouvi7akpM2atqE9m8mGsDqZaSE,,,https://x.com/Bandit0x0/status/2059675714610246031,https://www.tiktok.com/@softboiledbooty/video/7643762731291577614,783c911,Shilin/artifacts/external_validation/raw_coin_metadata/6S9Bh947NrRAqPed8q7i8aD6iodpDBniM656FLTcpump.json
6Sde96oMKA3taMAC3JL5MDRNhzCE5tPg8YZkApbwpump,2026-06-04T06:24:27Z,True,CXxSdx8JxG2kouuEbJo2GyNwcrXufstvf6CMrp8oKjhF,,,,,783c911,Shilin/artifacts/external_validation/raw_coin_metadata/6Sde96oMKA3taMAC3JL5MDRNhzCE5tPg8YZkApbwpump.json
6Tw9kzL3B4AFDyJNg7NULHpUozDrgdukU4UcVMwjpump,2026-05-26T16:14:08Z,True,9cCqT7cnJErsDrpLnR7waJcm1XPwbEwtmJjyYkopbFsb,,,https://x.com/dvorahfr/status/2059307097196572947,,783c911,Shilin/artifacts/external_validation/raw_coin_metadata/6Tw9kzL3B4AFDyJNg7NULHpUozDrgdukU4UcVMwjpump.json
6U1SYSJYaUmV5LVpxi2ND5E9dxnSZH5gNPvmh31ppump,2026-05-23T19:22:04Z,True,FAQ6nUAGa9QsYAi4Ez15HR8XgT6R2Krzxko9QnNt3uPV,,,https://x.com/RichElonKing,,783c911,Shilin/artifacts/external_validation/raw_coin_metadata/6U1SYSJYaUmV5LVpxi2ND5E9dxnSZH5gNPvmh31ppump.json
6X2nPLwNAQTLUeCvkM6cWTY6vgpARS5MkGam1MQepump,2026-05-19T09:51:29Z,True,7r41qn9Sr3m7vXkSF1P2LfWL64w4XtNWxPhaWBiL4SUo,,,,,783c911,Shilin/artifacts/external_validation/raw_coin_metadata/6X2nPLwNAQTLUeCvkM6cWTY6vgpARS5MkGam1MQepump.json
6X5V79NvN85PfSsadfMTokbgbAVzWS8fVELg7CD6AAPL,2026-05-13T02:44:27Z,True,ET84zCgqzAi6UU7Yok7UMxgZPREQpnD5gziGnqCTYzee,,,https://x.com/cooldevisback/status/2054392256988147922?s=20,https://aaplcoin.xyz/,783c911,Shilin/artifacts/external_validation/raw_coin_metadata/6X5V79NvN85PfSsadfMTokbgbAVzWS8fVELg7CD6AAPL.json
6XpqimMJsmhDzAhR2XkHVeEJZ4uyzCBYwSnw5mn3pump,2026-06-10T00:12:17Z,True,DRMRB18rFckzfAkp6ge87x3Ha9dZrJRx68L1qBz8a62v,,,https://x.com/JoseLuisJotchua,,783c911,Shilin/artifacts/external_validation/raw_coin_metadata/6XpqimMJsmhDzAhR2XkHVeEJZ4uyzCBYwSnw5mn3pump.json
6XtYRicfeYrzCtpN6xQeDHTKuHn82pSWRJhUbCPNpump,2026-06-06T15:37:18Z,True,6bGTg4N8pTs3smfG7yQpqxLxQMjP5i4oP56YatErPp1g,,,,,783c911,Shilin/artifacts/external_validation/raw_coin_metadata/6XtYRicfeYrzCtpN6xQeDHTKuHn82pSWRJhUbCPNpump.json
6YVTDwP9zNY3MZ1nTaZP1MFTduTqhHzeD7JCsZrdpump,2026-06-01T15:06:12Z,True,94EZS2pRdjZ6wH8BAMJvgvRBXonnESBosySXtU7Kuqsb,https://t.me/spyboxofficial,spyboxofficial,https://x.com/spyboxapp,,783c911,Shilin/artifacts/external_validation/raw_coin_metadata/6YVTDwP9zNY3MZ1nTaZP1MFTduTqhHzeD7JCsZrdpump.json
6YaUq4mTDGL23UTWBo4ViQVuV1cmm1dd65CYT6WVpump,2026-06-01T22:38:12Z,True,cFQ6yon7rhSTj6VYvyj5f7LCJYXubRGwhGTNN3QFhCT,,,x.com/SpaceForceX,,783c911,Shilin/artifacts/external_validation/raw_coin_metadata/6YaUq4mTDGL23UTWBo4ViQVuV1cmm1dd65CYT6WVpump.json
6Yx1YmHtwEX3YEiVhCzNsqADpYYj5S19JwZKXUtUpump,2026-05-18T02:30:56Z,True,7Tgh1X1PHF41ciJYBgwKYtAxm9mWPcwJ4XACAhaXGAcu,,,,https://thegoldie.fun/,783c911,Shilin/artifacts/external_validation/raw_coin_metadata/6Yx1YmHtwEX3YEiVhCzNsqADpYYj5S19JwZKXUtUpump.json
6Zo8eYedBDvnd5UzC4tAXB67qumyayCaAnh6vkCKpump,2026-06-06T15:16:45Z,True,3UJLjaGbNFegy8npLhnGVGtTRKJ6uWZMMAQas8tD6bk5,,,https://x.com/elonmusk/status/2063270313933091097,https://x.com/cb_doge/status/2063228406289117662,783c911,Shilin/artifacts/external_validation/raw_coin_metadata/6Zo8eYedBDvnd5UzC4tAXB67qumyayCaAnh6vkCKpump.json
6a2NQoBCqzydMt13MixTRd93p3nbpLET1mUDJrPjpump,2026-06-05T17:29:17Z,True,G12ndz1RimDt9iAvib6JqawGjGPkHyrN9QZxP215hjTp,,,https://x.com/GoPumpWorld,https://www.gopump.world/,783c911,Shilin/artifacts/external_validation/raw_coin_metadata/6a2NQoBCqzydMt13MixTRd93p3nbpLET1mUDJrPjpump.json
6aTGAntoz33qAxwbH2cSsHQ8poBaoEsJ5reqF4Wapump,2026-05-15T14:31:50Z,True,3DcKmtTxcxqS47Yc8VL2i6acp1AV4HAC9J4m1Ddd7sCP,,,https://x.com/federico_crypto/status/2055294972945936759?s=46,https://memestock.tech/,783c911,Shilin/artifacts/external_validation/raw_coin_metadata/6aTGAntoz33qAxwbH2cSsHQ8poBaoEsJ5reqF4Wapump.json
6ckjq3tGWj84jy8XnaZCjjvHiyuJLE68g917G9uspump,2026-05-19T15:54:38Z,True,6MTAbiioQ2bWXkeiXoe45XNmPYWv47PFcao3DrRThJAU,,,https://x.com/labdotfun,https://lab.fun,783c911,Shilin/artifacts/external_validation/raw_coin_metadata/6ckjq3tGWj84jy8XnaZCjjvHiyuJLE68g917G9uspump.json
6dNiiLN2n3MEJH3Zn7phKLH4nVvzhndf8DrLoGUfpump,2026-05-22T16:59:45Z,True,HH8dyhPuC3QzkkKFQ9sUFRpeY6YRmod1w2PfGcbtB38n,,,https://x.com/i/communities/2026128077487804611,,783c911,Shilin/artifacts/external_validation/raw_coin_metadata/6dNiiLN2n3MEJH3Zn7phKLH4nVvzhndf8DrLoGUfpump.json
6eEQtGNoQ7VaPFy3iUZBxNHU5LfvYZRep6umdbfpump,2026-06-07T23:25:50Z,True,CFMcfkgMyRUdk8dqJQWTcoH2NXh5SJQNXuJ4DV9QMyYe,,,https://x.com/Arivulife/status/2063460449597985162,,783c911,Shilin/artifacts/external_validation/raw_coin_metadata/6eEQtGNoQ7VaPFy3iUZBxNHU5LfvYZRep6umdbfpump.json
6f65b1rYCESX1SF3BWnfWYVkmv7RD4THZzv4EgaYpump,2026-05-28T17:55:29Z,True,9ek4jkyigDiDcBKDnzBS5MM29v6Jm3s22dwUwRCYFKUN,,,https://x.com/GoogleAI/status/2060043029835116826,,783c911,Shilin/artifacts/external_validation/raw_coin_metadata/6f65b1rYCESX1SF3BWnfWYVkmv7RD4THZzv4EgaYpump.json
6g8uqRDkGc62s4n3M7yDAPrZqkGPbqaeuqPrE97Fpump,2026-06-04T06:34:41Z,True,H8SCd4cNiGTpzT8GhZyYWzVXCSzRLKChABBmQ1eQK46j,,,,https://elitesix.xyz/,783c911,Shilin/artifacts/external_validation/raw_coin_metadata/6g8uqRDkGc62s4n3M7yDAPrZqkGPbqaeuqPrE97Fpump.json
6gomwP5CDoVWiXitUQFEP3F9dcmWC2hsNc9x2AFppump,2026-06-08T21:53:21Z,True,Hp7yYrSZrHSUbexvnEVKzx197YBZbeYsm7s6XAhedKmd,https://t.me/primal_token,primal_token,https://x.com/primal_token,https://primaltoken.io/,783c911,Shilin/artifacts/external_validation/raw_coin_metadata/6gomwP5CDoVWiXitUQFEP3F9dcmWC2hsNc9x2AFppump.json
6gwoNDv86bDCmJWZPyvYyhor1en1YxS13sbBo6zdpump,2026-06-02T17:47:39Z,True,GT6A3tL3kjcVTGp2q3pP9eNBzyyXMQ51mTfzQiKhYgNW,,,https://x.com/poco3118/status/2061542416524718294?s=20,,783c911,Shilin/artifacts/external_validation/raw_coin_metadata/6gwoNDv86bDCmJWZPyvYyhor1en1YxS13sbBo6zdpump.json
6hLhby1J1hov9Y4jLhjP4c9kYYm2vo69EzvbgnCYLdLE,2026-05-21T22:13:33Z,True,3hEJNcyawgpjt8tWPwy3oecVDC47vmjd5HYC9pJZnTFo,,,https://x.com/wuozimu/status/2031557799969436156?s=20,https://github.com/kevincodex1,783c911,Shilin/artifacts/external_validation/raw_coin_metadata/6hLhby1J1hov9Y4jLhjP4c9kYYm2vo69EzvbgnCYLdLE.json
6hefpJYynv1YsFU1XooQeCMHXVgbGG4pABqg6XtWpump,2026-05-16T17:27:54Z,True,3rcmhnawK5Yx1mV7cvVnWrxM1vQbNKGbWbCxwtASGFoD,,,https://x.com/lebombjam/status/2055701789723299844,https://x.com/i/grok/share/d02970ff224349de8521028fd484afd8,783c911,Shilin/artifacts/external_validation/raw_coin_metadata/6hefpJYynv1YsFU1XooQeCMHXVgbGG4pABqg6XtWpump.json
6i6Dd2st4cHJLk8Q5BKYqfkiU6WFN3FKyURcYVcpump,2026-06-05T02:36:03Z,True,HrSZjaJgeAzmuXATSbWWBYV2BnDWx17sVtH1zLzfkXcV,,,https://x.com/Polymarket/status/2062358331495244231,,783c911,Shilin/artifacts/external_validation/raw_coin_metadata/6i6Dd2st4cHJLk8Q5BKYqfkiU6WFN3FKyURcYVcpump.json
6iEJia8xDXhQZsmn8xUiB4ZXyb6AyjmJcjAfvKnspump,2026-05-12T20:51:06Z,True,5CVCRYkZn2r6qt2cVQYMKsgPRsf8eea516YYwtRUyAJM,https://t.me/TOBYNX,TOBYNX,https://x.com/tobynx_sol,https://tobynx.com/,783c911,Shilin/artifacts/external_validation/raw_coin_metadata/6iEJia8xDXhQZsmn8xUiB4ZXyb6AyjmJcjAfvKnspump.json
6jNWR59CyisieFPjhd5R3FJr9K4rnq55SWEyH8Hypump,2026-05-17T06:42:46Z,True,G9Rj6Hjnybd8deLdKQjrXeizz7v2rABiVMbgEHDXrhp9,,,https://x.com/memothetrader/status/2055901566444683438?s=20,,783c911,Shilin/artifacts/external_validation/raw_coin_metadata/6jNWR59CyisieFPjhd5R3FJr9K4rnq55SWEyH8Hypump.json
6jcBdt1FR2YAcZHkeM9S3D9HRFxyLMWz2RsZXiTpump,2026-05-17T02:05:42Z,True,5WjVtkZwEQZxrQsVWwtARUe7f9YbBygS9js14ZDLMhZT,,,https://x.com/WatcherGuru/status/2055377690522161221,,783c911,Shilin/artifacts/external_validation/raw_coin_metadata/6jcBdt1FR2YAcZHkeM9S3D9HRFxyLMWz2RsZXiTpump.json
6k8CoFZFgb6Eep2aEuzqZ3iAcfW42HcKYXQPRUyUpump,2026-05-17T08:01:17Z,True,7RY2tzhziTL4hcR9G5NbjYLaPaDsQb5dEYvbQ2JLS2DM,,,https://x.com/grok/status/2055920693657678259,,783c911,Shilin/artifacts/external_validation/raw_coin_metadata/6k8CoFZFgb6Eep2aEuzqZ3iAcfW42HcKYXQPRUyUpump.json
6nDPzY7nNyLvLqKAMLNCuHD4bLiv1Z8svynP4aUBpump,2026-06-09T03:46:56Z,True,BiyyFnFtNRRcj8uxbr2WYLpkwLCFmkZdPdxWsj2QG9k6,,,,https://thebeard.lol/,783c911,Shilin/artifacts/external_validation/raw_coin_metadata/6nDPzY7nNyLvLqKAMLNCuHD4bLiv1Z8svynP4aUBpump.json
6nfjDE9EYzLp6Z2GqRqJ7K88LybVejTTrN8AxsTfpump,2026-06-07T05:48:36Z,True,HKn6HpHEQUavvHGQ1eN7VkKBF1TAAQqkRH4atRv6mhCb,https://t.me/Proofofword,Proofofword,https://x.com/Proof_of_Word_,https://proofofword.xyz,783c911,Shilin/artifacts/external_validation/raw_coin_metadata/6nfjDE9EYzLp6Z2GqRqJ7K88LybVejTTrN8AxsTfpump.json
6nrWEnjHnQFmPW2ZAZJgnY11iyKnNLhBbSVP2hCgtDEB,2026-05-16T14:55:07Z,True,FnWVvebBmmzfAafWGGznwpoKTDMgAUzFQPUDsbZX2G5a,,,https://x.com/shibainu161/status/2055663041044173057,https://www.congress.gov/congressional-record/volume-172/issue-83/house-section/article/H3547-1?hl=memecoin&s=3&r=1,783c911,Shilin/artifacts/external_validation/raw_coin_metadata/6nrWEnjHnQFmPW2ZAZJgnY11iyKnNLhBbSVP2hCgtDEB.json
6of1ure22cAdZQAEjMNNgmkwJapJN2tLmgjjnTZ8pump,2026-05-15T19:57:35Z,True,HcaZk8TZNAuku5BF5wDaNU9kasNFi752R7HyQXdeLjDk,https://t.me/drakesol_community,drakesol_community,https://x.com/DrakeSolX,,783c911,Shilin/artifacts/external_validation/raw_coin_metadata/6of1ure22cAdZQAEjMNNgmkwJapJN2tLmgjjnTZ8pump.json
6ouuoyDMf7wxuA4ph4PyoDm8eZji4jP2XLvLAYMqpump,2026-05-30T15:13:14Z,True,EYJsM3tW3J1vtFLEDBEgAtKG6m3wdmwZPBX48sQeRRj,,,,https://www.instagram.com/timpayne__,783c911,Shilin/artifacts/external_validation/raw_coin_metadata/6ouuoyDMf7wxuA4ph4PyoDm8eZji4jP2XLvLAYMqpump.json
6ow8tLvNaEkqeNgsjFTz7V7VxCctBoeXVg5qheMXpump,2026-05-25T18:03:34Z,True,GjE75qnchcNdvJxnqe2n5RJSW4D8nespysW2bE2AWRp3,,,https://x.com/johndeveloper99/status/2058972154545295736,https://x.com/ShayeneSha/status/2058834028040532007,783c911,Shilin/artifacts/external_validation/raw_coin_metadata/6ow8tLvNaEkqeNgsjFTz7V7VxCctBoeXVg5qheMXpump.json
6pXbdFPT5Qu2VNL6PpQ8ekhXnMbHpAejQFVWWzUZ5fPw,2026-05-29T21:50:29Z,True,9RPWxTkRg3hsPyEdoMcXou8rM1mZbNWWRrVwYULwrh1f,,,https://x.com/OpenAIDevs/status/2060478367921831936,https://axiom.trade/pulse?chain=sol,783c911,Shilin/artifacts/external_validation/raw_coin_metadata/6pXbdFPT5Qu2VNL6PpQ8ekhXnMbHpAejQFVWWzUZ5fPw.json
6pZRjmU72BDRsRug8tVhzpwscBfy9xV1sdTMbGf5pump,2026-06-03T14:45:15Z,True,24GYPjkHQipLRgkNiZeGn9Gvty6DoLZmEcSEgVmGz4Zp,,,https://x.com/0g98jaer0gn34t/status/2062183652994498665,,783c911,Shilin/artifacts/external_validation/raw_coin_metadata/6pZRjmU72BDRsRug8tVhzpwscBfy9xV1sdTMbGf5pump.json
6pcwB8FnhtNRubBZWgUPeUwycAeajiVBwXTu6KvZW218,2026-05-15T22:13:20Z,True,GeTvNfexWPbPkNRKeB19GQztrtWShBuf5Dv6JP8sZHsE,,,https://x.com/TheBlueNeutral/status/2055411118491963861,,783c911,Shilin/artifacts/external_validation/raw_coin_metadata/6pcwB8FnhtNRubBZWgUPeUwycAeajiVBwXTu6KvZW218.json
6pm34MPWCfEQxRqHEFf25ez4iAegcRoKcXkoXaz1pump,2026-05-26T17:55:41Z,True,JAGqhVLnkYgWsKLkrsLGqefen2jrfVjQpYVGv1LeR51y,https://t.me/TrollGirlTG,TrollGirlTG,https://x.com/trollgirltg,https://trollgirl.net/,783c911,Shilin/artifacts/external_validation/raw_coin_metadata/6pm34MPWCfEQxRqHEFf25ez4iAegcRoKcXkoXaz1pump.json
6prHYPLvNKJ9UD4NF4kHQ5vaW6JRz6eE1oGJ1PG3pump,2026-06-02T15:54:13Z,True,4Fm2LW98EqEwwDHT48yVN6ELsYbdXr9dRC3zaSZH8HYT,,,,,783c911,Shilin/artifacts/external_validation/raw_coin_metadata/6prHYPLvNKJ9UD4NF4kHQ5vaW6JRz6eE1oGJ1PG3pump.json
6qn3n3MzGNU3jLC3dNpAooqHdN184cLoy7pDF4HEpump,2026-05-28T13:22:42Z,True,3fzWwJ9PUVGfEW2fH21nkMrg6iyRDh87KMN5eAt6cQok,,,,https://www.instagram.com/stories/mayemusk/,783c911,Shilin/artifacts/external_validation/raw_coin_metadata/6qn3n3MzGNU3jLC3dNpAooqHdN184cLoy7pDF4HEpump.json
6st55pFEeT7YXrvZUowGKrzAS6ZFGeyKsxp4s1Utpump,2026-05-20T23:25:25Z,True,6awmq5BMWGFaMc4dFXMiNztP1yjof2zyYjPZ9zW7tiEk,https://t.me/lyldotfun,lyldotfun,https://x.com/lyldotfun,https://longyourlongs.fun,783c911,Shilin/artifacts/external_validation/raw_coin_metadata/6st55pFEeT7YXrvZUowGKrzAS6ZFGeyKsxp4s1Utpump.json
6trFMwA6RBxzouU9Ub6keRv961hFVAx2LpwzHrCRpump,2026-05-30T14:57:32Z,True,12Nasp126XxXPxm9UgHGHGdzPgiRq9b12fJE1v3az5jV,https://t.me/ThugLife_Sol,ThugLife_Sol,https://x.com/ThugLifeJackpot,https://thug.network,783c911,Shilin/artifacts/external_validation/raw_coin_metadata/6trFMwA6RBxzouU9Ub6keRv961hFVAx2LpwzHrCRpump.json
6v4C4PtD3PQ5vyQvyp7aJuK9MfrJcFy8dor7Y9xNpump,2026-05-31T15:44:55Z,True,BknxeFd5u2eBL3xTvuGkFfH1zcxi7ochsH15kEK1BCFH,,,,,783c911,Shilin/artifacts/external_validation/raw_coin_metadata/6v4C4PtD3PQ5vyQvyp7aJuK9MfrJcFy8dor7Y9xNpump.json
6vAyoWrUhodV4a1Q6pzeaaKWf2rSUkvuppvTQwqBpump,2026-05-19T11:44:39Z,True,7Zpd5oPNi3z3npwT3nJj6HgWvUpTD8ud7p6odpC21FZA,,,,,783c911,Shilin/artifacts/external_validation/raw_coin_metadata/6vAyoWrUhodV4a1Q6pzeaaKWf2rSUkvuppvTQwqBpump.json
6vpjdKC8EAHdqXgX3gry3voXnQYGuRR6RJkH7hMxpump,2026-06-03T05:47:23Z,True,8i4JBFbhjSSujy9xC6Hznsp5RDire89vkrhudsFimhuJ,,,,,783c911,Shilin/artifacts/external_validation/raw_coin_metadata/6vpjdKC8EAHdqXgX3gry3voXnQYGuRR6RJkH7hMxpump.json
6vvBaNsb1cm8U7f4K1gr15nFGQT7EpNcgPFF5GbFpump,2026-05-26T12:42:42Z,True,GhkkcsF9bGw4cBTBSN7zfQUxy5Lx6FUCnmCjLBBZaEGK,,,https://x.com/PEMO_Sol,,783c911,Shilin/artifacts/external_validation/raw_coin_metadata/6vvBaNsb1cm8U7f4K1gr15nFGQT7EpNcgPFF5GbFpump.json
6wwsGADgFKMN6oV7KGYbcBnAFC1jB94gdkTF5jTzpump,2026-05-16T10:10:12Z,True,2LQmAhHB8qbpf3ijbXSykvkWrKJpqak4YQMZanNz537V,,,,https://www.moneymeme.fun/,783c911,Shilin/artifacts/external_validation/raw_coin_metadata/6wwsGADgFKMN6oV7KGYbcBnAFC1jB94gdkTF5jTzpump.json
6xPRdns5rAZ4fPHjapZcWPuxNgbiQM7uGRmCm9uxpump,2026-05-14T23:02:17Z,True,2SZoSAW8sfRFcFBZQiCyo69aNyuy2UtbtYPJ1H5uPnko,,,https://x.com/HouseGOP,,783c911,Shilin/artifacts/external_validation/raw_coin_metadata/6xPRdns5rAZ4fPHjapZcWPuxNgbiQM7uGRmCm9uxpump.json
6xYfGcyu5etmsuHC5Z2RZGgRx5AZ7PMb86tyu1mPpump,2026-05-15T06:13:05Z,True,9kNm1sRnBLG66x6igUJQUVwANK3i3GQwNNwQekqPXoZB,,,,,783c911,Shilin/artifacts/external_validation/raw_coin_metadata/6xYfGcyu5etmsuHC5Z2RZGgRx5AZ7PMb86tyu1mPpump.json
6yLhaqGHPz6v232cSXmPakmDvWXUZPkPUe5RsWQipump,2026-06-07T20:52:26Z,True,538FuDebWcVWDkfVZ6uNZxcmTf4SzWTr9J6VLsXajWer,,,https://x.com/StupidBountySol,,783c911,Shilin/artifacts/external_validation/raw_coin_metadata/6yLhaqGHPz6v232cSXmPakmDvWXUZPkPUe5RsWQipump.json
6yiSYkfyUMNuC4mtecNgQNH8RyV4diU1VULQ9goWpump,2026-05-16T15:23:35Z,True,BeJ6tL7ZgVTvkjdRuPp6fVNubUzPWB6Vq9cKEKYc6gAw,https://t.me/QUACKOHERE,QUACKOHERE,https://twitter.com/QUACKOHERE,https://quackosol.com/,783c911,Shilin/artifacts/external_validation/raw_coin_metadata/6yiSYkfyUMNuC4mtecNgQNH8RyV4diU1VULQ9goWpump.json
6ymvbHWYqA8QdfZEqp3UVipqefpfzd5NYK8hYr4nX2Wz,2026-05-15T18:42:42Z,True,6oNgMBxP3J69GvoQKkDaRGDYED7HfWLbknv7tMHGvFCD,,,https://x.com/jirachi0x19/status/2055358224757379317,,783c911,Shilin/artifacts/external_validation/raw_coin_metadata/6ymvbHWYqA8QdfZEqp3UVipqefpfzd5NYK8hYr4nX2Wz.json
72fkBbpFWdJfNV3SBcMaNUTe5ZcwFu7sgiW5EKnopump,2026-05-31T11:09:42Z,True,AtifswGAXkovkhpzz2TfCQe7Y6ugSfXeiqpSy2YDLMWK,,,,,783c911,Shilin/artifacts/external_validation/raw_coin_metadata/72fkBbpFWdJfNV3SBcMaNUTe5ZcwFu7sgiW5EKnopump.json
72nKmq8qBArmxtpfPAvB6RgtUXNc2hAHyedH8Fjjpump,2026-06-07T20:34:52Z,True,9aWw9gzehS9fywpwshQdJ9UGPuWSnMxgLwkQ6AGoNd1q,,,https://x.com/WOATonsol,,783c911,Shilin/artifacts/external_validation/raw_coin_metadata/72nKmq8qBArmxtpfPAvB6RgtUXNc2hAHyedH8Fjjpump.json
73ZqgivN1MhmkbfmWqbA5a2NhAMdP2yMGQDissorgyVm,2026-05-19T11:34:38Z,True,J3xKDP4vFEPbpc2HCeUSdGGcwMVLLMQBfpkBzBS1Bzbh,,,https://x.com/poofnew,https://poof.new/,783c911,Shilin/artifacts/external_validation/raw_coin_metadata/73ZqgivN1MhmkbfmWqbA5a2NhAMdP2yMGQDissorgyVm.json
74gf6R2mShysHKdpNogTVYC4jCfkQ87ZCkG4GZEEpump,2026-05-24T12:43:45Z,True,3NxPKZ3WVTvSKZSh3JhxGkKUM8d8yj1ceNJYwkH1rL8j,https://t.me/BUGWORLD_SOL,BUGWORLD_SOL,https://x.com/BUGWORLDDEV,https://www.bugworldexe.com,783c911,Shilin/artifacts/external_validation/raw_coin_metadata/74gf6R2mShysHKdpNogTVYC4jCfkQ87ZCkG4GZEEpump.json
74jkEyfitDBRytGmPvVAEUi5aqpbwsupiECAbactpump,2026-05-15T16:37:54Z,True,Hwt3o1yebneJYM5psmvG4Mm7u7irbSEEJ71f8NKwWEbV,,,https://x.com/DigitialOptimus/status/2055326786221654239?s=20,https://storage.googleapis.com/grok-build-public-artifacts/cli/install.sh,783c911,Shilin/artifacts/external_validation/raw_coin_metadata/74jkEyfitDBRytGmPvVAEUi5aqpbwsupiECAbactpump.json
75tbXKw7SyPoexbBkXMdKD7WcpEQfDFWRMHaRXFJpump,2026-06-05T00:20:57Z,True,Bvbdd7hXjTSShJqagyG3X7cxteMZxYExbimzojqo2fCa,,,https://x.com/pxblocito/status/2006860278206705925?s=20,,783c911,Shilin/artifacts/external_validation/raw_coin_metadata/75tbXKw7SyPoexbBkXMdKD7WcpEQfDFWRMHaRXFJpump.json
76QZcYtSHbQYgqrM3jYTygxn1HtyCAtfKLYH1TMBpump,2026-06-02T04:49:52Z,True,45qLQ6CREAUfsZGvVbzSC6xM2KQcxbX6qGFGSfU388bQ,,,https://x.com/Liquid_Trump,https://liquidtrump.site,783c911,Shilin/artifacts/external_validation/raw_coin_metadata/76QZcYtSHbQYgqrM3jYTygxn1HtyCAtfKLYH1TMBpump.json
78RehtUkDPWjAgPsbt7HD2X7CeZ12hhKNdBg4EVpump,2026-05-18T13:40:57Z,True,EezLSwWqT2jJ1VVMPDWYe9rUy4wMRcaLNnjYN1nW8Vhr,,,https://x.com/search?q=from%3Aelonmusk%20true&src=typed_query,,783c911,Shilin/artifacts/external_validation/raw_coin_metadata/78RehtUkDPWjAgPsbt7HD2X7CeZ12hhKNdBg4EVpump.json
795BtpFAaF6X9SFGog66UJTDjUWhYUKorTqH8fGPpump,2026-05-23T03:21:55Z,True,AzrYfWTAR8GATUSUn7z3LVWrzLn9CyJSiuqRF5NK11V5,,,https://x.com/Banks/status/2058025479471566908,https://x.com/Banks/status/2057956886411157551,783c911,Shilin/artifacts/external_validation/raw_coin_metadata/795BtpFAaF6X9SFGog66UJTDjUWhYUKorTqH8fGPpump.json
79p16tKEN7j24cH3Bkf9uBBDPpQreuYDxGZfG18Qpump,2026-06-06T19:40:18Z,True,4J1DR4BkY9G6JpWTuermVCkKHVtwv3YsCuSM5ArNtdoT,,,https://x.com/scoopypingu/status/2063344981222346953,https://x.com/MustStopMurad/status/1906026507731947634,783c911,Shilin/artifacts/external_validation/raw_coin_metadata/79p16tKEN7j24cH3Bkf9uBBDPpQreuYDxGZfG18Qpump.json
7AFky5UC4gJhXiVs2Ac1fGgZMQdVqkc4xfn9fZehpump,2026-05-29T10:01:40Z,True,DsTuWuvWEvhm7kiznUupoH4CsGmbgqex5kwnthq2jQDX,,,,,783c911,Shilin/artifacts/external_validation/raw_coin_metadata/7AFky5UC4gJhXiVs2Ac1fGgZMQdVqkc4xfn9fZehpump.json
7ARNk6VsUYjorLx9TpCFKxX4UXKafjxoCuhDjBgFpump,2026-05-15T10:09:17Z,True,25SyvpjZKkJFYdW69drNfBhsN39ZgQXjEBhnTLKXVmcA,https://t.me/ROCKYSOLANAAA,ROCKYSOLANAAA,https://x.com/solana_rocky,https://t.co/yMnupi14WH,783c911,Shilin/artifacts/external_validation/raw_coin_metadata/7ARNk6VsUYjorLx9TpCFKxX4UXKafjxoCuhDjBgFpump.json
7AUvspX1v9d8iHsUco26pkTQjU4fpfCDDDFa13Ktpump,2026-06-08T22:04:16Z,True,DmqSPkcZsvMPWiSyHzygDzzNJmmD8DdeFppdoPJABHr3,https://t.me/yvo3dworld,yvo3dworld,https://x.com/YVO3DWorld,https://yvo3d.world,783c911,Shilin/artifacts/external_validation/raw_coin_metadata/7AUvspX1v9d8iHsUco26pkTQjU4fpfCDDDFa13Ktpump.json
7AkrTrGqY7z5e3PRD8k8gtuL71jWXm4SqBRzhLTJpump,2026-06-04T18:53:44Z,True,7TTESntXRVwpCzieRc1H1yDGebSJhsFFFdriybonBgid,,,https://x.com/TROLLOWENNSOL/status/2062608679141011585?s=20,,783c911,Shilin/artifacts/external_validation/raw_coin_metadata/7AkrTrGqY7z5e3PRD8k8gtuL71jWXm4SqBRzhLTJpump.json
7DEe46qBtoZdaRZ14XM7mm3pUsBfkG68Ka8xkCiDarGS,2026-05-16T16:22:35Z,True,8m4G5M8CVANaax9rgFkbVuR1XoTC6AvRRaDRexhYWzx1,,,https://x.com/BenDrillinaros/status/2055685280259072298,https://www.cnn.co.jp/fringe/35247601.html,783c911,Shilin/artifacts/external_validation/raw_coin_metadata/7DEe46qBtoZdaRZ14XM7mm3pUsBfkG68Ka8xkCiDarGS.json
7DGgPMVrNqkQhfQjQQpLfEzbkFH3BsEfRSQPLRjppump,2026-05-22T07:21:01Z,True,HoVsXk4UaCXUY5wtND5wbtLZgmVNeroTjdFsFNGVWrhx,,,https://x.com/metlife_sol,,783c911,Shilin/artifacts/external_validation/raw_coin_metadata/7DGgPMVrNqkQhfQjQQpLfEzbkFH3BsEfRSQPLRjppump.json
7DVKLSoAdmJxCvfpAAoEvJq7t6kPRp596N5UbuMdpump,2026-05-16T12:36:07Z,True,JAKuVHpoTCfPFbdi6g8QNEHDwzqiargqGcwnawsRvJNv,,,https://x.com/HodlYourBTC,https://www.hodlbtc.cc/,783c911,Shilin/artifacts/external_validation/raw_coin_metadata/7DVKLSoAdmJxCvfpAAoEvJq7t6kPRp596N5UbuMdpump.json
7EEzcWFcenRbEiB6ptmH2BJ13H2vhQrmzDEf8Hkcpump,2026-05-12T13:19:40Z,True,4fTjk3DmL5fNi1f9EsoZ15ibQB7aqfzZcw7gR1QCmn2S,,,https://x.com/truth_terminal/status/2054187964885000483,,783c911,Shilin/artifacts/external_validation/raw_coin_metadata/7EEzcWFcenRbEiB6ptmH2BJ13H2vhQrmzDEf8Hkcpump.json
7FA9eXh2YZw3tPeHEyRW3p8W63XREexavUPpVWKgpump,2026-06-01T17:43:52Z,True,CtWgzVZJRnLYXxF8Z6vBtZEQ5W3RQw2cMb4Nd1HDYvko,,,https://x.com/wrappedpoke,https://wpoke.ink,783c911,Shilin/artifacts/external_validation/raw_coin_metadata/7FA9eXh2YZw3tPeHEyRW3p8W63XREexavUPpVWKgpump.json
7FyNHEJ38VnAcgo5xiBj9qwi5ghhMn5fL6gz4JJtpump,2026-05-13T23:21:53Z,True,5zBb78mtWiaRJcfLEeFmQLes2MHDH1KAc9b7eV6RvkpP,,,,,783c911,Shilin/artifacts/external_validation/raw_coin_metadata/7FyNHEJ38VnAcgo5xiBj9qwi5ghhMn5fL6gz4JJtpump.json
7GfFqMg3Wvep1uk81yUC19aYXV5hBusjtHTyrmx1pump,2026-05-19T06:24:22Z,True,BD3hgJDYmn1B2zhFMFHrM368EMX6vZsythdMVZhD6Cdw,,,,,783c911,Shilin/artifacts/external_validation/raw_coin_metadata/7GfFqMg3Wvep1uk81yUC19aYXV5hBusjtHTyrmx1pump.json
7HA4HXLTZ32HoCxUYaSaxDwkqVH6oeU98CFnc6cppump,2026-06-03T14:47:36Z,True,DJc6KnhmCi8TCbvfHMCLGAXP2kVd9RyK4HSnJuQBkT5u,,,https://x.com/pmarca/status/2062183375889129927,https://x.com/pmarca/status/2062068050052915382,783c911,Shilin/artifacts/external_validation/raw_coin_metadata/7HA4HXLTZ32HoCxUYaSaxDwkqVH6oeU98CFnc6cppump.json
7HJqAP4gGpLw9EDxWvAV67GwDsvHdgFaNBHo37vepump,2026-05-20T10:05:53Z,True,6vS6exuZoifS27GA2YS8RJQoksg6SbSZP8YS6deLpNzd,,,https://x.com/CryptoBull/status/576351470599192576?s=20,https://x.com/CryptoBull/status/576351470599192576?s=20,783c911,Shilin/artifacts/external_validation/raw_coin_metadata/7HJqAP4gGpLw9EDxWvAV67GwDsvHdgFaNBHo37vepump.json
7JBFfawSiv9k9UujqporX2foyV74vkovKC6vYMAqpump,2026-05-25T22:26:09Z,True,5CTdphNcMaNh1S4iPau3hHwmyagqXu3nni1Te91P1PTq,,,https://x.com/vcdotfun,https://vc.fun/,783c911,Shilin/artifacts/external_validation/raw_coin_metadata/7JBFfawSiv9k9UujqporX2foyV74vkovKC6vYMAqpump.json
7JFFwhhBbevzk2WkH3gFqb8Sv5iw2ytjSEot2QwBpump,2026-05-21T03:19:20Z,True,7ybChYMLVXcFJTC7cvMznW3VriH5XDghzaEwVg6EDYi8,,,,,783c911,Shilin/artifacts/external_validation/raw_coin_metadata/7JFFwhhBbevzk2WkH3gFqb8Sv5iw2ytjSEot2QwBpump.json
7JNoj3dRSeYL4spshDTWzouN2VSph4qnhHusMgxtpump,2026-05-19T16:03:05Z,True,Hqac7398KjejQWCUNxdUARuP23RDD4t4Bnr3fPLXAh7S,https://t.me/ELON_memesol,ELON_memesol,,,783c911,Shilin/artifacts/external_validation/raw_coin_metadata/7JNoj3dRSeYL4spshDTWzouN2VSph4qnhHusMgxtpump.json
7JfgvQdDAWnZodTzkEVdDmVbHmXD1YjgTupxc6W2pump,2026-06-03T20:00:55Z,True,En8n6u4HmXCNxAsPy7m4rEd1WJSDZzwhgQcFZ5wTQWMr,,,https://x.com/solincinerator/status/2062261113480413493,https://x.com/luminaries/status/2062260100862017870,783c911,Shilin/artifacts/external_validation/raw_coin_metadata/7JfgvQdDAWnZodTzkEVdDmVbHmXD1YjgTupxc6W2pump.json
7KGLx8SgZM9iErgkMEAwmPjTPwoBb4s9neyV9UFkpump,2026-05-13T17:17:05Z,True,7BKrPAU62qef7zd8eQSRiXundCxs5ytiJKKyVg5rCUJu,,,https://x.com/privasea_ai?s=21,https://www.privasea.ai,783c911,Shilin/artifacts/external_validation/raw_coin_metadata/7KGLx8SgZM9iErgkMEAwmPjTPwoBb4s9neyV9UFkpump.json
7KJwJdrjCUFLU2pJPiA8d8m4SUK1XxgthvmwvhnKpump,2026-05-22T11:08:38Z,True,XB2X7re5Ayh9fit7L52M3M7GpTVqGmAMh1gs2V2yZgx,https://t.me/solz_app,solz_app,https://x.com/solz_app,https://www.solz.app/,783c911,Shilin/artifacts/external_validation/raw_coin_metadata/7KJwJdrjCUFLU2pJPiA8d8m4SUK1XxgthvmwvhnKpump.json
7MUBC1DNCn8J9ripeiuYJEPDatSDJeU2EMvLjzpMpump,2026-06-08T04:21:59Z,True,5RniVqQeL66TmRgG7taQjRYxpctpzuW4b3ryv2F1URhZ,,,,,783c911,Shilin/artifacts/external_validation/raw_coin_metadata/7MUBC1DNCn8J9ripeiuYJEPDatSDJeU2EMvLjzpMpump.json
7MsHcGCyP6FRT1tqZx8rgfgAXZmjLten12ty5dTFpump,2026-06-08T03:58:07Z,True,DtCdMhV57exwu1q3rRsLPb8wHs6DXJ7w3BTkecovh4Lj,,,,,783c911,Shilin/artifacts/external_validation/raw_coin_metadata/7MsHcGCyP6FRT1tqZx8rgfgAXZmjLten12ty5dTFpump.json
7PmZYH5kdYXqXifXHvBbdfQwX3orqXCneuBhsBNJpump,2026-06-04T00:55:17Z,True,567TWdgm9cZE3DwBKhyY4XucEcsZYCNo8pj4tyXrA9Jv,,,,,783c911,Shilin/artifacts/external_validation/raw_coin_metadata/7PmZYH5kdYXqXifXHvBbdfQwX3orqXCneuBhsBNJpump.json
7PtCYu421aeDMXNrGejsbivZXmPi2F5z9FdAgWdXKiLt,2026-05-22T18:51:18Z,True,2QpMkALvWCjsqG38ioNY5U5WS36Eg6erXxSpKtXW2SCP,,,https://x.com/lofigirl/status/2057897083923820775,,783c911,Shilin/artifacts/external_validation/raw_coin_metadata/7PtCYu421aeDMXNrGejsbivZXmPi2F5z9FdAgWdXKiLt.json
7QNQdq8wRDy9EXeWa2eR9Lz9awu4o22usAqEqS1Spump,2026-05-27T06:34:26Z,True,J1u8Z6HAnGvFoksDHmdoMAh8UVszjWhEMfVMPe9j6gNP,,,,https://www.counterstonk.fun/,783c911,Shilin/artifacts/external_validation/raw_coin_metadata/7QNQdq8wRDy9EXeWa2eR9Lz9awu4o22usAqEqS1Spump.json
7TpZWN8rbNtR5d4UnWFNLR5xB3BVPxycJJAg6JnMpump,2026-05-31T03:53:28Z,True,FMqSCNm9yWid5DeJQ66vEdUWXn5PbdferKf5LLVr75q6,,,,https://thepickle.lol/,783c911,Shilin/artifacts/external_validation/raw_coin_metadata/7TpZWN8rbNtR5d4UnWFNLR5xB3BVPxycJJAg6JnMpump.json
7XGLRZQdRzDquiiR8s1gUcQpGG7yFomLpDnYTg3ypump,2026-05-27T05:01:32Z,True,YJbV1xqPhVrLU4AzXiLa61nj9MF5xSojvkGoUciT4ur,,,,https://playtictactoe.lol/,783c911,Shilin/artifacts/external_validation/raw_coin_metadata/7XGLRZQdRzDquiiR8s1gUcQpGG7yFomLpDnYTg3ypump.json
7XgUUDXLcFphw5mkpMD29GmtYLhe2Nwr8MLYXxkhpump,2026-06-09T16:46:35Z,True,A7gVbfRKhheJzHAGS8J4RNYgNpqTUj7LA8f8LjAxJDMs,,,https://x.com/GlassBoxProto,https://glassboxsol.xyz,783c911,Shilin/artifacts/external_validation/raw_coin_metadata/7XgUUDXLcFphw5mkpMD29GmtYLhe2Nwr8MLYXxkhpump.json
7ZSZnbHzheCmu21wYriF7h3MjPvn2Z3YBkvucFYTpump,2026-06-08T15:02:43Z,True,Dc6HWxWMtc9e4LzyxzJyGxGGxKqq43t3jyy1Qts6NDje,,,https://x.com/Streamwork_GO,https://streamwork.live/,783c911,Shilin/artifacts/external_validation/raw_coin_metadata/7ZSZnbHzheCmu21wYriF7h3MjPvn2Z3YBkvucFYTpump.json
7b6c4QufrZgG8zRa7hGVcctrx26U77eeRxNH44PApump,2026-05-23T15:10:24Z,True,Dh3pxXuMurSZ8fxUaFD27X21roG9GsQLk7dgSm2hBCQg,,,https://x.com/Banker_Coin,https://bankeropus.com/,783c911,Shilin/artifacts/external_validation/raw_coin_metadata/7b6c4QufrZgG8zRa7hGVcctrx26U77eeRxNH44PApump.json
7bKEdBip23yFo6ZFA6KbQm9NP5uNgkRhC13bRwzEpump,2026-05-31T17:53:02Z,True,3hK2PJtLVXrF9h8xMzHSiinTkUNvThLbmDzyi1UTsA4e,,,https://x.com/GayBroSOL,https://gaybro.fun,783c911,Shilin/artifacts/external_validation/raw_coin_metadata/7bKEdBip23yFo6ZFA6KbQm9NP5uNgkRhC13bRwzEpump.json
7bqNwnuE8owKgyDdfwPcn5sjbk67pdnXuWePvhTopump,2026-06-04T03:35:52Z,True,H9Dfan9RgCZxpH82J3niiKqUKLhDu3Dot1WjRPVoHsQZ,,,,,783c911,Shilin/artifacts/external_validation/raw_coin_metadata/7bqNwnuE8owKgyDdfwPcn5sjbk67pdnXuWePvhTopump.json
7bskCaoRFK3kwGa2WEcdShMk6NLmZpdw54fQEghApump,2026-05-30T15:16:05Z,True,JBC8Cetqar66KhwbUVHQ9WdLep4wqnFfFPoWqoyckiRM,,,https://x.com/Chubsters0x/status/2060741944574398909?s=20,https://x.com/oswaldoriosm/status/2060400303137005758,783c911,Shilin/artifacts/external_validation/raw_coin_metadata/7bskCaoRFK3kwGa2WEcdShMk6NLmZpdw54fQEghApump.json
7d57W1PWaiTtCMJoRLJJVJpgmsiFdGDza5EFo5bdpump,2026-05-20T16:32:44Z,True,C4YqRyWGNA32CKETHw7UAErBFgEQqciNerB9d1zw3ZNN,,,https://x.com/mikepudner/status/2057137105436876915,,783c911,Shilin/artifacts/external_validation/raw_coin_metadata/7d57W1PWaiTtCMJoRLJJVJpgmsiFdGDza5EFo5bdpump.json
7dfGgpAXk794kWsPbjCPcXAbUugdEL1M1v4SSrERpump,2026-05-13T14:08:48Z,True,3biyD97WoRhy4tfWFCsQPnPQShRkrh5uENugLXYby2QY,,,https://x.com/milasol_pump,https://milasol.top/,783c911,Shilin/artifacts/external_validation/raw_coin_metadata/7dfGgpAXk794kWsPbjCPcXAbUugdEL1M1v4SSrERpump.json
7e6DWSoo3HLnS7f5RXqbN9kiraKG587idkqVrJo3pump,2026-06-06T09:41:53Z,True,81nH7y1pUJLtNzTjb7FmyDL1z6JYoXRxtynUD7xyakj4,,,,,783c911,Shilin/artifacts/external_validation/raw_coin_metadata/7e6DWSoo3HLnS7f5RXqbN9kiraKG587idkqVrJo3pump.json
7gMfCVegbcqKMJZF8EqfkFaHgSWqRzUGorWPMoVCvuee,2026-05-18T20:48:08Z,True,5TScWwn2xaTVExhnzf2zP5kpBHoZLbTYLv9rmYgEHWS4,,,https://x.com/cobie/status/2056476829695803694,,783c911,Shilin/artifacts/external_validation/raw_coin_metadata/7gMfCVegbcqKMJZF8EqfkFaHgSWqRzUGorWPMoVCvuee.json
7gjC6JVvfbqiuFso6r2xDb4fEsSTtU3osWDr8jXZpump,2026-05-17T10:24:50Z,True,B5j78JjApnamtZGvQ1qjBKz7iG2DD3f28V7S37JNoThT,https://t.me/VIRKEL_sol,VIRKEL_sol,https://x.com/VIRKELSOL,https://virkel.help/,783c911,Shilin/artifacts/external_validation/raw_coin_metadata/7gjC6JVvfbqiuFso6r2xDb4fEsSTtU3osWDr8jXZpump.json
7gpRXzDRHYxARpdPz9z7k4UmPPpEsLnvt54har2bpump,2026-05-16T11:33:11Z,True,2MrNtdWFVT48vCP956VKvedqTEBHLhNrwvdstJ24D7ir,,,,https://www.moneymeme.fun/,783c911,Shilin/artifacts/external_validation/raw_coin_metadata/7gpRXzDRHYxARpdPz9z7k4UmPPpEsLnvt54har2bpump.json
7hMq7EQkDGJkivHKd9zuE3F9DBJdNpYETmYJdghqpump,2026-06-04T14:45:06Z,True,AD5EY3xPEDXTxLnfkqG5BTP8Gz1CrhQqMwY7nTM31FF3,,,https://x.com/SolanaEvents/status/2062542118522896624,https://x.com/search?q=Believe%20in%20%20%40solana&src=typed_query&f=live,783c911,Shilin/artifacts/external_validation/raw_coin_metadata/7hMq7EQkDGJkivHKd9zuE3F9DBJdNpYETmYJdghqpump.json
7ht5LjZK1aENJrfDQEjwika5PHqdoNWFQV7rkrEdv8Mi,2026-05-31T22:09:45Z,True,4qZfesYPw2S8B81AXGuHLD724TzSKmsHPUCPFFATSXxM,,,https://twitter.com/elonmusk/status/2061208520175808776,,783c911,Shilin/artifacts/external_validation/raw_coin_metadata/7ht5LjZK1aENJrfDQEjwika5PHqdoNWFQV7rkrEdv8Mi.json
7htcR6mX5xqNTf77P2JmfuMmQUBPK8WqkFnsB1qjpump,2026-05-29T03:37:18Z,True,GtpV9bKsAXpRAreTmCc1Qy7FN5zRSbUp5EUyer2YzJ3W,,,,,783c911,Shilin/artifacts/external_validation/raw_coin_metadata/7htcR6mX5xqNTf77P2JmfuMmQUBPK8WqkFnsB1qjpump.json
7huEpFbWf7X3BQtHvsmjapLEYS5bhTWw5vSbT8d2pump,2026-06-08T04:41:39Z,True,24nU9t19HyfEanePJ4n9DqgLVFHoYbGmdWuUyogRiS7Y,,,,,783c911,Shilin/artifacts/external_validation/raw_coin_metadata/7huEpFbWf7X3BQtHvsmjapLEYS5bhTWw5vSbT8d2pump.json
7iCSaao2QHAoi56bf99Zwt6ZYy6GTb1KJY1e3yPRpump,2026-05-26T11:18:27Z,True,8KbGSxo1bPrJrJcaPH24X8gd1x6z4JQbxEZMxEhzMTuo,https://t.me/Ichoosnietzscheaneverytime,Ichoosnietzscheaneverytime,,,783c911,Shilin/artifacts/external_validation/raw_coin_metadata/7iCSaao2QHAoi56bf99Zwt6ZYy6GTb1KJY1e3yPRpump.json
7iZwqiZxDJdSZxasaiyr7Fw9TT72d1PwiGcTGzPEpump,2026-06-06T06:44:19Z,True,9BjnDX5auKqSEPKcwC5crQ1r62BzLSL8WYo1Bx8chKtF,,,https://x.com/zeclol/status/2063149419923398945?s=20,https://zeroeffort.lol/,783c911,Shilin/artifacts/external_validation/raw_coin_metadata/7iZwqiZxDJdSZxasaiyr7Fw9TT72d1PwiGcTGzPEpump.json
7mQkeFJvq8cLxUm4A8b6dkVyzibUMuCyDZEJ2vwQfCVy,2026-05-22T06:39:16Z,True,tF6VMgnGJVXp9GQxC5ro5y6MapYJKyQxorE2NMi9cSJ,,,https://twitter.com/elonmusk/status/2057712748830597536,,783c911,Shilin/artifacts/external_validation/raw_coin_metadata/7mQkeFJvq8cLxUm4A8b6dkVyzibUMuCyDZEJ2vwQfCVy.json
7mqJMGoAYrxMCPBRo4KDnhiGHt4DojvKSBeErmCPpump,2026-06-03T18:38:16Z,True,95id55r45g58ZpuiQVi6UJoxifAdVob9TFwT7MW4SVz6,,,https://x.com/_TJRTrades/status/2062235560576733663,https://disney.fandom.com/wiki/Mike_Wazowski,783c911,Shilin/artifacts/external_validation/raw_coin_metadata/7mqJMGoAYrxMCPBRo4KDnhiGHt4DojvKSBeErmCPpump.json
7nnsG6GWiwFnpv4xzXZaEmJnFGgddFq1L4J1t7UJpump,2026-06-02T11:13:14Z,True,48ar6asUueUXVscwFcizUWWPh6S6X3N49a7WQdUmHpsg,https://t.me/Grumbydev,Grumbydev,https://x.com/Grumbysoll,https://grumby.life/,783c911,Shilin/artifacts/external_validation/raw_coin_metadata/7nnsG6GWiwFnpv4xzXZaEmJnFGgddFq1L4J1t7UJpump.json
7ooHue5nZZFpepoYdenmi1dEozGaD3Lh6A2xMR8Jpump,2026-05-19T14:02:54Z,True,EwNEp9LjSoWMcvPEzte5kY79Em3sYNSS2JmphNqEShAv,https://t.me/GANK_sol,GANK_sol,,https://thegank.com/,783c911,Shilin/artifacts/external_validation/raw_coin_metadata/7ooHue5nZZFpepoYdenmi1dEozGaD3Lh6A2xMR8Jpump.json
7p191cKABCtVM1PDhhbcKBpBzffFx14HuBoiLj3vpump,2026-05-31T00:01:13Z,True,8n5eEtYwZEkGegYkFVjhgtwHGhtd46RH1rZjVN7QhtT3,,,,,783c911,Shilin/artifacts/external_validation/raw_coin_metadata/7p191cKABCtVM1PDhhbcKBpBzffFx14HuBoiLj3vpump.json
7pUzz8S1bpASAiJREUp53V71FvcZoyZtK1H5zdBmpump,2026-05-24T20:14:51Z,True,3zrN74UaUMcXCYCoABJCwCXrHUAUS3NEgyr8LmDnLwFX,,,https://x.com/rileybrown/status/2058642826158837876,,783c911,Shilin/artifacts/external_validation/raw_coin_metadata/7pUzz8S1bpASAiJREUp53V71FvcZoyZtK1H5zdBmpump.json
7qbQuTWoz4cerNmgwQLgyoX51AhZG3ZosBwsfB5epump,2026-05-12T04:02:50Z,True,Aq3P6Ei32YkNjjmr5iYKinkq7JUmWDp7aERAcYDZsgQV,https://t.me/BLUUD_SOL,BLUUD_SOL,https://x.com/bluud_sol,https://www.bluud.cyou/,783c911,Shilin/artifacts/external_validation/raw_coin_metadata/7qbQuTWoz4cerNmgwQLgyoX51AhZG3ZosBwsfB5epump.json
7qkvtgs6QvpNnxDhZArZg29DcWGTVp5EFNJ1AtySpump,2026-05-16T07:48:29Z,True,8dJxTPDJz5NFvBk2bnAg8KhvpnwyjoT5zLEXkzRVBh6W,,,https://x.com/MichulSellur,,783c911,Shilin/artifacts/external_validation/raw_coin_metadata/7qkvtgs6QvpNnxDhZArZg29DcWGTVp5EFNJ1AtySpump.json
7s6z26DUbxcvKi23dFHPwE2QDGUumDd7ZiUaivuFpump,2026-06-10T14:00:07Z,True,2KeV5XTZ8uv4EdPKJaswPHAc5RDnZKkHYY1ms73p9695,,,https://x.com/spawningrunners/status/2064709140203622818,,783c911,Shilin/artifacts/external_validation/raw_coin_metadata/7s6z26DUbxcvKi23dFHPwE2QDGUumDd7ZiUaivuFpump.json
7skdRzYMnZ9KGg5QCh8J5QKoUNYKCLYQ15gaSLxBpump,2026-06-10T09:44:01Z,True,4H8xCdJQm7QegAekJieMnVVGv4ZzDmFDwwZUoB2vDxT1,https://t.me/peachcoinsolana,peachcoinsolana,https://x.com/peachcoinsolana,https://peachcoinsol.fun,783c911,Shilin/artifacts/external_validation/raw_coin_metadata/7skdRzYMnZ9KGg5QCh8J5QKoUNYKCLYQ15gaSLxBpump.json
7svswLVJ7uhcmnvtd8ZoAv3kLSoXofm5AaEudrs4zVsk,2026-06-02T20:53:55Z,True,FHKnGUKDtumWTFiBN8TjFFdaUTBm5vP7xVxnudSMwXHN,,,,,783c911,Shilin/artifacts/external_validation/raw_coin_metadata/7svswLVJ7uhcmnvtd8ZoAv3kLSoXofm5AaEudrs4zVsk.json
7sz7WaZfCUn2eA1ZbXggf96rxRBgLrp84Ci3rebapump,2026-05-29T09:49:06Z,True,GDmmD6yDj6JHLym38fvrZ9H1Sagfsk9voAL4tmRUfBXe,,,https://twitter.com/Teknium/status/2060296989095698874,,783c911,Shilin/artifacts/external_validation/raw_coin_metadata/7sz7WaZfCUn2eA1ZbXggf96rxRBgLrp84Ci3rebapump.json
7szB6Gvan3wNoqaJe7cwfeoEZ6ydeCRRytD8RpT5pump,2026-06-01T08:35:59Z,True,14FjobKi5xAN69hzAPqo1qrCwBMdT3DR5fVT82Z428XC,,,,https://doodleart.fun/,783c911,Shilin/artifacts/external_validation/raw_coin_metadata/7szB6Gvan3wNoqaJe7cwfeoEZ6ydeCRRytD8RpT5pump.json
7tk5PTgGYVcHYAsYW9UBD1LGYNjWy6JWvtyKveccpump,2026-05-19T05:10:32Z,True,4mhHbJyxHJAy9N1iKoQY5FVbLyP45K6djZAPb7eWcdmQ,,,,,783c911,Shilin/artifacts/external_validation/raw_coin_metadata/7tk5PTgGYVcHYAsYW9UBD1LGYNjWy6JWvtyKveccpump.json
7tvpHN3cyKLTc6gjYVS9V9rUWN8w1Pcn5TmQ1UR7pump,2026-05-22T15:44:53Z,True,4qVeMRy6FrndacAYkDfXTwMN5LjULMYc1xqzetYvg4A5,,,https://x.com/Liz_Binance/status/2057846136442868016,https://www.strangeloopcanon.com/p/homo-agenticus,783c911,Shilin/artifacts/external_validation/raw_coin_metadata/7tvpHN3cyKLTc6gjYVS9V9rUWN8w1Pcn5TmQ1UR7pump.json
7uPRWKh5ittEHneY675p1beFiTmsTmLwyHDYmZu6pump,2026-06-10T04:03:16Z,True,BwsYAb19U4VjBTmRnYh613gagJZggqWEVkmjmCeQGfUt,,,,,783c911,Shilin/artifacts/external_validation/raw_coin_metadata/7uPRWKh5ittEHneY675p1beFiTmsTmLwyHDYmZu6pump.json
7vYQXUAUFdKJPRGJY4zbgazyKC6ABBprW25bgK9epump,2026-05-31T08:43:31Z,True,3ooSNu4w67RzW4wE24QG2mz3CdDGUop2ShA2WUSwerQH,,,,,783c911,Shilin/artifacts/external_validation/raw_coin_metadata/7vYQXUAUFdKJPRGJY4zbgazyKC6ABBprW25bgK9epump.json
7yQSQKvHVNrdniX4uSEXP4yB1R5rtvpXvB6ZPFmBpump,2026-05-18T08:22:31Z,True,BhBjTzby1jrH2AVKkt56ucjmHA2aL8DyFLBpQMv4q9AD,,,,,783c911,Shilin/artifacts/external_validation/raw_coin_metadata/7yQSQKvHVNrdniX4uSEXP4yB1R5rtvpXvB6ZPFmBpump.json
7zKmeEDS7xwTjBB3cYLb2Z9Nz8KjkGq3S1KNaJQrpump,2026-05-26T08:26:24Z,True,AamRgdrgWVT6gGxK4tUV4b9f6g3TSJpisGZ49uahV8vK,https://t.me/larpcoinsol,larpcoinsol,https://x.com/larpcoinooff,https://larpcoin.us/,783c911,Shilin/artifacts/external_validation/raw_coin_metadata/7zKmeEDS7xwTjBB3cYLb2Z9Nz8KjkGq3S1KNaJQrpump.json
7zr8eYkgq9eescMM4LewW3JMk6EJPEVyL1TAfL2zpump,2026-06-07T05:56:56Z,True,EKSMFTzaeoacATSHExX9JaLbxiifYdysMGv4bpiemXHW,,,https://x.com/GoldBounty,https://goldbounty.site,783c911,Shilin/artifacts/external_validation/raw_coin_metadata/7zr8eYkgq9eescMM4LewW3JMk6EJPEVyL1TAfL2zpump.json
81HJyxG7KF3wCfrdFmETDa6UzZdJu8zCcFnqexCtpump,2026-06-09T18:12:22Z,True,3Ttxb3YVaeW9wToynLEZzGWvGitfE2GTcAfWu7YRoP5a,,,https://x.com/Degenmonfun,https://www.degenmon.fun/,783c911,Shilin/artifacts/external_validation/raw_coin_metadata/81HJyxG7KF3wCfrdFmETDa6UzZdJu8zCcFnqexCtpump.json
82ZmPRVn89XSmbK4dsqFwgTmr9xDBS7be7sjdBn6pump,2026-05-13T18:19:02Z,True,BdfjnwEh2NDbaXCWwVTDnJTFyFtPSL1R93RU8Adyo6wA,https://t.me/CopiumCult,CopiumCult,https://x.com/copiumcult,,783c911,Shilin/artifacts/external_validation/raw_coin_metadata/82ZmPRVn89XSmbK4dsqFwgTmr9xDBS7be7sjdBn6pump.json
855eNjUyUwyKiHWcJLN9EF3bVhrietqFip5paVQ8pump,2026-06-08T03:56:12Z,True,8vNRo1Ts1gQTdBFwrzDYsuUWS154z4iiTG4Tuskqz5nc,https://t.me/tavussol,tavussol,https://x.com/TavusSOL,https://tavus.space/,783c911,Shilin/artifacts/external_validation/raw_coin_metadata/855eNjUyUwyKiHWcJLN9EF3bVhrietqFip5paVQ8pump.json
88RYP9jitgqsLniS47PjD3RfSAaDRKRsWcNHfrJgpump,2026-05-30T18:19:52Z,True,GyszRjLxdoaEM2AbobEiAYccmBZMGYXtfyebWv6NkmM3,,,,,783c911,Shilin/artifacts/external_validation/raw_coin_metadata/88RYP9jitgqsLniS47PjD3RfSAaDRKRsWcNHfrJgpump.json
88zqcxAfnRyoA7uTBw4eqgoGMqtC5wN3Tti8T6nEpump,2026-05-22T21:04:05Z,True,EFHA5PQSvV3kMCej9BpvHUSjqepGKNZBVMA2omopQUYf,,,,,783c911,Shilin/artifacts/external_validation/raw_coin_metadata/88zqcxAfnRyoA7uTBw4eqgoGMqtC5wN3Tti8T6nEpump.json
89BSehAkaAESxZNrMpNLbduDumr7TLYS9eVf2btupump,2026-05-18T01:03:27Z,True,321v9PmCX3jrm5JxqdL83XMrR7jKQxzejVk76fc5yVwn,https://t.me/wcstars_Sol,wcstars_Sol,https://x.com/WCStars_sol,https://worldcupsuperstars.online/,783c911,Shilin/artifacts/external_validation/raw_coin_metadata/89BSehAkaAESxZNrMpNLbduDumr7TLYS9eVf2btupump.json
8AxtgGcY26DAZTZDyjPG6Kd5oNF4Ss2BcnwzewP8pump,2026-06-03T06:01:30Z,True,4JibxxdVVigxdfvS6DkHM58dA7HjbDAzaTDzpC6KjuCY,,,https://x.com/SPCXTrump,,783c911,Shilin/artifacts/external_validation/raw_coin_metadata/8AxtgGcY26DAZTZDyjPG6Kd5oNF4Ss2BcnwzewP8pump.json
8BG2Rs1fsRMRVoHZeoz5Wn5hKAnLmiDsyuE47eVbpump,2026-06-07T00:58:22Z,True,4e8BSAuUnBMfQhiwyTDVJozebyPota4Y5ubMVQUxH4QT,https://t.me/OMIBOCOIN,OMIBOCOIN,https://x.com/OMIBOCOIN,https://omibo.net/,783c911,Shilin/artifacts/external_validation/raw_coin_metadata/8BG2Rs1fsRMRVoHZeoz5Wn5hKAnLmiDsyuE47eVbpump.json
8C2wF9dbok8Zt3hWux6VL37ZJducsdi7TK7R6rRNpump,2026-05-24T19:21:29Z,True,FJy7o9Ys5tKMq6AftMkypn1RoTETpYFc2ygo8y9H8yaT,https://t.me/wealthcoin_sol,wealthcoin_sol,https://x.com/WealthCoin_SOL,https://wealthcoinsol.xyz/,783c911,Shilin/artifacts/external_validation/raw_coin_metadata/8C2wF9dbok8Zt3hWux6VL37ZJducsdi7TK7R6rRNpump.json
8CJWJiUjbnnaHUWtTo5PYpFtQjotVynPcgjneVdxpump,2026-06-09T09:12:24Z,True,3BvhvDCxREPMDqqzRxE7eb7b3bkWcXBYP3YWhVdEsrkx,,,,,783c911,Shilin/artifacts/external_validation/raw_coin_metadata/8CJWJiUjbnnaHUWtTo5PYpFtQjotVynPcgjneVdxpump.json
8Cdj4kYB1ZWA5HYSycWkDUna9UfRUpmZP1gUJZ6dpump,2026-05-30T08:24:27Z,True,43tFt3pWed8cKA8oFvcGKZMkZDQ3gdXSGbWqnNnXEqD3,,,,,783c911,Shilin/artifacts/external_validation/raw_coin_metadata/8Cdj4kYB1ZWA5HYSycWkDUna9UfRUpmZP1gUJZ6dpump.json
8Cy5a9pEfhFAUSDHPRmd3KB1jN5jnHrdHeSra9xipump,2026-05-19T03:29:03Z,True,GxSKnD931QjxoHf36TrWDk8eDGoT6GaRY5kVrgTcRCiH,https://t.me/addstickers/llort_by_brabus_sticker_bot,,https://x.com/LLORTsol,,783c911,Shilin/artifacts/external_validation/raw_coin_metadata/8Cy5a9pEfhFAUSDHPRmd3KB1jN5jnHrdHeSra9xipump.json
8CyZd5uCfdHetSx4ryVxboKtXi1US8SJrxN4Gb3gpump,2026-05-15T18:33:16Z,True,Ev866n2Ddeitw9A84zctKULArjmhRn5WcZk33es2iJGT,,,https://x.com/PROTOX1SOL,https://proto-x1.top/,783c911,Shilin/artifacts/external_validation/raw_coin_metadata/8CyZd5uCfdHetSx4ryVxboKtXi1US8SJrxN4Gb3gpump.json
8DFQ7fL4Mjd4RawREZnESz5tyNXm4kjUNYL9BWLApump,2026-06-08T08:54:59Z,True,99fbMsthyjm7B3NdVgBspr1xHdUVdC65FAQ8Zr6Ncmxa,,,https://x.com/riri_z1,,783c911,Shilin/artifacts/external_validation/raw_coin_metadata/8DFQ7fL4Mjd4RawREZnESz5tyNXm4kjUNYL9BWLApump.json
8Dj1BxAcfn3oe9JPXcPbFCjBn3zSTv1uVXLnHq46pump,2026-06-05T14:39:21Z,True,8Lxcr4nwHbecykVLaaUaRW3top9spwtCHEFMFaSygzpn,https://t.me/youmio_channel,youmio_channel,https://x.com/YoumioAIAgent,https://youmioai.com/,783c911,Shilin/artifacts/external_validation/raw_coin_metadata/8Dj1BxAcfn3oe9JPXcPbFCjBn3zSTv1uVXLnHq46pump.json
8EEvvmDQRxQHWygwMAxUqXReBg9kmGzRfcf9XyHepump,2026-05-23T20:52:41Z,True,D3igFX81yY3et6hH3ThBYZx9jNQggsqG2AsU4RiHXNLu,,,https://x.com/d33v33d0,,783c911,Shilin/artifacts/external_validation/raw_coin_metadata/8EEvvmDQRxQHWygwMAxUqXReBg9kmGzRfcf9XyHepump.json
8GSavMMaAHbsWdm5235n4zKAVCYUCkPF7Qc97y6Jpump,2026-05-12T15:19:43Z,True,BWF3BXbeo7HMZnSC9UQwVgrxz1C7A473dHA7ZPhZx8Wr,,,,,783c911,Shilin/artifacts/external_validation/raw_coin_metadata/8GSavMMaAHbsWdm5235n4zKAVCYUCkPF7Qc97y6Jpump.json
8GjfmFUXc2oVJ8RVaS1rwFzxpzQdx9ZNMjjYtBtpump,2026-05-29T02:59:54Z,True,Hzj87Ykqf9EjfwjPh8fPc6UP9yqkdUBGtBzkefCWnk3C,,,https://x.com/RTNToronto/status/2060021715766329557,,783c911,Shilin/artifacts/external_validation/raw_coin_metadata/8GjfmFUXc2oVJ8RVaS1rwFzxpzQdx9ZNMjjYtBtpump.json
8HcvRTuGfjJjQtiU9As3ACbu2nS24oUMuuCFXws8pump,2026-05-15T20:07:55Z,True,CG6n3jN9jV7MJB4RMjFAtDNo53qgrarxFsdNK4VZDoKz,,,https://x.com/ayushquantt/status/2055379562955980813,https://x.com/ayushquantt/status/2055379562955980813,783c911,Shilin/artifacts/external_validation/raw_coin_metadata/8HcvRTuGfjJjQtiU9As3ACbu2nS24oUMuuCFXws8pump.json
8Hdt15i4wH6yq1shpXDQjS1zY49o4w2B7TLLoHmbpump,2026-05-30T17:55:34Z,True,CYTGPMAbHjiRhVnAwxsvwN65KWzqika3yHHxhxqaCQAg,,,,,783c911,Shilin/artifacts/external_validation/raw_coin_metadata/8Hdt15i4wH6yq1shpXDQjS1zY49o4w2B7TLLoHmbpump.json
8Hf1E4bBo7c3kccbWVrpWuZnTJ64tm6nqETTd1RZpump,2026-05-17T15:47:38Z,True,3fMgZDwTjQFZAtorE7zyCvsFhSTf8YG5bqW4zFDMUTTU,https://t.me/fluffmeowfluff,fluffmeowfluff,https://x.com/fluffmeowfluff,https://fluffmeow.com,783c911,Shilin/artifacts/external_validation/raw_coin_metadata/8Hf1E4bBo7c3kccbWVrpWuZnTJ64tm6nqETTd1RZpump.json
8HzRWh3zdW7ewhjE16sCowoxeKZZ9hF3TjhCwqVMpump,2026-06-10T00:14:01Z,True,GdRryBiMbfo81AhGThTbrSBcHVoMdwbhr6upXeRjHJx6,,,https://x.com/cainyabels,https://www.cainyabel.cc,783c911,Shilin/artifacts/external_validation/raw_coin_metadata/8HzRWh3zdW7ewhjE16sCowoxeKZZ9hF3TjhCwqVMpump.json
8JtNGugRZ9kXKPtis4VLRFf4uXcDLxjw4Ge9533pump,2026-06-02T09:28:24Z,True,5yVHx2WzVPCgxEzQwDJoc3iW9vaxZX9tNxSezEajNxUV,,,https://x.com/search?q=Pride%20Month&src=recent_search_click,,783c911,Shilin/artifacts/external_validation/raw_coin_metadata/8JtNGugRZ9kXKPtis4VLRFf4uXcDLxjw4Ge9533pump.json
8K5ov5hj1kazn9ZJTMNSGH1Pq1eBXhFTLRjsdmq1pump,2026-06-02T03:41:01Z,True,3bCcX4jVnhqGmenRmpwUVoX9bYV6KWRUyfbWtgDjF7cj,,,,,783c911,Shilin/artifacts/external_validation/raw_coin_metadata/8K5ov5hj1kazn9ZJTMNSGH1Pq1eBXhFTLRjsdmq1pump.json
8N3di7B4zvrdV6TiYHnD7AteTaWPkYGHc4ie8yQKpump,2026-05-22T02:19:37Z,True,3ZUpHqp4PoPSkmk6PKYsVG4Qt9UkrhcpRmiUpoTqWQXp,https://t.me/uswcc_sol,uswcc_sol,https://x.com/USWCC_sol,https://uswcc.online/,783c911,Shilin/artifacts/external_validation/raw_coin_metadata/8N3di7B4zvrdV6TiYHnD7AteTaWPkYGHc4ie8yQKpump.json
8P2fEWMK9mPaVQgsKTWiFRkN7vqsCENy3VW8cFHvpump,2026-05-20T13:11:59Z,True,CeGvhiyrTwyqjkWHBXUq5J7kq9QyPnksxcVaobQ1qw87,,,,,783c911,Shilin/artifacts/external_validation/raw_coin_metadata/8P2fEWMK9mPaVQgsKTWiFRkN7vqsCENy3VW8cFHvpump.json
8PDKQbRBGz2uU8FokGhYkU37uS6Ni13mTV2H3LG5pump,2026-05-22T13:44:43Z,True,AnDjCjToa8GTZqUvid1JFFQZnKgRvZQvb4WN2QDJW6p6,,,https://x.com/elonmusk/status/2057819911204770162,,783c911,Shilin/artifacts/external_validation/raw_coin_metadata/8PDKQbRBGz2uU8FokGhYkU37uS6Ni13mTV2H3LG5pump.json
8PrKyi8nVNZGZUGwTQbuFXfxDJWsys9owR4JZzZwpump,2026-06-06T22:47:09Z,True,817xitBkxf5mE29CnG15vbYyfqxjF9PvdtMTo63gJG2y,,,https://x.com/UATFGov,https://uatfgov.com/,783c911,Shilin/artifacts/external_validation/raw_coin_metadata/8PrKyi8nVNZGZUGwTQbuFXfxDJWsys9owR4JZzZwpump.json
8PzgGuxrZSUPooX57Tqy9VMrK721hDsgdiFMernbpump,2026-06-04T16:33:05Z,True,88qyHo1k3gqrnahh98jQMCjeWZ3VvcxBv9WxWJfonugZ,,,https://x.com/TheDegenZane/status/2062573310924542143?s=20,,783c911,Shilin/artifacts/external_validation/raw_coin_metadata/8PzgGuxrZSUPooX57Tqy9VMrK721hDsgdiFMernbpump.json
8QT7tDuaHhZaYtUCLkJLhBp1qERS2aj75q1gxY6pump,2026-05-12T16:39:21Z,True,3hBSqjpPk1mFv2vLPEoK4Ppt4YahUDoavyB16i9MRQQK,,,https://x.com/grok/status/2054239830674973048?s=20,,783c911,Shilin/artifacts/external_validation/raw_coin_metadata/8QT7tDuaHhZaYtUCLkJLhBp1qERS2aj75q1gxY6pump.json
8QVeMaGgeCK2fEA7p2uiw44TEGBMnkckwKyraizGpump,2026-05-22T22:55:31Z,True,2RXjDAGc4gY4Uh2yqu2WoVnKaTbD7vfrehz1PUTuXSh7,,,https://x.com/shawmakesmagic/status/2057068319556137430,https://steward.fi/,783c911,Shilin/artifacts/external_validation/raw_coin_metadata/8QVeMaGgeCK2fEA7p2uiw44TEGBMnkckwKyraizGpump.json
8QfUXyBzHbXDjzzoiQzSh1YkLKeMNN9MPurAPs1Npump,2026-06-07T10:25:53Z,True,EG9h74kYqrTBiJbhnn1j1Yj9Dw8BKwRZDH5cnPzd6txt,,,,,783c911,Shilin/artifacts/external_validation/raw_coin_metadata/8QfUXyBzHbXDjzzoiQzSh1YkLKeMNN9MPurAPs1Npump.json
8RV8oLUSvEpRani8Q4bwQRsM6VhMZK6KXVmnrC7wpump,2026-05-15T15:44:10Z,True,GecZzsygma3jCjzvrEwkQcW9EBTC1MqEF8puuTTNfigb,https://t.me/nullosolana,nullosolana,https://x.com/NulloSOL,https://nullosol.com,783c911,Shilin/artifacts/external_validation/raw_coin_metadata/8RV8oLUSvEpRani8Q4bwQRsM6VhMZK6KXVmnrC7wpump.json
8SLUsH4yuHJeMpHG3ury6exXT4jhoCsqWYwFJHkupump,2026-05-14T18:27:06Z,True,Gz3R2NNPfXNruCP2ybwCCYaGLwyS8TmxPvBj74nEY8JT,,,,https://truthsoclal.com,783c911,Shilin/artifacts/external_validation/raw_coin_metadata/8SLUsH4yuHJeMpHG3ury6exXT4jhoCsqWYwFJHkupump.json
8T7kxPMXvDjmV5CiuzHtuH5tpvQtmwBJyzsv2ZvWpump,2026-05-12T13:13:21Z,True,BEiXL427Ezq7g1VqQsi4j7V3L7QozwSJ4Jf519RwNDW9,,,https://twitter.com/truth_terminal/status/2054187964885000483,,783c911,Shilin/artifacts/external_validation/raw_coin_metadata/8T7kxPMXvDjmV5CiuzHtuH5tpvQtmwBJyzsv2ZvWpump.json
8TqADbcfDHLs3XgH8KFTZow5JbwhdSy7cUnCno9apump,2026-05-23T15:19:16Z,True,HAdotoYgw57BEDXdLVxqgGp5htQQdJhhn2sEufBNxowW,,,https://twitter.com/garyvee/status/2058206101284286765,,783c911,Shilin/artifacts/external_validation/raw_coin_metadata/8TqADbcfDHLs3XgH8KFTZow5JbwhdSy7cUnCno9apump.json
8VFfRYXWeyDWKqLGJ6K9aBpMKqpZdADcY2wgYLvLpump,2026-06-07T10:49:19Z,True,Frt54Z5gLukLrKeHyvCSq9mqxrfafxWmPepko6JwWQaR,,,,,783c911,Shilin/artifacts/external_validation/raw_coin_metadata/8VFfRYXWeyDWKqLGJ6K9aBpMKqpZdADcY2wgYLvLpump.json
8WzsBow4VGJYyAkSSNUA5eBPiYXXyoTG8z7gwETSpump,2026-05-15T23:07:24Z,True,DzU4hyqMDMu6fkNpD3yjsgZ5mKLi22DrJ4jXFyftE67q,,,https://x.com/nutcaseopinions/status/2055424712163901492,,783c911,Shilin/artifacts/external_validation/raw_coin_metadata/8WzsBow4VGJYyAkSSNUA5eBPiYXXyoTG8z7gwETSpump.json
8Xqgo5nPqRBycfCV1jUd6dPR11ZbanFJZfBFX4uPpump,2026-06-03T16:59:19Z,True,DK1LeAvhKArKuFjbyBhDajvcUMhkST15aXQ8t8VTJ1HM,,,https://x.com/UATFGov,https://uatfgov.com/,783c911,Shilin/artifacts/external_validation/raw_coin_metadata/8Xqgo5nPqRBycfCV1jUd6dPR11ZbanFJZfBFX4uPpump.json
8Y8MytdNHSmwxBbJ4USTYZAjtXKNm91iNyXmZ7e5pump,2026-06-05T04:16:58Z,True,88MTuqWVGaJ2tmof5zpn2FZyjGY1GKvvK2GNMi6SHUdU,,,,,783c911,Shilin/artifacts/external_validation/raw_coin_metadata/8Y8MytdNHSmwxBbJ4USTYZAjtXKNm91iNyXmZ7e5pump.json
8YXEUKsQQWPjB9TQBfP39DtSr6b1WSZ8Ra2AMqipump,2026-05-25T00:28:27Z,True,3UEy2TC7Ffdj27W2Sd7aYEBwvyS7196NrrtH2HotGeEt,,,https://x.com/Badhombre/status/2058341145357263249,,783c911,Shilin/artifacts/external_validation/raw_coin_metadata/8YXEUKsQQWPjB9TQBfP39DtSr6b1WSZ8Ra2AMqipump.json
8YzjsQde7S8rZixVBdUYeJS3EQ2MetgFq5TsnFAhpump,2026-05-25T19:01:20Z,True,AnsYFKSvrHNESLHSP43tqw8aQEXfXdnY4YadqdzsgcSx,,,https://x.com/DonuldTrunp,https://donuldtrunp.wtf,783c911,Shilin/artifacts/external_validation/raw_coin_metadata/8YzjsQde7S8rZixVBdUYeJS3EQ2MetgFq5TsnFAhpump.json
8Z3b2a3umh8cY5Rm3UbzWfpDP1YkD3HixNbe21aipump,2026-06-09T04:42:30Z,True,CzJg9soVgfYS8CGNoLdismpYHgUAjupAHPY4X8rESv9U,,,,,783c911,Shilin/artifacts/external_validation/raw_coin_metadata/8Z3b2a3umh8cY5Rm3UbzWfpDP1YkD3HixNbe21aipump.json
8Zrbh9DJFgY5H6jqZb3CWeMF6wLGMHiDKvkK4qSTpump,2026-05-23T03:57:25Z,True,25H5ma8w65X6m117RyQV2NBy4fJCGQowRA2F4H7pBmQ1,,,https://x.com/cooldevisback/status/2058034480485437717?s=20,https://capcat.io,783c911,Shilin/artifacts/external_validation/raw_coin_metadata/8Zrbh9DJFgY5H6jqZb3CWeMF6wLGMHiDKvkK4qSTpump.json
8aqh8vn3fkFmUBLN1G2v8x5Vw1wuCNobHFYYKzngpump,2026-05-30T11:51:12Z,True,Dwn8JGNgAVLUUxKYqTYV3UEPuw4EaJyNhZcSCCBSpB8d,https://t.me/ClarvySol,ClarvySol,https://x.com/Clarvy_Sol,https://clarvysol.com/,783c911,Shilin/artifacts/external_validation/raw_coin_metadata/8aqh8vn3fkFmUBLN1G2v8x5Vw1wuCNobHFYYKzngpump.json
8bM86V4xrzdZzGX4x7yyXmaC3vr2YB9x7HFFkcfepump,2026-05-13T03:17:57Z,True,3TvoSwiggJGP8LSMAseACWyVuoDkANVfA6qArsfxL2TP,,,,https://whaletroll.fun/,783c911,Shilin/artifacts/external_validation/raw_coin_metadata/8bM86V4xrzdZzGX4x7yyXmaC3vr2YB9x7HFFkcfepump.json
8cU9H3X8XxQJtLgaV1xU5NN784cHBTK72gsYrsqpump,2026-05-26T14:44:25Z,True,ASZgFo22ZAMwLWxYmWpiHvjvbUAQPeQmdTeWNkdSeYeg,,,https://x.com/Pontifex/status/2058873214873325977,https://www.vatican.va/content/leo-xiv/en/encyclicals/documents/20260515-magnifica-humanitas.html,783c911,Shilin/artifacts/external_validation/raw_coin_metadata/8cU9H3X8XxQJtLgaV1xU5NN784cHBTK72gsYrsqpump.json
8cXUS7ZN2JdGeeXjB7c44astq5MEfoTs8eESX3Mapump,2026-06-01T22:50:16Z,True,GgUkCrfkpaZMJB4NHzAFpA4mW3xXWYT1u78cSQrVzdrK,,,https://x.com/TROLLOWENNSOL/status/2061581033418506703?s=20,,783c911,Shilin/artifacts/external_validation/raw_coin_metadata/8cXUS7ZN2JdGeeXjB7c44astq5MEfoTs8eESX3Mapump.json
8dEb1zGR4mPFrePto1L4zTfReFuzeZ5AtApKrET2pump,2026-06-09T01:11:04Z,True,DydDAu5jfiZGt5AovPViEbsPohViLbUKRz9xUhpHTm4g,https://t.me/BROKOMBAT,BROKOMBAT,https://x.com/brokombatsol,https://brokombat.club/,783c911,Shilin/artifacts/external_validation/raw_coin_metadata/8dEb1zGR4mPFrePto1L4zTfReFuzeZ5AtApKrET2pump.json
8eXe7v4ebmL4jfpbPivqeUeSLXiNNP91v65GfwLjpump,2026-06-04T01:04:42Z,True,E6GuPN8baeJQQDnMgzRYhx6jFh8cQ8ebvgxLNKujnCHc,,,,,783c911,Shilin/artifacts/external_validation/raw_coin_metadata/8eXe7v4ebmL4jfpbPivqeUeSLXiNNP91v65GfwLjpump.json
8exQqEzoVkppsxtbSznj4Y9sy1tMNqpRso4LLy3Wpump,2026-05-24T13:11:39Z,True,4cc82jdW3zTrB3tLVnqPHraScRaZPqfuRm1BKV4DokW8,https://t.me/ZUPZAPsol,ZUPZAPsol,https://x.com/zupzap_sol,https://zupzapsol.com/,783c911,Shilin/artifacts/external_validation/raw_coin_metadata/8exQqEzoVkppsxtbSznj4Y9sy1tMNqpRso4LLy3Wpump.json
8fm7oTUegrxtkEVJfpUcKQf2HKvgDiwAeU4yHxvTpump,2026-06-03T12:41:56Z,True,B7YgG31cr5UznyTgsPNVYbJRvctJ5xohw1Uefgsew1Ky,,,https://x.com/GoldHouseSol,https://goldhouse.live,783c911,Shilin/artifacts/external_validation/raw_coin_metadata/8fm7oTUegrxtkEVJfpUcKQf2HKvgDiwAeU4yHxvTpump.json
8foEtWN3drgeHHcHkkmUhChRfWrUYv7vTAgo12Mdpump,2026-05-27T19:02:10Z,True,3fD2CYxnUbhn6hu3TvSscE1PCFwA4Gk5FsRiEva1W33g,,,,,783c911,Shilin/artifacts/external_validation/raw_coin_metadata/8foEtWN3drgeHHcHkkmUhChRfWrUYv7vTAgo12Mdpump.json
8imjvWgbTphY7dXwHEwpbvNqnFVzS5JuwwEo6djfpump,2026-05-18T20:15:43Z,True,9d3B9uG1i15LQdupLXnboEkRLdEUtXtwdmfrdhZWVsMd,,,https://x.com/krakenfx/status/2056465280822321255,https://x.com/Minecraft/status/2056428793921769913,783c911,Shilin/artifacts/external_validation/raw_coin_metadata/8imjvWgbTphY7dXwHEwpbvNqnFVzS5JuwwEo6djfpump.json
8inL4p6XqL3oNjHUP9EzSMUEi2AogAND88j5YSLSpump,2026-05-13T16:59:30Z,True,5HEusETsQWm8CQUNXMFkXXRbB8uVRs7LZPAmxK7cC1eM,,,https://x.com/thedevelopooor/status/2054606373086695616,https://x.com/cprkrn,783c911,Shilin/artifacts/external_validation/raw_coin_metadata/8inL4p6XqL3oNjHUP9EzSMUEi2AogAND88j5YSLSpump.json
8jUaezWdxX9XqG4KZ6MrtYgFF3h6Kbb5fsJ1eCg9pump,2026-05-28T02:28:14Z,True,6A7QsiAiwAv2fGyomH4X4ENCy4zwfmNnr7RxCMBmuzJh,,,,,783c911,Shilin/artifacts/external_validation/raw_coin_metadata/8jUaezWdxX9XqG4KZ6MrtYgFF3h6Kbb5fsJ1eCg9pump.json
8jyUQyUuHMua72KebwnyJ5hybycjTPSkB3b8zqjHpump,2026-06-05T06:58:03Z,True,CD9MRu7WiWbuQj5CHe9m3KMMTuqVMZd9G6RymeqSNy6M,,,,https://theninja.lol/,783c911,Shilin/artifacts/external_validation/raw_coin_metadata/8jyUQyUuHMua72KebwnyJ5hybycjTPSkB3b8zqjHpump.json
8kHw8KXd32bMFZ2m5TQHo9eLtL8emkToxBTdWmqQpump,2026-05-30T15:45:09Z,True,KvvMdZRkAASG4UNv1oayGGqCrFFmSquynxgsFUfsosB,https://t.me/gloobzsol,gloobzsol,https://x.com/gloobz_sol,https://gloobzsol.com/,783c911,Shilin/artifacts/external_validation/raw_coin_metadata/8kHw8KXd32bMFZ2m5TQHo9eLtL8emkToxBTdWmqQpump.json
8khgg1eMfXgo69FuUGWAiZ3UESxgbxSxakwnaMCKpump,2026-06-09T00:18:51Z,True,Cp6sUKn6GWmF3dXQANtHNbGunJCbXPwuo48JoTeJnyXY,,,,,783c911,Shilin/artifacts/external_validation/raw_coin_metadata/8khgg1eMfXgo69FuUGWAiZ3UESxgbxSxakwnaMCKpump.json
8ksdBW9gTzpoR6ZG2GqnXCubhVYC227HZEZG7zZTpump,2026-06-05T03:48:35Z,True,6Q2Zbkhaex8T7WeBMTCxwQYfGB6v5MaWjT3E31fnv43Z,,,,,783c911,Shilin/artifacts/external_validation/raw_coin_metadata/8ksdBW9gTzpoR6ZG2GqnXCubhVYC227HZEZG7zZTpump.json
8maXm9xo4JvNhXCDnjCKKVwD2sqEVVjLGGGJmin7pump,2026-05-12T17:41:45Z,True,8zK3SsMXkDz9htzNzsfAtD2G4YrXj4Fh2LKt2qm3YJLh,,,https://x.com/perps/status/2054255702873661623,,783c911,Shilin/artifacts/external_validation/raw_coin_metadata/8maXm9xo4JvNhXCDnjCKKVwD2sqEVVjLGGGJmin7pump.json
8pNiw1yRRvTLQ3uSgdKVwtXgq4TBvzsRvJncW1JHpump,2026-06-07T17:35:22Z,True,GwoJ89j58vM69JajJHSAWsTsBfEDuw8MLS47pmAXDQZv,,,https://x.com/bountyhouse_X,https://www.bountyhouse.cc,783c911,Shilin/artifacts/external_validation/raw_coin_metadata/8pNiw1yRRvTLQ3uSgdKVwtXgq4TBvzsRvJncW1JHpump.json
8pqZynaJVuhaup2v6wPsQgtP6qwPRPMXdhBaFNiApump,2026-05-28T14:08:22Z,True,7m2FWP2MCyb3hbwS9vnRCpom8qp8DqUzxXxHT6jpXYpF,,,https://x.com/MarioNawfal/status/2059976481368142221,https://x.com/MarioNawfal/status/2059976481368142221,783c911,Shilin/artifacts/external_validation/raw_coin_metadata/8pqZynaJVuhaup2v6wPsQgtP6qwPRPMXdhBaFNiApump.json
8qo1ZZCRa2AffScVDUTJSNpHfjvqhZjk2uwpwajipump,2026-06-07T17:35:25Z,True,5WPKAdVfQ9cwcvcWPF15kYKj8Te8SZYJZnHJXYMzD88d,,,,,783c911,Shilin/artifacts/external_validation/raw_coin_metadata/8qo1ZZCRa2AffScVDUTJSNpHfjvqhZjk2uwpwajipump.json
8tB5hwiysQRKnbAX8A3L3jjyTtGfn6mPdDaVAFsTpump,2026-05-18T01:28:30Z,True,4DhLkRt3V3Q5dco9K4oEzTo42xdb2F1sjBDCbspKUTMB,,,https://x.com/schizofeed,https://schizofeed.fun/,783c911,Shilin/artifacts/external_validation/raw_coin_metadata/8tB5hwiysQRKnbAX8A3L3jjyTtGfn6mPdDaVAFsTpump.json
8tX4ZoxhnuaQrK2H59omSEQXCHTNwFn9vZUg1psh3W5Z,2026-05-15T00:06:32Z,True,61RaFemwXuaMK1JSgr2DS2rtvtFetkDdgesETfkHFuKm,,,https://x.com/Aiswarya_Sankar/status/2055074545522860447,https://x.com/i/lists/2054608355314839857,783c911,Shilin/artifacts/external_validation/raw_coin_metadata/8tX4ZoxhnuaQrK2H59omSEQXCHTNwFn9vZUg1psh3W5Z.json
8v54wq2wNmW7jnzW6rMwrk6LfPynTWRCdPzcApgHpump,2026-05-14T01:21:37Z,True,AeGD4rKqD3ELYoJrRCvP2Zzo6kJEtuBiNGHtYU1wPnTn,,,https://x.com/atltaq/status/2054733751209398422,,783c911,Shilin/artifacts/external_validation/raw_coin_metadata/8v54wq2wNmW7jnzW6rMwrk6LfPynTWRCdPzcApgHpump.json
8wKG8kKvnnYpJBCTACXyNax368bdZpJQCUniuPxppump,2026-06-09T15:35:51Z,True,HnEAa4muihUCWdYYxiNvkmCBHRTeUduNT8gWpJZxDV9K,,,,,783c911,Shilin/artifacts/external_validation/raw_coin_metadata/8wKG8kKvnnYpJBCTACXyNax368bdZpJQCUniuPxppump.json
8wMAG5aRJJTF1io2ac8o7y3gnNfDD8U5XRqpZ983pump,2026-05-20T12:35:35Z,True,GBb5UHpGazixvAXquMy7du37nT7Uwur2yK4vW22GQ1QD,https://t.me/cr7worldcupsol,cr7worldcupsol,https://x.com/CR7WorldCupSOL,https://cr7lastworldcup.vip/,783c911,Shilin/artifacts/external_validation/raw_coin_metadata/8wMAG5aRJJTF1io2ac8o7y3gnNfDD8U5XRqpZ983pump.json
8wxkvAfEns76yBzu4MnbV7VnXWjg3iDPA9uwAQ6cpump,2026-05-21T21:02:02Z,True,Ak7hDCxDSocD2ZgJBCa1ZwLcuDQz5F6n747a7rQtpXE3,,,https://x.com/solangelestv,https://solangeles.fun/,783c911,Shilin/artifacts/external_validation/raw_coin_metadata/8wxkvAfEns76yBzu4MnbV7VnXWjg3iDPA9uwAQ6cpump.json
8y14htkUufQUoTRYpLLn1Za7w7Zr8eofdyLnvEqCpump,2026-05-18T14:54:29Z,True,2YpoqbUTGPd4MHTfBzU4oUiP1GbRfkt9YRt36MbcsxnS,,,https://x.com/search?q=boner%20phone&src=typed_query&f=live,https://x.com/catturd2/status/2056379057827111213,783c911,Shilin/artifacts/external_validation/raw_coin_metadata/8y14htkUufQUoTRYpLLn1Za7w7Zr8eofdyLnvEqCpump.json
8ya4XsWFoELPo8uLDEeXm4eVo3XxeYpvY2u8RRFupump,2026-06-10T15:40:36Z,True,CHJkiecWvKryNrG8SAt7xSYcGfpnuDTrbyBDe2dpfLTV,,,,,783c911,Shilin/artifacts/external_validation/raw_coin_metadata/8ya4XsWFoELPo8uLDEeXm4eVo3XxeYpvY2u8RRFupump.json
8yqF5Zq2wJECKRhpYqpaN2CgWZAj2U3QAfcbcjMspump,2026-05-26T13:12:47Z,True,73XyLDMXrTpKAwf3rDzqXJ43yprv1CVMaJS8MyVrvBaa,,,https://x.com/DecryptMedia/status/2059261122960560318,,783c911,Shilin/artifacts/external_validation/raw_coin_metadata/8yqF5Zq2wJECKRhpYqpaN2CgWZAj2U3QAfcbcjMspump.json
91WKQoqFddCWGiYsPDCKLyahedcmp7KooHtvAgDypump,2026-05-23T00:50:37Z,True,DCTNcpFHNQpNdLungyHRac7xZp3sDmAM2sWnafXaftma,,,https://x.com/RichTrump_X,,783c911,Shilin/artifacts/external_validation/raw_coin_metadata/91WKQoqFddCWGiYsPDCKLyahedcmp7KooHtvAgDypump.json
91kNeiWzXk9tecocnSnnE6temb6jtVyxdngo58Utpump,2026-05-13T19:41:59Z,True,41YQ55MDe8N8zBJLqC7Ybq6TsL7sVXGyEzzGKo6yqs5b,,,,,783c911,Shilin/artifacts/external_validation/raw_coin_metadata/91kNeiWzXk9tecocnSnnE6temb6jtVyxdngo58Utpump.json
91p9fStQaWwQEKEsSRGisYQvVQSLzKrhH6TWzRtmpump,2026-06-02T11:52:00Z,True,GmWrbYdXihJxk5djSY8qpX2CB3SUVe1fa3FzySCtdkq9,https://t.me/THESHADCAT,THESHADCAT,https://x.com/THESHADCAT,https://shadcat.click/,783c911,Shilin/artifacts/external_validation/raw_coin_metadata/91p9fStQaWwQEKEsSRGisYQvVQSLzKrhH6TWzRtmpump.json
91qiDgcdKDZUVD4rFAUkrng8Kj52sgcCpEQ9N3PMpump,2026-06-09T03:02:52Z,True,4FB4otyJcD7dt5WseL61nW7ZCTUbz6T3yHQJiv5b8eG3,,,,,783c911,Shilin/artifacts/external_validation/raw_coin_metadata/91qiDgcdKDZUVD4rFAUkrng8Kj52sgcCpEQ9N3PMpump.json
92M9zCa2eoQKqbfQLeFHhGMqJc3T5dG3HrJPr6jmpump,2026-06-06T02:11:59Z,True,Daxdfh3EzKFXCi1Yqif9TqsmkwAuXcnpnfJNEB23Q8y8,,,,,783c911,Shilin/artifacts/external_validation/raw_coin_metadata/92M9zCa2eoQKqbfQLeFHhGMqJc3T5dG3HrJPr6jmpump.json
92dHUSTQBgYjJAC7kPjasHSsAmYLCzUDfoK7jFiupump,2026-06-03T23:17:30Z,True,EDgYG4eDUGtzh7vwhtLcF32u3jKor3C6M4gs3GVR5XYA,,,,,783c911,Shilin/artifacts/external_validation/raw_coin_metadata/92dHUSTQBgYjJAC7kPjasHSsAmYLCzUDfoK7jFiupump.json
92eXvBFGBAXwgmPf6t6CUCNJH2xChsCJuWzaGPjyPUmP,2026-05-22T14:11:13Z,True,6VZdd6LsKTbex42xHLW85nEJtkE2ePgka2WsQu4tbo4F,https://t.me/agentrankingtg,agentrankingtg,https://x.com/agentranking,https://agentranking.io/,783c911,Shilin/artifacts/external_validation/raw_coin_metadata/92eXvBFGBAXwgmPf6t6CUCNJH2xChsCJuWzaGPjyPUmP.json
945AfFKJG9oeFcsB7V9FFdD5BXkfcB9PzdWLRBcfpump,2026-05-30T06:10:04Z,True,3vb9sHeUDtziWpPczVmCLJchyTvXVvX38fW5rE5Yabiw,,,,,783c911,Shilin/artifacts/external_validation/raw_coin_metadata/945AfFKJG9oeFcsB7V9FFdD5BXkfcB9PzdWLRBcfpump.json
94CwFA1HtfWSXeEYnhogYhaqyfyWph4oWupVCQ6rpump,2026-05-20T04:10:53Z,True,EpkcQ9P7xAKSNbt1VUUyREv84ycEAnDiopLVNox1vmMW,https://t.me/kevinfedchair_chat,kevinfedchair_chat,https://x.com/KevinFedChairX,https://kevinthefedchair.online/,783c911,Shilin/artifacts/external_validation/raw_coin_metadata/94CwFA1HtfWSXeEYnhogYhaqyfyWph4oWupVCQ6rpump.json
95qJsqPMthKWbvkyFeuZtuNdW5ec8uNR7W1xZTM2pump,2026-05-27T13:50:22Z,True,DEXKM8C7xwog1McMbCbVvEJDzGAYmaPapApvKTiUg2yZ,,,https://x.com/Raise_Shields/status/2059633154202165422,https://www.raise-your-shields.xyz/,783c911,Shilin/artifacts/external_validation/raw_coin_metadata/95qJsqPMthKWbvkyFeuZtuNdW5ec8uNR7W1xZTM2pump.json
96JsumVr1xm1hPJQqkFtfXT9gQKS7gCSKhuUArATpump,2026-05-14T00:37:18Z,True,8B6nwNbnu4TcBLXrbH5KVo5ntjMvnbei8Jwci8WhENmr,,,https://x.com/zumpsol/status/2054722654234443783?s=20,https://youtu.be/luU57hMhkak,783c911,Shilin/artifacts/external_validation/raw_coin_metadata/96JsumVr1xm1hPJQqkFtfXT9gQKS7gCSKhuUArATpump.json
97rHiqTy2NwSwKTd8CffhnyiGVHcN5dvhNEySTGtpump,2026-06-07T13:43:15Z,True,6YRLGr5MHRenYG14dcbDewDAkp6u7mqdnB5B3X8ZwsSc,https://t.me/avaturn_channel,avaturn_channel,https://x.com/AvaturnX,https://avaturn.xyz/,783c911,Shilin/artifacts/external_validation/raw_coin_metadata/97rHiqTy2NwSwKTd8CffhnyiGVHcN5dvhNEySTGtpump.json
97tDNzwkdTSNKpm9sX9GokN52TLeFskyRjhPdf3Ppump,2026-05-27T16:00:11Z,True,22WXK9YUD5Jo5wpg6ovLb5HhXsGrCqd4xRKsXk5mLUcK,https://t.me/nickjfuentes,nickjfuentes,https://x.com/NickJFuentes,https://rumble.com/nickjfuentes,783c911,Shilin/artifacts/external_validation/raw_coin_metadata/97tDNzwkdTSNKpm9sX9GokN52TLeFskyRjhPdf3Ppump.json
98AkqQZ2JYt73ggiq6mXavmWAyxGhgqM1JFp5pVupump,2026-05-25T17:30:58Z,True,2ZQg2XfKyaBRLPGnFHzPoXpr5Xek6AKEyQyL7vEQM52Z,,,https://twitter.com/MonyyFN/status/2058964029503361109,,783c911,Shilin/artifacts/external_validation/raw_coin_metadata/98AkqQZ2JYt73ggiq6mXavmWAyxGhgqM1JFp5pVupump.json
98a45eUcSi7jbdy2tVQRyqUULSPbWq7gYjjkeCwciUym,2026-05-11T04:41:02Z,True,C9CQ8jr4cdWz5eyPRZqiVpW2gNzoKXh4BbEX9n8QQJUQ,,,https://x.com/toly/status/2053696862754885970,,783c911,Shilin/artifacts/external_validation/raw_coin_metadata/98a45eUcSi7jbdy2tVQRyqUULSPbWq7gYjjkeCwciUym.json
98mnPXAj8z9rDP6hC9ps3F6HqfZiEGdvF12PMkxepump,2026-05-21T06:50:45Z,True,DnJer8KhNYX7qcwm9sTE3FLSQz8uUStdWHUnP53TLx18,,,,,783c911,Shilin/artifacts/external_validation/raw_coin_metadata/98mnPXAj8z9rDP6hC9ps3F6HqfZiEGdvF12PMkxepump.json
99etqZ5F6F6tx1dADYxk98bM3megRHxmdLcvRtTrpump,2026-06-03T19:00:14Z,True,CpAPoZ1DNm4aoSKDmdk67K6YsrTknTsPaHW5Nqv8K8az,,,x.com/restorebritain3,https://www.restorebritain.now,783c911,Shilin/artifacts/external_validation/raw_coin_metadata/99etqZ5F6F6tx1dADYxk98bM3megRHxmdLcvRtTrpump.json
9A2EXseRw9C6NJK554L4AZaR5JGqGgWcrT6LJnbkpump,2026-05-19T12:30:57Z,True,dPduyHp8Cq2gvSV6aVpZsBbQYP9jSWNa4SackTRGLrN,https://t.me/tolybuttsol,tolybuttsol,https://x.com/TolyButtSOL,https://tolybutt.lol/,783c911,Shilin/artifacts/external_validation/raw_coin_metadata/9A2EXseRw9C6NJK554L4AZaR5JGqGgWcrT6LJnbkpump.json
9AkkHpXcuBY7NVm375DmpmQN2hxrdeKKaU79jiiSpump,2026-06-07T15:22:12Z,True,Esd8QhHPApoLkYrq7BDPGFYJoVkAKmRSmQgSCzg5spZx,,,https://x.com/pumpclipz_/status/2063642566210298050?s=20,https://www.pumpclipz.com/,783c911,Shilin/artifacts/external_validation/raw_coin_metadata/9AkkHpXcuBY7NVm375DmpmQN2hxrdeKKaU79jiiSpump.json
9BHNYzz9WvjCAcaWnaEjPezwmstGkgRs24qFZZ4Vpump,2026-05-14T17:18:32Z,True,F4WML1bheqAtyT5CjjE6EiKkonYQEuxeMjtCpBJzVGu6,https://t.me/ugt_chat,ugt_chat,https://x.com/UGT_sol,https://ugt.monster/,783c911,Shilin/artifacts/external_validation/raw_coin_metadata/9BHNYzz9WvjCAcaWnaEjPezwmstGkgRs24qFZZ4Vpump.json
9BHuDbEo5FpT3JH3uN14kBH5VdmeLgkMZ8W7KM4Lpump,2026-06-05T20:46:45Z,True,7cH4WjEfH58GhZ2nEYrdJ6ea3tBrG4gGtBF7fVUV4dLB,,,,,783c911,Shilin/artifacts/external_validation/raw_coin_metadata/9BHuDbEo5FpT3JH3uN14kBH5VdmeLgkMZ8W7KM4Lpump.json
9BNyhrMjMtJCZ2QSJVo1CzADhL2pL4TnnEmJXszpump,2026-06-03T15:35:55Z,True,3qx9s4nu69pCdJw7w8W8TqB7CezTgCAmSRoEng97c8EJ,,,https://x.com/cutest_animal1/status/2062049514173944270?s=20,,783c911,Shilin/artifacts/external_validation/raw_coin_metadata/9BNyhrMjMtJCZ2QSJVo1CzADhL2pL4TnnEmJXszpump.json
9BhDBb6CjXow1GBptru8iu4KWCUUij2WGQeJd77wpump,2026-05-16T19:10:16Z,True,Fc1rWAAcLFhGAVVkD9EVjWY41BueneT9w1LWkuw5HBh1,https://t.me/actb_soltg,actb_soltg,,,783c911,Shilin/artifacts/external_validation/raw_coin_metadata/9BhDBb6CjXow1GBptru8iu4KWCUUij2WGQeJd77wpump.json
9ByHjVo6MH4MRMGAaXU86iWzjMQkUrEQpJ8GtpKSroom,2026-05-13T19:53:15Z,True,E4VFftYripveGnujcaaUpMzCwwV83e1yuuxJj6oWbcXD,,,,,783c911,Shilin/artifacts/external_validation/raw_coin_metadata/9ByHjVo6MH4MRMGAaXU86iWzjMQkUrEQpJ8GtpKSroom.json
9CFLJDBp8fLXaf9XCJ8LUu7kWTRQ5YdjwU3wwXX6pump,2026-05-29T14:57:10Z,True,7u2xT3AVhR2csEaBFuE1Xn7MsRbdRYW43WTxKzWWPnLq,,,https://x.com/Genesisbuilt/status/2060374843225522470?s=20,https://www.youtube.com/watch?v=JXfOfeABENc&t=58s,783c911,Shilin/artifacts/external_validation/raw_coin_metadata/9CFLJDBp8fLXaf9XCJ8LUu7kWTRQ5YdjwU3wwXX6pump.json
9CeQFMiG9ZCPqqFj6XHFEiBPBet1oGjZTaoXkTBepump,2026-06-06T00:34:16Z,True,H344Eu9tnVdUinspSGqWZE19P1U5RQPbdUYhYpkXxejR,,,https://x.com/StupidTrumpCoin,https://stupidtrump.site,783c911,Shilin/artifacts/external_validation/raw_coin_metadata/9CeQFMiG9ZCPqqFj6XHFEiBPBet1oGjZTaoXkTBepump.json
9D5twZZ4d48PBeo3FqUtg3PSj9saBKth9AKQTiRopump,2026-05-15T21:34:00Z,True,8GMbwhwEhSAjVjbTq8FrSbfAh9hWjdcSDkDnFCAZ6jRM,https://t.me/MAOLAOSOL,MAOLAOSOL,https://x.com/maolao_sol,https://maolao.icu,783c911,Shilin/artifacts/external_validation/raw_coin_metadata/9D5twZZ4d48PBeo3FqUtg3PSj9saBKth9AKQTiRopump.json
9DVSwDjv3b887sAYouP2UCohyyBrT5yU1xrEyN6pump,2026-05-17T19:03:40Z,True,2tUKrCivVMV7Byj5qLpedBr23qCfjjhcTxTCT42FxE62,,,https://x.com/NarlySurel90319/status/2056088219918180628,https://www.tiktok.com/@subarud0/video/7640898396856913174,783c911,Shilin/artifacts/external_validation/raw_coin_metadata/9DVSwDjv3b887sAYouP2UCohyyBrT5yU1xrEyN6pump.json
9ENLQGiiwNgo94a2NZzLN8oiqZbuHMsoXs1xueimpump,2026-06-08T04:49:30Z,True,3nNpi5tKbWdi6tDpcc7wtbU6shX8CNC78gjeWpRDN5qo,,,,,783c911,Shilin/artifacts/external_validation/raw_coin_metadata/9ENLQGiiwNgo94a2NZzLN8oiqZbuHMsoXs1xueimpump.json
9EPUa1rkddTD82TZujEtZXB3VWM6Yu9kvph3bbZ8pump,2026-05-13T11:53:31Z,True,HedC6R4kzyiD2GfScSMiTaTCtqXrFvDBfNGkPejuVKgY,https://t.me/peng_soldev,peng_soldev,https://x.com/Officialbleo,https://www.solpeng.monster/,783c911,Shilin/artifacts/external_validation/raw_coin_metadata/9EPUa1rkddTD82TZujEtZXB3VWM6Yu9kvph3bbZ8pump.json
9Eug8Ffmz9tzqPabVTVo2LzdrTnzRZne4kA4Fq17pump,2026-05-30T18:49:07Z,True,9RTs6VpvatrrR1sNS5y64c9ckv1Mh7rYvAc6oSKFxZ69,,,https://x.com/WantedIntel/status/2060795658605396336,https://www.instagram.com/reel/DY9CSZiTUKj/,783c911,Shilin/artifacts/external_validation/raw_coin_metadata/9Eug8Ffmz9tzqPabVTVo2LzdrTnzRZne4kA4Fq17pump.json
9FssA1B7EhdWCt7rT4RtovYbWdKg3gog1wpXWuqHpump,2026-05-18T01:24:28Z,True,6tajaaiTKcVLbn8ocRW6gnZEmeJxfPwNi8hqUtJrpBby,,,https://x.com/PurpleTrollX,https://www.ptrollsol.lol/,783c911,Shilin/artifacts/external_validation/raw_coin_metadata/9FssA1B7EhdWCt7rT4RtovYbWdKg3gog1wpXWuqHpump.json
9GdTuRNeLyvm91KGUqHNfmwoFU2aW5o6kAGPY1jHpump,2026-05-13T07:24:25Z,True,EA43aUnJqb7u9X61iNiCCMsvGBxBj1vBoXdnVFZXMHvc,,,https://x.com/KobeissiLetter/status/2054411496344420520?sort_replies=likes,https://x.com/CEOsAssemble,783c911,Shilin/artifacts/external_validation/raw_coin_metadata/9GdTuRNeLyvm91KGUqHNfmwoFU2aW5o6kAGPY1jHpump.json
9HL7TcUucFtgqJySKEA7J65bNqdDKfY5jZkAhGRfpump,2026-06-10T13:39:54Z,True,3kw5sfUffCQw3XpL1jZkAj63ErHcY1jHQnVNqBxwFuha,https://t.me/dongcoinonsol,dongcoinonsol,https://x.com/dongcoinonsol,https://dongcoinsol.lol,783c911,Shilin/artifacts/external_validation/raw_coin_metadata/9HL7TcUucFtgqJySKEA7J65bNqdDKfY5jZkAhGRfpump.json
9HM83W5g3a5AGGcKw2dmPgofZXZ6bF5bs6Ly8yRBpump,2026-05-26T03:12:10Z,True,9iecFVoUBju1tUY6B8w75fAVyXs1aXFRBB2Goiwvuy9E,,,,https://blue-sky.lol/,783c911,Shilin/artifacts/external_validation/raw_coin_metadata/9HM83W5g3a5AGGcKw2dmPgofZXZ6bF5bs6Ly8yRBpump.json
9Ju2kuqV87QXoynDCZsbL76ewTpFxqtLmiggqzcFpump,2026-06-01T21:12:12Z,True,E475iaeWvrAd24fHfk39HBtTztnCwP9ciHjj6v3WyLSX,,,https://x.com/asdfhgdev_pf/status/2061556285879787577,https://www.moonshotpacks.fun/,783c911,Shilin/artifacts/external_validation/raw_coin_metadata/9Ju2kuqV87QXoynDCZsbL76ewTpFxqtLmiggqzcFpump.json
9NTQNK7X5MZJNmY2prtu4HzS1Uuf81GzPAJxLUGwpump,2026-05-12T15:54:10Z,True,Dqa9ZZPmsHifLVMvp6gcvmKPv37ZHSjFPg6cYLtCCHGw,,,https://x.com/CyaE1V/status/2054228596982682086,https://x.com/a1lon9/status/1771606371672130029,783c911,Shilin/artifacts/external_validation/raw_coin_metadata/9NTQNK7X5MZJNmY2prtu4HzS1Uuf81GzPAJxLUGwpump.json
9QKoDFDHrh41PdYdGLruwFTDwSDBwTR9FLpMmXyQpump,2026-05-30T06:02:14Z,True,7PzUFsMxtkkYBRbk1ZPrNU9xrbBsc5pwpSwUMccCYF7A,,,https://x.com/CommcoinX,https://commcoin.site/,783c911,Shilin/artifacts/external_validation/raw_coin_metadata/9QKoDFDHrh41PdYdGLruwFTDwSDBwTR9FLpMmXyQpump.json
9QnyLYPqKmhEvJXxaU7hf8hYoa9TYmEg6pq8pRqKFWkJ,2026-05-15T13:24:30Z,True,8iP96poF8Sg28miGtT99KTpJbjy76oQT9ErE8cKRabta,,,https://x.com/s0lpaze/status/2055278139451048334,https://github.com/xai-org/x-algorihttps://github.com/xai-org/x-algorithmthm,783c911,Shilin/artifacts/external_validation/raw_coin_metadata/9QnyLYPqKmhEvJXxaU7hf8hYoa9TYmEg6pq8pRqKFWkJ.json
9RMn4cm9Ju8QKUWRgNVRG2nK7pUxpyDVXzcvHFuSpump,2026-06-07T20:26:01Z,True,F89iy8oAAXnjjobX5rWZXFqdQybjQhqrntJM9yDH8YKY,https://t.me/pumplandersol,pumplandersol,https://x.com/pumplander,https://pumplander.one,783c911,Shilin/artifacts/external_validation/raw_coin_metadata/9RMn4cm9Ju8QKUWRgNVRG2nK7pUxpyDVXzcvHFuSpump.json
9S2f96ucCXU1XfS8tXryj7PYKGyGRGe5oQUkEb18pump,2026-05-26T20:02:47Z,True,BNiZHWHPDGUviK8vcfE8XEKvcJMaEJx48zo6y9LP5LMN,,,,,783c911,Shilin/artifacts/external_validation/raw_coin_metadata/9S2f96ucCXU1XfS8tXryj7PYKGyGRGe5oQUkEb18pump.json
9SmJkijHfs7RQfAWEmhBZz5iD9YtpPTr8X9K3vRNFTbH,2026-05-12T23:07:32Z,True,8qtMUY5aW8LHrtC8i3Xdyc8mURLGCUwCTc9wwB5Zke7s,,,https://truthsocial.com/@realDonaldTrump/116564114846189487,,783c911,Shilin/artifacts/external_validation/raw_coin_metadata/9SmJkijHfs7RQfAWEmhBZz5iD9YtpPTr8X9K3vRNFTbH.json
9TmTw3B4WVzfZY15Cf28uK3vk32QUixCYcM9W1RrtdiF,2026-05-21T20:11:00Z,True,7HkXPkKFJhiY9fqUNWbZ5YufKRVNAcWdisKR8FtTijaS,,,,,783c911,Shilin/artifacts/external_validation/raw_coin_metadata/9TmTw3B4WVzfZY15Cf28uK3vk32QUixCYcM9W1RrtdiF.json
9UJN5EAAn1gnUUDE9VSrfsKFpQ2bMcdWBjhtCkypump,2026-05-22T13:41:25Z,True,EvRksMp9druMSxwVXRTaUXGoUuMEL1FJRm8opJESuxAs,,,https://x.com/WhiteHouse/status/2057651230101422240,,783c911,Shilin/artifacts/external_validation/raw_coin_metadata/9UJN5EAAn1gnUUDE9VSrfsKFpQ2bMcdWBjhtCkypump.json
9UTgqFKBrcgwgxy27c16u3GcrXhjWgnGw2wCDwXcGChf,2026-05-31T23:05:05Z,True,4FJkRuCsRz2pfja8sbHLHXLprJ1qho4pJUFiUdqj2mzc,,,https://x.com/SheldrickTrust/status/2061222447710351847,,783c911,Shilin/artifacts/external_validation/raw_coin_metadata/9UTgqFKBrcgwgxy27c16u3GcrXhjWgnGw2wCDwXcGChf.json
9UXkGmExyYwjiHt6kzzMvptpKvvu4C9EGCLVVeorpump,2026-05-19T09:14:43Z,True,7kuMWo2s12cQXnFgjNsUzLAMAvhyNftDp8jvb4aMf5x9,,,https://x.com/LilBit_Sol/status/2056664622128648605,https://en.wikipedia.org/wiki/Karl_Bushby,783c911,Shilin/artifacts/external_validation/raw_coin_metadata/9UXkGmExyYwjiHt6kzzMvptpKvvu4C9EGCLVVeorpump.json
9UovJjMVzSQjb4hPvcJeynTgn83KaadJSz23K2T6pump,2026-05-16T03:52:29Z,True,GBvZEiYjFLNuQcZHuS97x1thYMe2bBwTLNte6Qc7uEDa,,,,https://kyupix.fun/,783c911,Shilin/artifacts/external_validation/raw_coin_metadata/9UovJjMVzSQjb4hPvcJeynTgn83KaadJSz23K2T6pump.json
9VBcecJELtKATL2DCbCtmhC9hVbwTZCMqkghroaUpump,2026-05-14T13:55:33Z,True,B9coZZAn15tpx3k6gDxSU7tvfrbwXRJV3gmrW7gT1xtb,,,https://x.com/quyin535731/status/2054923390155358312?s=20,,783c911,Shilin/artifacts/external_validation/raw_coin_metadata/9VBcecJELtKATL2DCbCtmhC9hVbwTZCMqkghroaUpump.json
9VjeUmHFQTbXZCdbZ1XKVLoFRi6bwUqcpRPZdWBgpump,2026-05-28T14:48:52Z,True,9xrCE2LHmSiacaUWTJD2xwjmbzCv3c3DUnCDCEgctUtY,,,https://x.com/TechCrunch/status/2060007514717159743,https://techcrunch.com/2026/05/28/rsi-is-the-new-agi-and-its-just-as-hard-to-pin-down/?utm_source=dlvr.it&utm_medium=twitter,783c911,Shilin/artifacts/external_validation/raw_coin_metadata/9VjeUmHFQTbXZCdbZ1XKVLoFRi6bwUqcpRPZdWBgpump.json
9VsMhN46CJdn8Zyo1BEVbMDvQopt8nCE7znAEwpUpump,2026-05-31T11:44:02Z,True,9J2DaAGTZCwzezXfL4msrJJbm4FVeAW3gboTVHRAqgjF,https://t.me/ZIPPIsol,ZIPPIsol,https://x.com/ZIPPI_sol,https://zippi.mom/,783c911,Shilin/artifacts/external_validation/raw_coin_metadata/9VsMhN46CJdn8Zyo1BEVbMDvQopt8nCE7znAEwpUpump.json
9WfCEKHRK87PMKLg46C18tnAvbKUZbRpw6yGdZKSpump,2026-05-12T06:10:02Z,True,5SRfjubp9riExKdoggwu69SUq8DoECh9Mu65axCd9dDh,,,,https://lilgreeny.lol/,783c911,Shilin/artifacts/external_validation/raw_coin_metadata/9WfCEKHRK87PMKLg46C18tnAvbKUZbRpw6yGdZKSpump.json
9XGQbyzHhyEwiYW4qSUk6qAX3L39dpaYHKhsTd3Cpump,2026-05-13T12:12:22Z,True,DzBFhq5c6wsUAE9QyoGQUYP4J2ub3BWcsmm3daGzwywh,,,https://x.com/Korean_bags/status/2054535034036514842,https://x.com/visegrad24/status/2054529732989853733,783c911,Shilin/artifacts/external_validation/raw_coin_metadata/9XGQbyzHhyEwiYW4qSUk6qAX3L39dpaYHKhsTd3Cpump.json
9XHP36WiEdBxMxqeaDvW8BiRxPkkLfxGbY75JtPpump,2026-05-28T13:35:18Z,True,HpKzA9hrdbBMwcEiYLsfPNLnQtKDNf7p8UuXrqDHf35f,,,https://x.com/Polymarket/status/2059986328167542939,,783c911,Shilin/artifacts/external_validation/raw_coin_metadata/9XHP36WiEdBxMxqeaDvW8BiRxPkkLfxGbY75JtPpump.json
9YWvPWwASVr8VCV8ra2K334gPcAAtyg4xKqdfkKCpump,2026-05-24T00:35:54Z,True,5G8xfUQ5zgrTMBMoRNsFeGVrsfh9d9HFLuCKVE7PWMVG,,,https://x.com/elonmusk/status/2058346167629422819,https://investinula.org/,783c911,Shilin/artifacts/external_validation/raw_coin_metadata/9YWvPWwASVr8VCV8ra2K334gPcAAtyg4xKqdfkKCpump.json
9ZDzwoYArNh5rRzLFxaGjouW85A3qRyRZHbMhG5qpump,2026-05-24T04:55:13Z,True,CSUmXAM2y2Cr2zsjcb5Xzdbsb7Ccju2b4Pwd7G3Qk9B9,,,https://x.com/RICHCATMEME,,783c911,Shilin/artifacts/external_validation/raw_coin_metadata/9ZDzwoYArNh5rRzLFxaGjouW85A3qRyRZHbMhG5qpump.json
9a9dH6khKV3LDgpWPNXcqYV599bfyhtjw6mQTEbpump,2026-06-03T16:25:06Z,True,9rZgARApWWLPkLgUL14xs3a3gpBqkPBthjofPrMkrdk6,,,https://x.com/doomermemes_?s=21,https://amp.knowyourmeme.com/memes/doomer,783c911,Shilin/artifacts/external_validation/raw_coin_metadata/9a9dH6khKV3LDgpWPNXcqYV599bfyhtjw6mQTEbpump.json
9b9eAoa78vNY9baYfBLBK8WGhnsrDeTSQnZrXZHFpump,2026-06-06T01:26:28Z,True,G64SWcMkM2A37rXKQVKGouPpekcSPkcwG7eRHvUKA6bQ,,,,,783c911,Shilin/artifacts/external_validation/raw_coin_metadata/9b9eAoa78vNY9baYfBLBK8WGhnsrDeTSQnZrXZHFpump.json
9bCAxofkmMmnrfT3xRqofncdV63fmPBmUa9tSHmVpump,2026-05-29T19:53:11Z,True,EM7zjmPa79NT9FkuvFVT8J87WDk15RqmP4S8ZzL52kCp,,,https://x.com/TrumpTikTokX,https://truthsocial.com/@realdonaldtrump/posts/116659191582375401,783c911,Shilin/artifacts/external_validation/raw_coin_metadata/9bCAxofkmMmnrfT3xRqofncdV63fmPBmUa9tSHmVpump.json
9bDcAth2sMg7xFmtNBR5qC3XaQFppY7Sw2rhmBv7pump,2026-05-27T00:24:17Z,True,AQWRB1MsfHEChz2dWfh6TxhixxXyCeSCAgxX4XF8kqhg,https://t.me/chuubycat_group,chuubycat_group,https://x.com/chubbycatx,https://chubbycat.live,783c911,Shilin/artifacts/external_validation/raw_coin_metadata/9bDcAth2sMg7xFmtNBR5qC3XaQFppY7Sw2rhmBv7pump.json
9bvVs7V3dWCMYgd43NojZZKeKNKZ68G9KfaH7xZ8pump,2026-05-15T19:44:41Z,True,5Q3Hd1wLvFJBPHdM95gLZZgTaxVX1tKhZSwW4mYFAGbZ,,,https://x.com/grok/status/2055371085047091617,,783c911,Shilin/artifacts/external_validation/raw_coin_metadata/9bvVs7V3dWCMYgd43NojZZKeKNKZ68G9KfaH7xZ8pump.json
9cEVQL4eTyLvqjoRo4pYUhwJZ6ampRsSxdixCdd6pump,2026-06-05T22:52:25Z,True,BEsoRjaJ15tcwSXGFW8Zn2imrRqwyM6gCvfPYQWeFXAp,,,https://x.com/doIIares/status/2063031215679029668,https://x.com/GovKathyHochul/status/2062976833499300335?s=20,783c911,Shilin/artifacts/external_validation/raw_coin_metadata/9cEVQL4eTyLvqjoRo4pYUhwJZ6ampRsSxdixCdd6pump.json
9d8vFnjBtucU3h3K9o2DJtH1jWbPDFJo1DiaJwYipump,2026-05-29T07:34:37Z,True,3vjhxnmRTkvqzBxsDy9vcwbvf1Ng8xfR94uUjdZcGW9a,https://t.me/DUDDA_SOL,DUDDA_SOL,https://x.com/Dudda_Sol,https://dudda.skin/,783c911,Shilin/artifacts/external_validation/raw_coin_metadata/9d8vFnjBtucU3h3K9o2DJtH1jWbPDFJo1DiaJwYipump.json
9eVhxSQUjJLhWwbcStSFzKcS5SYvafg5Je3AqgXXpump,2026-06-10T03:37:48Z,True,FVfiw1gLUSmRBUdyDDALyCgdrBtD13nSExeYS4GZwgsN,,,https://x.com/rezxjv,,783c911,Shilin/artifacts/external_validation/raw_coin_metadata/9eVhxSQUjJLhWwbcStSFzKcS5SYvafg5Je3AqgXXpump.json
9eYgovFmRy7xDyWuZKpsonBsmjr2Y4NkRiUh4g8kpump,2026-05-18T03:00:24Z,True,5yZt1eTeeoughAX85XNnSx8q6dsSLnrry5MK87wkYNwm,,,,https://thegoldie.fun/,783c911,Shilin/artifacts/external_validation/raw_coin_metadata/9eYgovFmRy7xDyWuZKpsonBsmjr2Y4NkRiUh4g8kpump.json
9gB6WpXjPEsLJywUfg7qzYyQpJgtVgNMVNVnx2eCpump,2026-05-28T01:59:58Z,True,9qi5rHoGDQQNVkZYTgiNaQ7UvE4WaugmkyxAFBCJogbG,,,https://x.com/xstockscoin?s=21,https://www.xstockscoin.xyz,783c911,Shilin/artifacts/external_validation/raw_coin_metadata/9gB6WpXjPEsLJywUfg7qzYyQpJgtVgNMVNVnx2eCpump.json
9gTAr9EcRBv1BEU4YCLfCHzQethrHHaHxEmgm7Wopump,2026-05-15T03:24:51Z,True,83xqM7AtJv3jNsht1bLAr8tMUSy6pL4KsDxHpAuTyFaC,,,,https://unch.lol/,783c911,Shilin/artifacts/external_validation/raw_coin_metadata/9gTAr9EcRBv1BEU4YCLfCHzQethrHHaHxEmgm7Wopump.json
9gaVsvUnbHvJA947Bw8PbgPHB2TEiwhGUPWxqCaZpump,2026-05-28T21:53:13Z,True,8vusJqZN8Ybygq3EQFVGp97cuRjSqRzN8DSciMzQyx5E,,,https://x.com/zumpsol/status/2060117129857315296?s=20,https://www.whitehouse.gov/aliens/,783c911,Shilin/artifacts/external_validation/raw_coin_metadata/9gaVsvUnbHvJA947Bw8PbgPHB2TEiwhGUPWxqCaZpump.json
9hGKQ98jvWANV42jmQnnLPWUSFqJpavEn8j6hA5pump,2026-05-17T13:50:52Z,True,FB4tzBBtd5A8UmfUoFqi83fFueKcp3CkzX5RANEjQJ8h,,,https://x.com/elonmusk/status/2055940968734756912,,783c911,Shilin/artifacts/external_validation/raw_coin_metadata/9hGKQ98jvWANV42jmQnnLPWUSFqJpavEn8j6hA5pump.json
9hPjpQqQAYhMKuVyQEf3PfhQbVEHhNtjJR8VhjiuVV43,2026-05-18T20:40:13Z,True,FjiH51eL3ProbLx6PM1iyCYvtWvaJKtMVvSGdGix5Dyi,,,https://x.com/elonmusk/status/2056474896641782077,,783c911,Shilin/artifacts/external_validation/raw_coin_metadata/9hPjpQqQAYhMKuVyQEf3PfhQbVEHhNtjJR8VhjiuVV43.json
9heizPfpEMoxy8xhL8eWKTRbW9pA9nd4wCsPFpVJpump,2026-06-04T15:07:33Z,True,29FQJqysKwTURKA8GnyBTBh7GeVRDQvxEfRp5pdWNrdg,,,https://x.com/EricBalchunas/status/2062551560723234938,https://axiom.trade/pulse?chain=sol,783c911,Shilin/artifacts/external_validation/raw_coin_metadata/9heizPfpEMoxy8xhL8eWKTRbW9pA9nd4wCsPFpVJpump.json
9hhHaeYSPvHwCoH3DZDiUXaP9AE9Z7MYgTGwpQF5pump,2026-06-05T18:15:57Z,True,AcvVbd9CxKTHPiQFnQy67LfBDfrMqzJzxw5SyE9yCukR,https://t.me/hunteriusmaximus,hunteriusmaximus,https://x.com/HunteriusSOL,https://hunteriusmaximus.xyz/,783c911,Shilin/artifacts/external_validation/raw_coin_metadata/9hhHaeYSPvHwCoH3DZDiUXaP9AE9Z7MYgTGwpQF5pump.json
9iJZKVKWkPckZuMRjbK3Ywk5a94H2BF6KWftufx7pump,2026-05-30T11:12:24Z,True,3K9ttc74GihciYMSYNXxZkkFPPYT2RKVycwDAMP2o6nj,,,https://twitter.com/CoinComms/status/2060680586314846326,,783c911,Shilin/artifacts/external_validation/raw_coin_metadata/9iJZKVKWkPckZuMRjbK3Ywk5a94H2BF6KWftufx7pump.json
9iUpAcZPuwEKAQh2NFsf4kCcjno4fzsfB13vGJv6pump,2026-05-19T19:02:11Z,True,Fprir3NyBQzrzh4ATtecpDW7QJKWHAjCk5hKktTjMugK,,,https://x.com/solana/status/2056811331441791264,,783c911,Shilin/artifacts/external_validation/raw_coin_metadata/9iUpAcZPuwEKAQh2NFsf4kCcjno4fzsfB13vGJv6pump.json
9iW9h1bugd3Nv3ZQRCggKpvtyptYTMnKKx8yGpD6pump,2026-06-05T18:37:54Z,True,7BgBr7LzhsZNjamD4eRqRdDaZfJ259cjoagZgkLMjz74,,,111,,783c911,Shilin/artifacts/external_validation/raw_coin_metadata/9iW9h1bugd3Nv3ZQRCggKpvtyptYTMnKKx8yGpD6pump.json
9icbfPX5ASgwSAsUS1r28kB1Q2gWuSGTnYURPXKUpump,2026-05-19T07:51:15Z,True,5Rp3hAjFnqCmgnESze6oxGvtmqRadA5mWqj8KMhJDJB4,https://t.me/WifDegenCoin,WifDegenCoin,,,783c911,Shilin/artifacts/external_validation/raw_coin_metadata/9icbfPX5ASgwSAsUS1r28kB1Q2gWuSGTnYURPXKUpump.json
9iqwUDuHMNXvSzh1N5yaubUitanLuPtx4ec9CJiqpump,2026-06-04T20:36:16Z,True,6Yv2dqwumFXXV7gsTVjy5PY8yT1UkBYbetzDnfVcQ2Cw,,,https://x.com/monetchain/status/2062634368447766553,https://x.com/FT/status/2062633269393297843,783c911,Shilin/artifacts/external_validation/raw_coin_metadata/9iqwUDuHMNXvSzh1N5yaubUitanLuPtx4ec9CJiqpump.json
9jrxb5Cy86BRDCvDipQr3gegtSYFvfyJG4it1kEDpump,2026-05-30T21:08:41Z,True,7eaCvbN2Qz2aL1rohuzx5qwvfEWaBc1tKbnAdc8CHagL,,,https://x.com/doIIares/status/2060830783925797209,https://www.reddit.com/r/TrumpsTrades/,783c911,Shilin/artifacts/external_validation/raw_coin_metadata/9jrxb5Cy86BRDCvDipQr3gegtSYFvfyJG4it1kEDpump.json
9khGcXERWHkBy1NjGELZEHoBrEJLrmUSZ6XPPdFVpump,2026-06-06T15:28:05Z,True,Eehwit1o2JPxaj2uMbqqbep3AX3LHCpcz7rmQ5yRktwn,,,,,783c911,Shilin/artifacts/external_validation/raw_coin_metadata/9khGcXERWHkBy1NjGELZEHoBrEJLrmUSZ6XPPdFVpump.json
9krrzf5aUpHBE4D2Mc1cmwUN18pkzDEwojWegZgjpump,2026-05-17T15:55:21.889000Z,True,,,,https://x.com/comradesarmy,,783c911,Shilin/artifacts/external_validation/raw_coin_metadata/9krrzf5aUpHBE4D2Mc1cmwUN18pkzDEwojWegZgjpump.json
9m8KcbWDxUGGV2zdcGZjPMZRrL4j9b6B5LSumqN8pump,2026-05-11T03:36:10Z,True,4G4j2gityWfUiyf5z1wBRNJNDPbfQSmEgQNoy3anUufV,,,https://x.com/i/communities/1922726249069486430,https://dreams-of-an-electric-mind.webflow.io/dreams/conversation-1733961793-scenario-terminal-videogames-txt#:~:text=69420,783c911,Shilin/artifacts/external_validation/raw_coin_metadata/9m8KcbWDxUGGV2zdcGZjPMZRrL4j9b6B5LSumqN8pump.json
9mM1Mc4Ta9UJJ32v5qsHef91PiXi7EWyiSsqF5WXpump,2026-06-01T16:06:15Z,True,GT7Ac2YdrtbMfbWVhr2Au1RvyMp7KrERsoYjoxZTHvoF,https://t.me/clashofperps,clashofperps,https://x.com/clashofperps,https://clashofperps.fun/,783c911,Shilin/artifacts/external_validation/raw_coin_metadata/9mM1Mc4Ta9UJJ32v5qsHef91PiXi7EWyiSsqF5WXpump.json
9oGQxSMCoYMkbVbPShqM587cVHUF6UQKVxdvgWbWpump,2026-06-06T04:13:00Z,True,GRyvryBXhs16eYBDuP9HoGu8kabHqy3xkN7SmVWWFT1W,,,,https://yetzy.fun/,783c911,Shilin/artifacts/external_validation/raw_coin_metadata/9oGQxSMCoYMkbVbPShqM587cVHUF6UQKVxdvgWbWpump.json
9oKmZmcftEUSKonPsKg3L3LNZSMeMTJNCXW5XGsSpump,2026-05-30T04:54:04Z,True,3Tr8HPvK4k8fFB4norBRdr6g3MCVY9K1aFSUjCoQziFP,,,https://x.com/i/communities/2020640576031318510/,https://www.memecoinpacks.fun/,783c911,Shilin/artifacts/external_validation/raw_coin_metadata/9oKmZmcftEUSKonPsKg3L3LNZSMeMTJNCXW5XGsSpump.json
9ogL1LYBWHAwbNNS2AjqPDCzKDqZWpUf7A49ktPfpump,2026-05-28T10:32:10Z,True,6pMycCZWUfGLt2E3BGX329ZHdzMFMgcAt5qwYzEhtmXS,https://t.me/ShellCordTerminal,ShellCordTerminal,https://shellcord.top/,https://x.com/terminalcord,783c911,Shilin/artifacts/external_validation/raw_coin_metadata/9ogL1LYBWHAwbNNS2AjqPDCzKDqZWpUf7A49ktPfpump.json
9opLcB6kvytR22vAwFJRBw2QkCu3n7KMvZHMspVDpump,2026-06-10T11:30:30Z,True,9A8hb6brnHc2D8kDc14Y1jZCxbLNqELo2ihBXzzjjw9F,,,,,783c911,Shilin/artifacts/external_validation/raw_coin_metadata/9opLcB6kvytR22vAwFJRBw2QkCu3n7KMvZHMspVDpump.json
9pbsGpXnn5ewkphAw6vMeUhc4sARMG5eJJWaWUR6pump,2026-05-29T16:18:58Z,True,DXGKxUGhNicqYBpoi6F5SrYKcJf1tmCZfbecgpmN8jH9,,,https://x.com/TrumpAccountX,https://trumpaccounts.vip/,783c911,Shilin/artifacts/external_validation/raw_coin_metadata/9pbsGpXnn5ewkphAw6vMeUhc4sARMG5eJJWaWUR6pump.json
9qiVB94tnTNstnV5BFz84UkuvhFcvRtT1rCzfhi8pump,2026-05-21T07:30:42Z,True,AW15E8Siq2oLosg8yXHmp6g2PTHjaf1hhSnK1b6UzQj7,,,https://twitter.com/solana/status/2057363429049180381,,783c911,Shilin/artifacts/external_validation/raw_coin_metadata/9qiVB94tnTNstnV5BFz84UkuvhFcvRtT1rCzfhi8pump.json
9r43BRsTzHjDCYb5XzcJdr4H6P5uNG1xa5fHXpgDpump,2026-05-28T18:34:51Z,True,3uU7Cs2XqPPj35rWceMrgGafDtgSHsiWTGSiqXRH8zuP,,,https://x.com/Kalshi/status/2060067203186045381,,783c911,Shilin/artifacts/external_validation/raw_coin_metadata/9r43BRsTzHjDCYb5XzcJdr4H6P5uNG1xa5fHXpgDpump.json
9toXvLVjcWGWeR4keJpPTtP1ZWtSraK1jyuzWShjpump,2026-05-10T05:17:42Z,True,GPnxQsShVYb8EjB1Ca6EZpKX7PFNW6B24rFZcpx6quTd,,,https://twitter.com/Teknium/status/2053343523853029735,,783c911,Shilin/artifacts/external_validation/raw_coin_metadata/9toXvLVjcWGWeR4keJpPTtP1ZWtSraK1jyuzWShjpump.json
9uvu1ocpf9zxZH2wJC9MC1gyDH2QhzpuUwJDJhsopump,2026-05-19T07:54:53Z,True,9n7TK9ccY24aSQyoZ65S98ph3YYrbdUNkFy5ymG5jRDk,,,,https://www.becalm.guru/,783c911,Shilin/artifacts/external_validation/raw_coin_metadata/9uvu1ocpf9zxZH2wJC9MC1gyDH2QhzpuUwJDJhsopump.json
9vBnYs7Y6xEfysisxD6BXZhWz9p6F1UBEJretHJpump,2026-05-16T03:41:12Z,True,DFPtzXTbLajpuF1ivDJ29sCYzCaaEnmceqmpVE5vaHrK,,,https://x.com/alpaysh/status/2055436902879387885,,783c911,Shilin/artifacts/external_validation/raw_coin_metadata/9vBnYs7Y6xEfysisxD6BXZhWz9p6F1UBEJretHJpump.json
9wv7myuACxPikkR2kz8UzybRowPtUAE4UJs8h6qpump,2026-05-21T17:17:55Z,True,GhFeZfmUR51ukFWy89zqX5DQhjH1SeuNAJpnpUkzwZXR,,,https://x.com/enterthefoid,,783c911,Shilin/artifacts/external_validation/raw_coin_metadata/9wv7myuACxPikkR2kz8UzybRowPtUAE4UJs8h6qpump.json
9xPQYcUCyz2y6mtM2NQu6eBtxVREJn7NRyDyQezcpump,2026-05-24T06:04:08Z,True,5kvfCRrwXg9bWPPK3VLAaixU7xXYz26Hva66YhcDeX31,,,https://x.com/RichTroll_Meme,https://richtroll.lol,783c911,Shilin/artifacts/external_validation/raw_coin_metadata/9xPQYcUCyz2y6mtM2NQu6eBtxVREJn7NRyDyQezcpump.json
9xPgacWhzeRS2FjQeGjVwkY17P5j6fCz8ebbxhw6pump,2026-05-12T02:27:00Z,True,5wCLhFCA3CTJ1prMBewdtfZzbA8ZM7PR9CYoTwT2WPkk,,,https://x.com/CerealGuySol_X,https://cerealguysol.site,783c911,Shilin/artifacts/external_validation/raw_coin_metadata/9xPgacWhzeRS2FjQeGjVwkY17P5j6fCz8ebbxhw6pump.json
9xWacraZDHBCYAJdVnt9HGiLQsEgcQfP1iz3cn3fpump,2026-05-28T13:49:23Z,True,Eemo6m6Q4KoNGthcXXMmUeThujaNHXCBtJrCv7o9Pdge,,,https://x.com/NYCMayor/status/2059995253550002361,,783c911,Shilin/artifacts/external_validation/raw_coin_metadata/9xWacraZDHBCYAJdVnt9HGiLQsEgcQfP1iz3cn3fpump.json
9zSEZJQ6Nm8PK8SgVqvkWjpjBNE1WCjnwMXtYBgeeNHz,2026-05-23T17:24:11Z,True,81sYjLNF4WgAuL7i5mcdBx7dd9jHQGt9pS9AotGsrFd4,,,https://x.com/polymarket/status/2058237477626724657,https://axiom.trade/pulse?chain=sol,783c911,Shilin/artifacts/external_validation/raw_coin_metadata/9zSEZJQ6Nm8PK8SgVqvkWjpjBNE1WCjnwMXtYBgeeNHz.json
A12JXzJ54MTVqkfB8geNQzFxJBqypVzxPxYxJK1Cpump,2026-06-06T17:47:52Z,True,9kThDf641RVW1MRyZaDTVpVUNHhbrMB2khcLzhttQ8DV,,,,,783c911,Shilin/artifacts/external_validation/raw_coin_metadata/A12JXzJ54MTVqkfB8geNQzFxJBqypVzxPxYxJK1Cpump.json
A19P2NaBwJnVFcTyzCAz1v9UseuiVyEX8NQ22ja6pump,2026-05-23T07:33:35Z,True,F4pJnY55L76YzXcvgYTFoTU5N73fmPiU2QSJ5vXr1gzg,https://t.me/RUDROSOL,RUDROSOL,https://x.com/Rudro_sol,https://rudro.lol/,783c911,Shilin/artifacts/external_validation/raw_coin_metadata/A19P2NaBwJnVFcTyzCAz1v9UseuiVyEX8NQ22ja6pump.json
A1UF9S2MjsFuraQJwMhpfFzoV8biD6Y6MpNwkMyopump,2026-06-07T21:33:23Z,True,U7GnobZbNCPbQ286H7Sy4KYUrShLYT2L57NJjzr8WHz,,,https://x.com/globalgamesx,https://theglobalgamespf.com/,783c911,Shilin/artifacts/external_validation/raw_coin_metadata/A1UF9S2MjsFuraQJwMhpfFzoV8biD6Y6MpNwkMyopump.json
A1r9j39p6Jcq5DRoKq3K5pBTHL8v3MpsCtRd5wATpump,2026-05-25T16:32:45Z,True,CRnh5MVkaJ5DM2XGQnVQ5JmER9N26VnRpKTSnRGH4BZx,https://t.me/CHIMPYSOLANA,CHIMPYSOLANA,https://x.com/chimpy_sol,https://chimpy.top/,783c911,Shilin/artifacts/external_validation/raw_coin_metadata/A1r9j39p6Jcq5DRoKq3K5pBTHL8v3MpsCtRd5wATpump.json
A2r3E5hp5mNRztTPcGWvYr7Qw1qrTCan2kVM4fKCpump,2026-06-04T10:42:52Z,True,6TnykyrobS5up7Z2HcdGiWcjXtQ2Ar8oKA4NUnfuHYcB,t.me/cringypumpfun,cringypumpfun,https://x.com/cringy_sol,http://cringy.click/,783c911,Shilin/artifacts/external_validation/raw_coin_metadata/A2r3E5hp5mNRztTPcGWvYr7Qw1qrTCan2kVM4fKCpump.json
A2v1ozYLrdgqbftfceX9s211MRk4aj6TE3djTT8Xpump,2026-05-16T22:17:56Z,True,4m4eb2WK5kDbdds9cVqn61r5yGpsosNaeLDNXsctgjbA,,,https://x.com/rebeccaperrotto/status/2055772759377240407,,783c911,Shilin/artifacts/external_validation/raw_coin_metadata/A2v1ozYLrdgqbftfceX9s211MRk4aj6TE3djTT8Xpump.json
A2z4JiEkRYPERKtSwog6wqLLdUFeyiyhdSAquqrVpump,2026-06-08T14:12:17Z,True,GPx8TwmZNfSQRPtJEH7sdkJuN9iUCYuTUiSGDCMnndb6,,,https://x.com/Variety/status/2063984403575914698,https://variety.com/2026/tv/news/scooby-doo-live-action-netflix-series-first-look-2027-1236768269/,783c911,Shilin/artifacts/external_validation/raw_coin_metadata/A2z4JiEkRYPERKtSwog6wqLLdUFeyiyhdSAquqrVpump.json
A4pUy9EagvV66qKvdkSwqhraKGU4FmoRZWcVJ6Zfpump,2026-06-06T23:24:57Z,True,2YUi7EPeaSJimFrs4DoJYeYYv41rTtYiTG89St1VbnbY,,,https://x.com/Radiantxontop/status/2063401719258558754,https://www.tiktok.com/@andromerda3/video/7646324439763684640?_r=1&_t=ZN-96tIhLeW69m,783c911,Shilin/artifacts/external_validation/raw_coin_metadata/A4pUy9EagvV66qKvdkSwqhraKGU4FmoRZWcVJ6Zfpump.json
A5KUU1cDCLGaV5FGxe4pb1nvKLu4XwynTVzyLmLapump,2026-05-20T23:19:50Z,True,6uPdFH1pGLZY1a68UoZS6gngbKppkkxid9UyEpqFy8sZ,,,https://x.com/Vibez__Crypto/status/2057239887762325604?s=20,https://www.reddit.com/r/Ai_art_is_not_art/search/?q=+Jim-Bob&cId=71a90629-41e5-4a01-a5ec-92ed5a7d21f7&iId=66a0b43d-eae3-4b25-a873-1cc555b01ec4,783c911,Shilin/artifacts/external_validation/raw_coin_metadata/A5KUU1cDCLGaV5FGxe4pb1nvKLu4XwynTVzyLmLapump.json
A5Qj766qYwq8TucM1JsR1yspf47MrSFeomV9kgN4pump,2026-05-15T18:41:06Z,True,7UA1Fsf1QhVUCVofH88MjUxPgRGEcrbj5hAHBt6FHqg5,,,https://x.com/tradfi/status/2055357170515100021,,783c911,Shilin/artifacts/external_validation/raw_coin_metadata/A5Qj766qYwq8TucM1JsR1yspf47MrSFeomV9kgN4pump.json
A5fwnUFQ1N2EUYo1RUkKXEUh1MoztRspuSgLsvg1pump,2026-06-05T19:49:30Z,True,5htvDc9gLdTh9BnZBh3wiPaBba5pzeFNa93kekwZfJQb,,,,,783c911,Shilin/artifacts/external_validation/raw_coin_metadata/A5fwnUFQ1N2EUYo1RUkKXEUh1MoztRspuSgLsvg1pump.json
A6dg36fvocjpDBRaCfCmK4UEnQE2mhYQTqGuAe7qpump,2026-06-08T07:09:48Z,True,Du54Kf443q2kygfkJbxGTbgg6iA4wCSA6QJyN1a4iZK9,https://t.me/SleepyBun_sol,SleepyBun_sol,https://x.com/dev_sleepybun,https://sleepybun.sbs/,783c911,Shilin/artifacts/external_validation/raw_coin_metadata/A6dg36fvocjpDBRaCfCmK4UEnQE2mhYQTqGuAe7qpump.json
A9owSHkR49eXmA6ww3XvRnFPJEUAPQrHg6ovVB9Xpump,2026-05-30T13:19:07Z,True,5i9SYhGFqPL8QX5Dk9gpGtT4T2EKjpaJCQAjGuv6fUkG,https://t.me/spcxelon_portal,spcxelon_portal,https://x.com/SPCXELON_SOL,https://spacexelon.site/,783c911,Shilin/artifacts/external_validation/raw_coin_metadata/A9owSHkR49eXmA6ww3XvRnFPJEUAPQrHg6ovVB9Xpump.json
AAhVJh5Vb7dsxuy6o5hRNjFgCt1BikwBFxyWsGzPpump,2026-05-26T15:29:09Z,True,5ZuL9BrJzuJ5gYpwyghP5v8ucmEJ4Jfx7tZuzHUmdYae,,,,https://youtu.be/QFF7KX6Lqvs,783c911,Shilin/artifacts/external_validation/raw_coin_metadata/AAhVJh5Vb7dsxuy6o5hRNjFgCt1BikwBFxyWsGzPpump.json
AB1bzuvax3byLhUKjxDQ2vdXmNqZEwAkK4YrZ1ABpump,2026-05-25T13:26:54Z,True,6zaC3g8v7eZuZyzpfVTX8NkyqhEKekrr2EeahJtSw6Gb,,,,"https://unherd.com/2026/05/how-to-end-the-age-of-slop/?edition=us#:~:text=we%20should%20reject-,the%20Slopbeast,-.%20Humanity%20is%20built",783c911,Shilin/artifacts/external_validation/raw_coin_metadata/AB1bzuvax3byLhUKjxDQ2vdXmNqZEwAkK4YrZ1ABpump.json
ACHvaEhoRuCDqfN24C7hwu1bBdq9S7VoWFFHZbKopump,2026-05-20T13:33:59Z,True,BPpTeBD6bjccjBhoC5zfBdrFVcXt3rUfUchGn1aHkNwM,,,https://x.com/Pumpfun/status/2057089980803985751,https://x.com/fibonacki/status/2057082955202253102,783c911,Shilin/artifacts/external_validation/raw_coin_metadata/ACHvaEhoRuCDqfN24C7hwu1bBdq9S7VoWFFHZbKopump.json
ACNSDVcc5PrZJYZxzR3omkmDvzWi6EswYgNmCNj7pump,2026-05-22T11:05:51Z,True,95XXkUhzdmodKyWti4viyiPMkrUBYRqJGp4GRCQVv5Fc,https://t.me/staycalmandhappy,staycalmandhappy,https://x.com/i/communities/2028727625305428466,https://calmandhappy.net/,783c911,Shilin/artifacts/external_validation/raw_coin_metadata/ACNSDVcc5PrZJYZxzR3omkmDvzWi6EswYgNmCNj7pump.json
ACpzkGJV3DDU8HXy8yjab7RL9qNmDGym2GwLkzNppump,2026-05-29T08:43:09Z,True,Ec9rK1GQmN4d7tJp2efx6m1on1rmXxr5gh4PKswJqSkx,,,https://x.com/WinningSon_,,783c911,Shilin/artifacts/external_validation/raw_coin_metadata/ACpzkGJV3DDU8HXy8yjab7RL9qNmDGym2GwLkzNppump.json
ACuZX4asxyqcRd6BTgGBKXJjViUP3kZQuDUQawBapump,2026-06-01T18:49:54Z,True,J4kiZJMAge9qendsAfDeQXoanHqLHdR6RcCybeitcHJo,https://t.me/BunchOfRetards,BunchOfRetards,https://x.com/OfficialRetardX,https://retardcoin.wtf/,783c911,Shilin/artifacts/external_validation/raw_coin_metadata/ACuZX4asxyqcRd6BTgGBKXJjViUP3kZQuDUQawBapump.json
AFPWr4S1uyZeHGcWFHYmiC5ssTVAuZKNf2MrCdqMpump,2026-05-15T20:30:48Z,True,5UMpY7zRXQupzBE8FDNwo9HoBYdZxwRNc7MzkE3r3yBo,,,https://x.com/SolanaSkyline/status/2055381767415275672,,783c911,Shilin/artifacts/external_validation/raw_coin_metadata/AFPWr4S1uyZeHGcWFHYmiC5ssTVAuZKNf2MrCdqMpump.json
AFaycnPrFsLbHNQKRpXdUzUcsKFENWwkzvSSSToCpump,2026-05-12T11:02:46Z,True,8ofTaVa6wDDFyVkwBDn1iBXDopLPXrAN5qS9xi8rGeKm,,,,,783c911,Shilin/artifacts/external_validation/raw_coin_metadata/AFaycnPrFsLbHNQKRpXdUzUcsKFENWwkzvSSSToCpump.json
AGGytw58neEBpSGz4Bh9FNsyEg5foVKcEcacv4uspump,2026-06-09T03:12:53Z,True,6NaCtUo9jLQoAoATe7JHdXHdBiQrRn9eCbLBm63VWgye,,,,https://thebeard.lol/,783c911,Shilin/artifacts/external_validation/raw_coin_metadata/AGGytw58neEBpSGz4Bh9FNsyEg5foVKcEcacv4uspump.json
AGQhwr3FykPGFhtbz5jG1iaqWCRvA65m7U97ibDLpump,2026-06-03T04:43:53Z,True,5EvexTyRizD1vkKAs4VawptMJfNcj6CVnX1vnKj3JWDn,,,https://x.com/SolPokeTrump,https://poketrump.site,783c911,Shilin/artifacts/external_validation/raw_coin_metadata/AGQhwr3FykPGFhtbz5jG1iaqWCRvA65m7U97ibDLpump.json
AGz6KkCfoDjPWM3HLSrTTxbaadwHmQhySVixrJynpump,2026-05-12T19:04:36Z,True,iwuwryPrQBjexoWtRt9X5nTCRSXssjWhLojjvKfyXqf,,,https://x.com/frelle,https://frelle.org,783c911,Shilin/artifacts/external_validation/raw_coin_metadata/AGz6KkCfoDjPWM3HLSrTTxbaadwHmQhySVixrJynpump.json
AHEdFvGN7NQrXGBea2QQygETC9DwMnjJRnttsMvvpump,2026-06-05T19:41:48Z,True,9pvH6Ad6ago4BSsEaTUeAzBLukTpaasSNeMiVWBg5vag,,,https://x.com/elonmusk/status/2062972771487953130,https://x.com/Starlink/status/2062956152120561722,783c911,Shilin/artifacts/external_validation/raw_coin_metadata/AHEdFvGN7NQrXGBea2QQygETC9DwMnjJRnttsMvvpump.json
AHzEiwyBttsPZpBXM1iD4GEnzrhSV7EzEz5t2nKppump,2026-06-08T04:23:19Z,True,ENAm6Sm42cRmKWsB44rR6B63jP2LC2UAwW7kzcjDaUkM,,,https://x.com/BountyPumpSol,,783c911,Shilin/artifacts/external_validation/raw_coin_metadata/AHzEiwyBttsPZpBXM1iD4GEnzrhSV7EzEz5t2nKppump.json
AJEbsxNMtAnLYg6qXCj8VASMGnwLWNtumHhLaxYFpump,2026-05-26T06:55:08Z,True,HJ6ASkuQcmE221U4XngAoinViBRjdY4UaLtUBFpq8Yv7,https://t.me/VixenRainbowCat,VixenRainbowCat,https://x.com/VixenRainbowCat,https://vixenrainbowcat.lol,783c911,Shilin/artifacts/external_validation/raw_coin_metadata/AJEbsxNMtAnLYg6qXCj8VASMGnwLWNtumHhLaxYFpump.json
AJKdmFApahPQWuNHLe5xxebgYsT4QyAywNaC5geHpump,2026-05-19T06:22:00Z,True,CtPq8DX8FKy9WjdW6gVxiLx7e3KSg5iUyQrTaNqCfB6L,https://t.me/kevinfedchair_sol,kevinfedchair_sol,https://x.com/KevinFedChair,https://kevinwarshsol.info/,783c911,Shilin/artifacts/external_validation/raw_coin_metadata/AJKdmFApahPQWuNHLe5xxebgYsT4QyAywNaC5geHpump.json
AJbB6nEVZiUdC4dZXYSK3bqbAD5Rp8ASceFvUoumpump,2026-06-05T20:18:19Z,True,zYUsLEqDame2vutgKZMzv9puQpJKW9Zszdhi483qLFu,,,,,783c911,Shilin/artifacts/external_validation/raw_coin_metadata/AJbB6nEVZiUdC4dZXYSK3bqbAD5Rp8ASceFvUoumpump.json
AJuHHhSssyJS9EuPNeHa4wGuNS2aWE8vXrQGj11epump,2026-05-18T07:32:35Z,True,9bJQv44sb1HnbKkPjj5bdPEPMKJjfPz8XNB5sSTK2zgB,,,https://twitter.com/elonmusk/status/2056276603122962925,,783c911,Shilin/artifacts/external_validation/raw_coin_metadata/AJuHHhSssyJS9EuPNeHa4wGuNS2aWE8vXrQGj11epump.json
ALMtKPTcofDv6dc3JZpYnVxpM8RXfSudqRrzanTopump,2026-05-28T06:18:50Z,True,EyAB3GzcLXk89eAyr7AATke6kzYALqUnu6gvNnrebdg7,,,,,783c911,Shilin/artifacts/external_validation/raw_coin_metadata/ALMtKPTcofDv6dc3JZpYnVxpM8RXfSudqRrzanTopump.json
ALcPPdT1MovRbcdL7H1rAL23Vd4G1hZ6KjoCsLfWpump,2026-05-23T06:18:04Z,True,FiTUGmshESZEisoStEDPHdAJfP2pRZ51JRyxrf3NsxTK,https://t.me/donnatrumpette,donnatrumpette,https://x.com/DonnaTrumpetteX,https://donnatrumpette.lol/,783c911,Shilin/artifacts/external_validation/raw_coin_metadata/ALcPPdT1MovRbcdL7H1rAL23Vd4G1hZ6KjoCsLfWpump.json
AMR9piorUxsk7QtpjYD9G3CXcGWriSiQogoaAp7fpump,2026-06-04T14:06:44Z,True,D2QFYu7mW4BnirhtMDyHDFWDSMyGPDLHuwjFZWCjpeHP,,,https://x.com/barstoolsports/status/2062531065093218658,https://x.com/TheMoonCarl/status/2062529867401335086,783c911,Shilin/artifacts/external_validation/raw_coin_metadata/AMR9piorUxsk7QtpjYD9G3CXcGWriSiQogoaAp7fpump.json
AQNaCQHzkGUGMegLbB6a72HxQPkbSbw685SF51tSpump,2026-05-24T03:39:59Z,True,9N2nAhXVbCaQJdXNCjD4gCFzNUTXHrJJSHa8ttpzv9s9,,,https://x.com/Humanevolvd/status/2058392352096461069?s=20,https://hipexapp.com/gta6,783c911,Shilin/artifacts/external_validation/raw_coin_metadata/AQNaCQHzkGUGMegLbB6a72HxQPkbSbw685SF51tSpump.json
AQjZQxSTdrmRknSHqVf2fBSTyLiVnuwhhd9PBasnpump,2026-05-15T10:15:34Z,True,FS6MHnin8LeKATCEq964p9eF4f9iYfEPKpJqAtE9hUk,,,https://x.com/truth_terminal/status/2055230472670580993,,783c911,Shilin/artifacts/external_validation/raw_coin_metadata/AQjZQxSTdrmRknSHqVf2fBSTyLiVnuwhhd9PBasnpump.json
ATTZrYjrvA5MwWsPRKYKA6jWaEdPd3wRgzugrKANpump,2026-06-05T20:56:06Z,True,D7eienyJTJDNenGAHjcQpUBxiAhJHNDqc6tANk5Hu4gP,,,https://x.com/asdfhgdev_pf/status/2063001866099687471,https://www.bobthedog.fun/,783c911,Shilin/artifacts/external_validation/raw_coin_metadata/ATTZrYjrvA5MwWsPRKYKA6jWaEdPd3wRgzugrKANpump.json
ATtm88Xp8asqzh3FbyQrjuKtXMcmDxXBYT5NWMCgpump,2026-06-08T22:53:21Z,True,CXiXQoSzA54pWwAkD229MuJeneYvmx1Yc8xPbbEsTpuB,,,https://x.com/i/communities/2019635672429002785,https://x.com/PickleVonNoodle/status/2064118476449649104?s=20,783c911,Shilin/artifacts/external_validation/raw_coin_metadata/ATtm88Xp8asqzh3FbyQrjuKtXMcmDxXBYT5NWMCgpump.json
AU2Sw5WSDWa6CwAjTZpwFLBksf4XeUaQnp21pm9apump,2026-05-18T16:28:58Z,True,HddAo4dnf5ykEicMjUM7scSCrdbh34aAZ8asEy4FHS2i,,,https://x.com/prburman/status/2056411509459235062,,783c911,Shilin/artifacts/external_validation/raw_coin_metadata/AU2Sw5WSDWa6CwAjTZpwFLBksf4XeUaQnp21pm9apump.json
AV3rrerQFNgwxXNB1qYHqBX79eFLKqAm5TGpd9chpump,2026-06-02T03:16:48Z,True,DbyqkUhRCKYG5Z74wJygVJtbQbup7Ch5E6bW9WyLAH87,,,,,783c911,Shilin/artifacts/external_validation/raw_coin_metadata/AV3rrerQFNgwxXNB1qYHqBX79eFLKqAm5TGpd9chpump.json
AV9DSHFeuEfs1HLUuVQXUhc2bFoNFsKvPDkmWm4Gpump,2026-05-22T19:30:14Z,True,8MaWwW9xEcCMjjCnErengGENbUcF7MKu2VkU9hufwrzQ,,,https://x.com/lofigirl/status/2057897083923820775,https://x.com/lofigirl,783c911,Shilin/artifacts/external_validation/raw_coin_metadata/AV9DSHFeuEfs1HLUuVQXUhc2bFoNFsKvPDkmWm4Gpump.json
AV9HTNNi6oRRAX5PDfWpgcY4psgUssMUqiPYZSa3pump,2026-06-09T05:19:03Z,True,C6bMDLvx3uedKoHPzmuZxoukgUH1GjdFDSq6io4QMPEs,,,https://x.com/VOAFONSOL,https://www.voafgov.com/,783c911,Shilin/artifacts/external_validation/raw_coin_metadata/AV9HTNNi6oRRAX5PDfWpgcY4psgUssMUqiPYZSa3pump.json
AVagavPpkFzEmCcZMmPtRsG62ZCRnU5eYJwxVu1Gpump,2026-05-17T18:01:05Z,True,6u9KM6fEFuXmL4dG7NKaXay5Q4A9awpoMFAgroRVVtM7,,,,,783c911,Shilin/artifacts/external_validation/raw_coin_metadata/AVagavPpkFzEmCcZMmPtRsG62ZCRnU5eYJwxVu1Gpump.json
AVcWz8dfb6mnUiSxE2Ew4tzePVPt7ngLXWRQw7fepump,2026-06-04T06:22:51Z,True,HNQuKUmoVLKrDRNDHFdzsUS5jkZLMZsfkzmHarKemtqf,,,,,783c911,Shilin/artifacts/external_validation/raw_coin_metadata/AVcWz8dfb6mnUiSxE2Ew4tzePVPt7ngLXWRQw7fepump.json
AVoFgUd9TjnQhVGJatwfbqDVYJuKw5MYF3L4JDZSfzUg,2026-06-09T18:47:31Z,True,HJnicprt8cDkVFDAiQW1EnWpcT5P3c87cdbyEStnkKrU,,,https://x.com/avofgov,avofgov.org,783c911,Shilin/artifacts/external_validation/raw_coin_metadata/AVoFgUd9TjnQhVGJatwfbqDVYJuKw5MYF3L4JDZSfzUg.json
AXSxoWx5uWamiGH9ycR97aapaHETWhpXXEwEWcfapump,2026-05-24T18:55:52Z,True,Cx58Qn1x8Pcnzs3p3bqPciJp8hXeTFxvrPm6PmTxM1dC,https://t.me/KIBASOLANA,KIBASOLANA,https://x.com/kiba_onsol,https://kiba.solchain.fun/,783c911,Shilin/artifacts/external_validation/raw_coin_metadata/AXSxoWx5uWamiGH9ycR97aapaHETWhpXXEwEWcfapump.json
AXUD8LPBmagCRF5ENyWTs5czH8efARYkSZiLVWxjpump,2026-05-30T06:11:24Z,True,GUNvtEJRnuM7fB7SWwLUk1W9jeUeZ42p141pDKAfeJoj,,,,,783c911,Shilin/artifacts/external_validation/raw_coin_metadata/AXUD8LPBmagCRF5ENyWTs5czH8efARYkSZiLVWxjpump.json
AY3wseSBzs8EQNQwm9K51p2qPUqYuziy2zHcXL4opump,2026-06-08T09:27:11Z,True,vQrvcgqCr3v7SbrB2GrduKGPf25uoGBrj2hpqYnM357,https://t.me/MONAPUMPFUN,MONAPUMPFUN,https://x.com/Mona_sheep,https://themona.help/,783c911,Shilin/artifacts/external_validation/raw_coin_metadata/AY3wseSBzs8EQNQwm9K51p2qPUqYuziy2zHcXL4opump.json
AYciAHhdXYbdZ8VbQU1UjCT9EBq729uazoSoZzWYpump,2026-05-26T19:51:13Z,True,5zyn3KwzdQNeAWPr1dzYf72gjXJEBw4axu4N4fDSfHiN,,,,,783c911,Shilin/artifacts/external_validation/raw_coin_metadata/AYciAHhdXYbdZ8VbQU1UjCT9EBq729uazoSoZzWYpump.json
AaJ8TeBife3m1VzLmeuSFFKLmnRkdS26fza9rKaSpump,2026-06-07T18:51:14Z,True,3sCWyQhTSx7LuFXDwyR9mPMaJuv8Nx8nVLvjTtLE37is,,,https://x.com/all_ineed1/status/2063694934238982311?s=20,https://www.instagram.com/thekumarmethod/,783c911,Shilin/artifacts/external_validation/raw_coin_metadata/AaJ8TeBife3m1VzLmeuSFFKLmnRkdS26fza9rKaSpump.json
AaQUnaDZ9eN7MveS9WPk57ErpXJSLTPe4qCNRcBqpump,2026-05-28T10:16:01Z,True,7dvssBCPqZRBVNTGMUkAyvnryrTK2xfuVa5utP4eo914,https://t.me/IFODEV,IFODEV,https://x.com/IFO_COIN,https://ifoco.in/,783c911,Shilin/artifacts/external_validation/raw_coin_metadata/AaQUnaDZ9eN7MveS9WPk57ErpXJSLTPe4qCNRcBqpump.json
AaieEQp1S2KcPKxob1CRUYSeHRQ9dLJyYEKcCbJpump,2026-05-09T14:09:37Z,True,gQNKq3LTZtBiXeiFLUUkdzKfMGQ8vo2uHUKUQAXLv43,,,https://x.com/RathaRatKing,https://ratha-seven.vercel.app/,783c911,Shilin/artifacts/external_validation/raw_coin_metadata/AaieEQp1S2KcPKxob1CRUYSeHRQ9dLJyYEKcCbJpump.json
AbgVyWe5kTdeBLPQvFxnxa9SaBsknwqw6n5oKSgqpump,2026-05-13T15:33:25Z,True,3pZWYj3uFWj2hpHDNVHddUzYaGvYbjffVr3NqyRc8sok,https://t.me/chrumpcoinsol,chrumpcoinsol,https://x.com/ChrumpCoinSol,https://chrumpsol.fun/,783c911,Shilin/artifacts/external_validation/raw_coin_metadata/AbgVyWe5kTdeBLPQvFxnxa9SaBsknwqw6n5oKSgqpump.json
Ac7k4zmhgdkaYhAXQPwuGvMMQWDzhdU71uAsUiBCpump,2026-05-25T13:44:10Z,True,9GrD9Ebh3zG8XukjG3tB6urKsitujxBTdKis6UKjPDCA,,,https://x.com/yungshelby777/status/2058906622609756623,,783c911,Shilin/artifacts/external_validation/raw_coin_metadata/Ac7k4zmhgdkaYhAXQPwuGvMMQWDzhdU71uAsUiBCpump.json
AcaWJhMbUNgVPnWTRQoYE6xS79AoWUz3Z7TQfdoQpump,2026-06-01T13:44:58Z,True,FUp3gzZEUy9TKxUm3TXhqCPtvYWMZbqx4r7HtPtkiWmt,,,https://x.com/PokemonTCG/status/2061432972318777450,,783c911,Shilin/artifacts/external_validation/raw_coin_metadata/AcaWJhMbUNgVPnWTRQoYE6xS79AoWUz3Z7TQfdoQpump.json
AdMEJT6pXnAuMDDgmHGMjkL5VdoXJzGch7e4vfB8pump,2026-05-20T23:30:24Z,True,AW4tn2G6DtFSe2aHcL3HMmbW313vTMggGvEP8d5mDgTA,,,https://x.com/thelillygaddis,,783c911,Shilin/artifacts/external_validation/raw_coin_metadata/AdMEJT6pXnAuMDDgmHGMjkL5VdoXJzGch7e4vfB8pump.json
AdZ6S1uT8FAhqGdCVqbbsz6fbDpfhQ9byX5QVHGMpump,2026-05-15T13:37:20Z,True,8Smh7n9cuNdELdPgQb2nsCUYxvvAeQepgzKxeLQUqM8v,,,https://x.com/elonmusk/status/2055277918633562153,https://github.com/xai-org/xai-cookbook/blob/01d842179c4c41c326bd8ce8aa65edce9c9c231d/examples/sentiment_analysis_on_x/guide.ipynb#L9,783c911,Shilin/artifacts/external_validation/raw_coin_metadata/AdZ6S1uT8FAhqGdCVqbbsz6fbDpfhQ9byX5QVHGMpump.json
Ae2DNHjaTNHgfy2coivKaqGeqEN1LWgkDwRyikU5pump,2026-05-17T14:38:52Z,True,C5cTUKgfRhhUwR5noqqAkXmshMdzLHAbLJdPmd4avEJz,https://t.me/NYXBITONSOL,NYXBITONSOL,https://x.com/nyxbit_sol,https://nyxbit.one/,783c911,Shilin/artifacts/external_validation/raw_coin_metadata/Ae2DNHjaTNHgfy2coivKaqGeqEN1LWgkDwRyikU5pump.json
AeE3rAnnCYC6MZ3NBA6XyshC9JzwgFs52FKXUjiepump,2026-05-31T08:25:36Z,True,fMmf6QhBdsGysvA5HUGhY9DHBYBtD5tuXTHTFxXjt3u,,,,,783c911,Shilin/artifacts/external_validation/raw_coin_metadata/AeE3rAnnCYC6MZ3NBA6XyshC9JzwgFs52FKXUjiepump.json
AeRvzBemLhUZBUP28WFuXeWkPYjwVdua2Ed1j8Lnpump,2026-05-16T14:26:06Z,True,874qeEZK7uS6RAuFL8HhtVoyGKwyBScHV8cjyxweqFHW,https://t.me/solCLOUD_sol,solCLOUD_sol,https://x.com/cloudart_sol,https://cloudheaven.top/,783c911,Shilin/artifacts/external_validation/raw_coin_metadata/AeRvzBemLhUZBUP28WFuXeWkPYjwVdua2Ed1j8Lnpump.json
AfVVveFnoLPmjsojDe1S7ZH5f9QkGFprbHP6KC7pump,2026-05-20T15:51:35Z,True,Bp2xup7UEGm98TDWW154LpoXyaFBNBSimGq7DeS1xV7k,,,https://x.com/elonmusk/status/2057100234795491806,,783c911,Shilin/artifacts/external_validation/raw_coin_metadata/AfVVveFnoLPmjsojDe1S7ZH5f9QkGFprbHP6KC7pump.json
Ag4ZTADURCe9r5MrEKfR7FZZ2PUW8YHMvuic1RuTpump,2026-05-14T19:32:35Z,True,88j7amHCYZnFbqYzsnQ5nsWn5ksyPvcxmRp4W75BLMNK,,,https://x.com/Polinkaii/status/2055008337356341570,https://x.com/i/communities/2019835917788148025/,783c911,Shilin/artifacts/external_validation/raw_coin_metadata/Ag4ZTADURCe9r5MrEKfR7FZZ2PUW8YHMvuic1RuTpump.json
AgHh16tzbcGb2TaC1ktKe5ukHFqFmDMkHxYarTLppump,2026-05-22T01:50:00Z,True,UDR6tUoJd8zipihu7uprrVjdwhAECCZygR5kQEAiY6h,,,,https://cr7.meme.bz,783c911,Shilin/artifacts/external_validation/raw_coin_metadata/AgHh16tzbcGb2TaC1ktKe5ukHFqFmDMkHxYarTLppump.json
AgQHMB9tWAiPw7pdShJuHzCggvgKcnpMQpNkqP5xpump,2026-06-03T18:50:32Z,True,GeFNVzD4Y89etxBT84mW8tMyWWZNmRVkxQGV5G3mwcmH,,,https://x.com/bominouca/status/2062097205427638672?s=20,,783c911,Shilin/artifacts/external_validation/raw_coin_metadata/AgQHMB9tWAiPw7pdShJuHzCggvgKcnpMQpNkqP5xpump.json
AgRwRquUXXr1fcStJqEHwf8uTQpSUNUFVskvJQTGpump,2026-06-05T06:34:12Z,True,8QTQPFYi71ePuw5NNb3kjADgjukfpE8ZkWXGvM9SAodt,,,,https://theninja.lol/,783c911,Shilin/artifacts/external_validation/raw_coin_metadata/AgRwRquUXXr1fcStJqEHwf8uTQpSUNUFVskvJQTGpump.json
AgcHxRRCGNi8ze9B7D49iaE89Qp2e2Fzs4mNryrkpump,2026-05-15T20:45:27Z,True,4FAdJRdCLGsStD7kjg8RudXCtn6NJrGskG2MKAeiwZMa,,,https://x.com/OurobosTerminal/status/2055388950743671107,https://ouroborossol.com/,783c911,Shilin/artifacts/external_validation/raw_coin_metadata/AgcHxRRCGNi8ze9B7D49iaE89Qp2e2Fzs4mNryrkpump.json
AhVYmEzaFYuZk2AgVZX2U6wSYnxui6fCPXbCnqK3pump,2026-06-01T19:41:51Z,True,A4bup11QFqiUPUBUKqjp1jaiKGVHYo1rQ6nCm5dGQXKD,,,,,783c911,Shilin/artifacts/external_validation/raw_coin_metadata/AhVYmEzaFYuZk2AgVZX2U6wSYnxui6fCPXbCnqK3pump.json
AiE56PKTghEQzzNdkcTc9x7Yhhriik1RZA4KuPnTpump,2026-06-07T22:04:13Z,True,Df9xYonL4UKNozuqwcve6Pz8TWzfQ5yVccwGd7AWPBHv,,,https://x.com/CatchAPredPF/status/2063743828650037692?s=20,https://catchapredpf.com/,783c911,Shilin/artifacts/external_validation/raw_coin_metadata/AiE56PKTghEQzzNdkcTc9x7Yhhriik1RZA4KuPnTpump.json
AiXG2w4XctAkh25g2VmuY9U6HeNmLG2LxTq6iUy3yuDv,2026-06-08T19:35:05Z,True,BAyBA1tavquZy3cnyPED5Ja4dp3RJPNdvS3YShAFdCTe,,,https://x.com/libsoftiktok/status/2064068711779058008,,783c911,Shilin/artifacts/external_validation/raw_coin_metadata/AiXG2w4XctAkh25g2VmuY9U6HeNmLG2LxTq6iUy3yuDv.json
AjDMddGGmyXFAxj9USUPrT9niZp2TsbX1QK9b3hpump,2026-05-21T03:26:59Z,True,9upkB8ZPa6VYyocTvgDfCxdh2gqQrQAjtb7VBzhCZckF,,,,,783c911,Shilin/artifacts/external_validation/raw_coin_metadata/AjDMddGGmyXFAxj9USUPrT9niZp2TsbX1QK9b3hpump.json
Ak4GqNooPBRqEg3jw5zsg9NVhfEWEVVRheY88onSpump,2026-06-07T00:23:07Z,True,HSGibF6hGTMeWPE8jtjD2LYfnjJccbjjMhzdvBvHwZjC,https://t.me/bbudhaa,bbudhaa,https://x.com/budddha_1,https://www.budha.buzz/,783c911,Shilin/artifacts/external_validation/raw_coin_metadata/Ak4GqNooPBRqEg3jw5zsg9NVhfEWEVVRheY88onSpump.json
AkLjyvoRspY646oftegoDaDB1VXbygJF3sfWNVdApump,2026-05-17T16:01:23Z,True,8eJYjzdY48bzwQX5WNBVb5fHDhRen7pUukFH6gzdU222,,,https://x.com/atltaq/status/2056042405233610833,,783c911,Shilin/artifacts/external_validation/raw_coin_metadata/AkLjyvoRspY646oftegoDaDB1VXbygJF3sfWNVdApump.json
Amv9XYhuoYWXPC1vFqy5wnBjEYzHVdYgVZQ8swhcpump,2026-06-05T18:45:11Z,True,8bP68DscyFsqLDZBZgPVFzMrmg3hFU5UMDA3pAV6feHA,https://t.me/hunterbidenbank,hunterbidenbank,https://x.com/hunterbanksol,https://www.hbidenbank.cc,783c911,Shilin/artifacts/external_validation/raw_coin_metadata/Amv9XYhuoYWXPC1vFqy5wnBjEYzHVdYgVZQ8swhcpump.json
AnBBShDB1896bS9XoJ1eTiAhTkshnQQ3i2tq7Ggspump,2026-06-03T14:44:27Z,True,3jpF3EZZxRhzj4M3zZiXkaoXdmg3wPTNZrCRdM3gFdXL,,,https://twitter.com/pmarca/status/2062183375889129927,,783c911,Shilin/artifacts/external_validation/raw_coin_metadata/AnBBShDB1896bS9XoJ1eTiAhTkshnQQ3i2tq7Ggspump.json
ApGBE2QkB2wPqyJnga6ukNSYK2oiM3kWjeAjDM2Epump,2026-05-21T08:52:28Z,True,8oi82teTrCKgJDfc37hyTqgnAY3KbxKMySY9wBy86Mfo,,,,,783c911,Shilin/artifacts/external_validation/raw_coin_metadata/ApGBE2QkB2wPqyJnga6ukNSYK2oiM3kWjeAjDM2Epump.json
Aqkq3WdTSYrfJmeFJDAuB2Ph4hKMJpsv1FU7Saacpump,2026-05-30T12:15:14Z,True,2KZBZuuRzcG2JMN8vAfdqp19W9psVALMFLiUYSzETTxB,,,https://x.com/LoopDevs11/status/2060696520954151257,https://x.com/ph_lamb/status/1282449681310769152,783c911,Shilin/artifacts/external_validation/raw_coin_metadata/Aqkq3WdTSYrfJmeFJDAuB2Ph4hKMJpsv1FU7Saacpump.json
ArNpS57t3rKpacHioKbH7GgoefbfZxRTm5nKpXYzpump,2026-05-26T07:41:10Z,True,9sSggsodBL4zpnYsrcmdR7W2HVrZfR4KqSNE8kiEJ5tv,,,,,783c911,Shilin/artifacts/external_validation/raw_coin_metadata/ArNpS57t3rKpacHioKbH7GgoefbfZxRTm5nKpXYzpump.json
AsMTibEwWXL9j9yDEPThbv8gpD3aeFZ2Sqgz1eXBpump,2026-05-22T02:22:15Z,True,F8A7YobuKnqBfGzQVxafmSkykvLeNLXbuGYbKcmNiKhQ,,,https://x.com/Cache100x/status/2057648129667645561?s=20,,783c911,Shilin/artifacts/external_validation/raw_coin_metadata/AsMTibEwWXL9j9yDEPThbv8gpD3aeFZ2Sqgz1eXBpump.json
AsTtCBhYgtZwEgnSbN9MHQhs1pwCYJLxX543bDq7pump,2026-06-10T07:22:39Z,True,6j7m9ruaSRr5YJTG4A3BfWby273zLxcurDarZUHaNxPx,,,https://x.com/TrumpChanceSol,https://trumpchance.xyz,783c911,Shilin/artifacts/external_validation/raw_coin_metadata/AsTtCBhYgtZwEgnSbN9MHQhs1pwCYJLxX543bDq7pump.json
AuE37gZv7Teperv3d3HbMd22HynVnQ8Ai6h73Szpump,2026-05-27T07:37:49Z,True,TaAVC5xJPmT3U9BQqimembCwri2pnpzKFojXzJ4sd94,,,https://x.com/Polymarket/status/2059006516678574591,,783c911,Shilin/artifacts/external_validation/raw_coin_metadata/AuE37gZv7Teperv3d3HbMd22HynVnQ8Ai6h73Szpump.json
AuN4Xz6QQNQmz76jz35jYUeBo2BSppjShiBLcEfNpump,2026-05-17T00:28:02Z,True,8h6UGggBSyJyk3CBbJMrj22NHxLCvuU2fdYivrK2wRwy,,,https://x.com/seedneesweeny,https://www.seedneesweeny.cc/,783c911,Shilin/artifacts/external_validation/raw_coin_metadata/AuN4Xz6QQNQmz76jz35jYUeBo2BSppjShiBLcEfNpump.json
AuvbkzRqSuaKsFJZVBeiauvZBGLwxMV1A6716HYWtY1g,2026-05-20T02:16:17Z,True,FFFpmnMjGK6xaDb38LAsPYXTvpajGbBDettCnQPVTg6G,,,https://x.com/Google/status/2056921831513493890,https://www.courtlistener.com/?q=docket_id%3A69013420%20%22scam-worthy%20ICO%22&type=r&order_by=score%20desc,783c911,Shilin/artifacts/external_validation/raw_coin_metadata/AuvbkzRqSuaKsFJZVBeiauvZBGLwxMV1A6716HYWtY1g.json
AvPkAxGVX8HcPJvCE6fWr7XsivpMf1H5YTFgoXPmpump,2026-05-24T02:58:24Z,True,7a8hqjiyh8wBKi9UFk4PhPEdTjFSDtAi5MHCBNCTFDAg,,,https://x.com/SmokezXBT/status/2058381959018029450?s=20,,783c911,Shilin/artifacts/external_validation/raw_coin_metadata/AvPkAxGVX8HcPJvCE6fWr7XsivpMf1H5YTFgoXPmpump.json
AwPD3fsGx5W7kbX8gnES9ekDjcsPStu4KTVw6r6Jpump,2026-05-31T04:00:04Z,True,B61q9oSVC5BWYAspW2Fumo1xaZUmQ7VLFGSMZJTKMSga,,,,https://thepickle.lol/,783c911,Shilin/artifacts/external_validation/raw_coin_metadata/AwPD3fsGx5W7kbX8gnES9ekDjcsPStu4KTVw6r6Jpump.json
AwgN9QjsQZKhhFYwkRGCuFxQK1Ry8cyAU3qMV1m6qzc2,2026-05-25T00:16:22Z,True,7VtV85oTFWR7HmhU1UwaXFdXkkzKecXmAfXHP6bmibJU,,,,,783c911,Shilin/artifacts/external_validation/raw_coin_metadata/AwgN9QjsQZKhhFYwkRGCuFxQK1Ry8cyAU3qMV1m6qzc2.json
AwtmqBs5zxpg8aq8Q1AkBhJJatu18D41nHVk1BX5pump,2026-05-28T11:53:19Z,True,4XzwvZapSQMEa1kEAXuoUeHyv4ewSuuYTEUydQXTgHsZ,,,,,783c911,Shilin/artifacts/external_validation/raw_coin_metadata/AwtmqBs5zxpg8aq8Q1AkBhJJatu18D41nHVk1BX5pump.json
Axpzs7FEMYzpcfqVcDjDMQb2rsgMYVJADNpUZe7bpump,2026-06-07T01:42:39Z,True,5f8kLToPKC1wBMTAiSz2jGZJMt2og7eysMRsjU2b7RWN,,,https://x.com/StupidCupMeme,,783c911,Shilin/artifacts/external_validation/raw_coin_metadata/Axpzs7FEMYzpcfqVcDjDMQb2rsgMYVJADNpUZe7bpump.json
AzTbGghcqJRYshW4cQRQRTWyyQUSau5qqNfzGjAX5iGM,2026-05-18T17:57:57Z,True,6bZx77Xu5roDLBD6ADaWViSWBQn92esdMpsQGin9mPdJ,,,https://twitter.com/MonyyFN/status/2056433896632557787,https://www.linkedin.com/posts/bendali_microsoft-clawpilot-openclaw-activity-7452975563016839168-z4Wp/,783c911,Shilin/artifacts/external_validation/raw_coin_metadata/AzTbGghcqJRYshW4cQRQRTWyyQUSau5qqNfzGjAX5iGM.json
B21WSwwyBDv54Frwxwpu7MxMSke29QJCusYi31jgpump,2026-05-13T12:13:10Z,True,EoGeF86A7iwZLdfBBcBAGh8ySrq2yEKEyQYoTDWHQqbc,,,https://x.com/TaoTheBlesing1/status/2054535409611501841,,783c911,Shilin/artifacts/external_validation/raw_coin_metadata/B21WSwwyBDv54Frwxwpu7MxMSke29QJCusYi31jgpump.json
B3b9UMpJVaFghyPyJkVCfdgqZv5V45rJbwyxkAmDpump,2026-05-15T16:07:02Z,True,4giaEv2JboZWiMHPndUrHsMURWM9ZPLg2RXUtLieVcYx,https://t.me/LUMY_SOL,LUMY_SOL,https://x.com/LUMY_SOL,https://cutestlumy.com/,783c911,Shilin/artifacts/external_validation/raw_coin_metadata/B3b9UMpJVaFghyPyJkVCfdgqZv5V45rJbwyxkAmDpump.json
B3xhCRHcP5uawYGRdLthXfBRViP3NutGBZ1WoUZxpump,2026-05-25T14:50:49Z,True,CxnSVovqbLZ3o9A2vWyiJrL2g8RGWKWp1gd3MFPuSg2v,,,https://x.com/Devorskiiii/status/2058923670689493280,,783c911,Shilin/artifacts/external_validation/raw_coin_metadata/B3xhCRHcP5uawYGRdLthXfBRViP3NutGBZ1WoUZxpump.json
B4jw5LWSByBJCMonD3GPceMqDxW781zH8PGUCJUuuia6,2026-05-14T00:46:13Z,True,EdVku39dLZm3Tm2yNUjV8b7Uch6G2Da8fjKYncMSd7fX,,,https://x.com/devTracked/status/2054724681739993090?s=20,https://www.youtube.com/watch?v=luU57hMhkak,783c911,Shilin/artifacts/external_validation/raw_coin_metadata/B4jw5LWSByBJCMonD3GPceMqDxW781zH8PGUCJUuuia6.json
B4qsXCXatz7XjVo5fN3Psa64vMtUjivN1NdD2mzHpump,2026-05-29T22:34:15Z,True,8z8apj686MzgKVwHUFoewopUPh7SZnY7CyaKhwrQgknj,,,https://x.com/mayemusk/status/2060349542294290867?s=20,,783c911,Shilin/artifacts/external_validation/raw_coin_metadata/B4qsXCXatz7XjVo5fN3Psa64vMtUjivN1NdD2mzHpump.json
B5Ajj8ew5TsP4Cb2EtxsD4uYjmpkqBZQyuTig4qLpump,2026-05-27T01:35:15Z,True,HTtf5YdmBUWVvy1pDnfrXae5DCaZn2k3pWSTxmH13XK3,,,,,783c911,Shilin/artifacts/external_validation/raw_coin_metadata/B5Ajj8ew5TsP4Cb2EtxsD4uYjmpkqBZQyuTig4qLpump.json
B6Xgf1k8XEhMosvs9oGDa6KpZPbewQBAqvAY2hvCpump,2026-05-28T15:08:20Z,True,9m9FPVRbPJboYk8ZKMHy8wzQPgRRerzv78gQPQqfWmvX,,,https://x.com/cutest_animal1/status/2059885349124661637,,783c911,Shilin/artifacts/external_validation/raw_coin_metadata/B6Xgf1k8XEhMosvs9oGDa6KpZPbewQBAqvAY2hvCpump.json
B7TxUXT76Li5XX3V4UE9vJcCWpyFTczpkxz5km5Apump,2026-05-19T04:50:50Z,True,XqTzZK4DaKVf8iZzMvgxbFEnvNeYmo7niMiLZJxbd4x,,,,https://www.preperationh.com,783c911,Shilin/artifacts/external_validation/raw_coin_metadata/B7TxUXT76Li5XX3V4UE9vJcCWpyFTczpkxz5km5Apump.json
B8H8iRXMLP7VmbBJx8GoBA9un7sAJbCwn8bWqGktpump,2026-05-14T04:45:08Z,True,2Rmf6TbwavWniQMmg4F7XWMWc5QX42ydehRy2H4yo7NP,,,,,783c911,Shilin/artifacts/external_validation/raw_coin_metadata/B8H8iRXMLP7VmbBJx8GoBA9un7sAJbCwn8bWqGktpump.json
B8oVNMRvRBuD1p78T5PdifECFstbiRfGfNVwZokepump,2026-05-18T16:14:45Z,True,3rQ9EmahvwdLs16jL9hnrLZLWCvkrADpRnpeQ3ZUMNWR,,,https://x.com/genyrational/status/2056408102828691785,https://x.com/elonmusk/status/2055940968734756912?s=20,783c911,Shilin/artifacts/external_validation/raw_coin_metadata/B8oVNMRvRBuD1p78T5PdifECFstbiRfGfNVwZokepump.json
B9EPZNmWN1NMaMTZyURXDU56788uyQjTariNE2Supump,2026-05-17T04:47:53Z,True,6kN9TDz9bbDtzJtsSoU9CUh92SW9PZTMLxduyD4BT7TE,,,https://x.com/cooldevisback/status/2055872881444245591?s=20,https://x.com/i/communities/2038477436245909733,783c911,Shilin/artifacts/external_validation/raw_coin_metadata/B9EPZNmWN1NMaMTZyURXDU56788uyQjTariNE2Supump.json
B9NUSeq3r4KbNryzXrBY61wLsn8LyMFhVAex9HM8pump,2026-05-19T14:39:22Z,True,43nNXQRxoqGqtALuW8PVbryRMCs4SQJP4wZdcDqxC27b,,,https://x.com/Raydium/status/2056746509153042476,,783c911,Shilin/artifacts/external_validation/raw_coin_metadata/B9NUSeq3r4KbNryzXrBY61wLsn8LyMFhVAex9HM8pump.json
BAn1cqNir4hqsSw1npXRtY5J76d3vDVFFYMpCEh9EUzH,2026-05-30T17:02:06Z,True,2KaNNpffNP575xajnd5gvVzJD5FWh9NU9jT3uALNrgFR,,,https://x.com/OpenAIDevs/status/2060768692653392065,,783c911,Shilin/artifacts/external_validation/raw_coin_metadata/BAn1cqNir4hqsSw1npXRtY5J76d3vDVFFYMpCEh9EUzH.json
BB3mYh8PsaJxDDDGG1DDeLbwm7NQu54grbcTt9PQpump,2026-06-08T16:08:37Z,True,CiCo25GXmiVBWNuSnJcAqmLbBQzBG6UgrcYfAw3Cz1bU,,,https://x.com/TrollCupCoin,https://www.trollcup.world,783c911,Shilin/artifacts/external_validation/raw_coin_metadata/BB3mYh8PsaJxDDDGG1DDeLbwm7NQu54grbcTt9PQpump.json
BBMRXQpKdKX61Bk1C2nH4gX4AwpVnoc6irDaTnvCfGgq,2026-05-28T13:50:12Z,True,85w1zeyk8pxHTE8zLb2Ts4k52Vnvqu29kpNmPTqpv6db,,,https://x.com/NYCMayor/status/2059995253550002361,https://axiom.trade/pulse?chain=sol,783c911,Shilin/artifacts/external_validation/raw_coin_metadata/BBMRXQpKdKX61Bk1C2nH4gX4AwpVnoc6irDaTnvCfGgq.json
BCUFSCSuNJiXEbgznDBbFNoSR2L3MJF8EsYomRE9pump,2026-05-30T15:53:29Z,True,2TpRkmBvSndNWcsCtVNLxzefU1i5etxiHP5knGGVCLRM,,,,,783c911,Shilin/artifacts/external_validation/raw_coin_metadata/BCUFSCSuNJiXEbgznDBbFNoSR2L3MJF8EsYomRE9pump.json
BCq93zK9VGFRF3VcwJ1f1w1UQ9k59nkHxujNDRePpump,2026-06-05T21:19:04Z,True,6ZNAVGzRgt2nptKBqtiu6Xtf9D4wmpkoi9J6uhHTLPdh,,,https://x.com/PokeusMaximus,https://pokeusmaximus.xyz,783c911,Shilin/artifacts/external_validation/raw_coin_metadata/BCq93zK9VGFRF3VcwJ1f1w1UQ9k59nkHxujNDRePpump.json
BD2UM82Ur76ffirXXHL4ya2VeAkZL996YZQ2epA5PumP,2026-05-18T17:09:21Z,True,GqPNSorQuQt6GEsiKCrzsMfYhjTqWLimaLqbs2H9LJWB,,,https://x.com/NousResearch,,783c911,Shilin/artifacts/external_validation/raw_coin_metadata/BD2UM82Ur76ffirXXHL4ya2VeAkZL996YZQ2epA5PumP.json
BDZ99e9zWkWPMcKfqM5iJEqpHYRz8UyjTP28KeSwpump,2026-05-25T16:55:40Z,True,WtXPSa4JU2reZVRGKQxj3JCisQPxzqZFd4cfoY46nNj,https://t.me/worldcupspeed,worldcupspeed,https://x.com/WorldCupSpeedX,https://worldcupspeed.live/,783c911,Shilin/artifacts/external_validation/raw_coin_metadata/BDZ99e9zWkWPMcKfqM5iJEqpHYRz8UyjTP28KeSwpump.json
BDZQYBA7mhYpJzLUAfXPBpX3F2K6DLerm2FsjNigpump,2026-05-29T18:33:30Z,True,D3Pg2SvTEg5QNs4b1iaj1kBkA5QGKzsZ6t87jGA4MQ7U,https://t.me/floonk_sol,floonk_sol,https://x.com/floonk_sol,https://floonk.cyou,783c911,Shilin/artifacts/external_validation/raw_coin_metadata/BDZQYBA7mhYpJzLUAfXPBpX3F2K6DLerm2FsjNigpump.json
BDkoxzZmqmYs5216uc2wmaERABN9DHhXjhkFTHZRpump,2026-05-28T20:26:13Z,True,FDAnaurL66gzWnKkGcTEbZBshQJ1cMsVaSKDwmHriHdz,,,https://x.com/crypto_mem34tg,,783c911,Shilin/artifacts/external_validation/raw_coin_metadata/BDkoxzZmqmYs5216uc2wmaERABN9DHhXjhkFTHZRpump.json
BE6m2AwjDo9dfUEKUMnj6cLorMf411pWjuM1EBBxpump,2026-05-27T06:00:18Z,True,Fm2TxsqAsgV7kMW2noe2cuPXLPC7PwzRLNo2MEvTSZAF,,,,https://playtictactoe.lol/,783c911,Shilin/artifacts/external_validation/raw_coin_metadata/BE6m2AwjDo9dfUEKUMnj6cLorMf411pWjuM1EBBxpump.json
BEUz9DSkWAYf1isXfFn3UgfrQkqDio11H7ueLZT4pump,2026-05-28T21:48:17Z,True,AEBai5J6YTwyawJRGi1UUVdyNmw2GfHuxBdhqZZ2rhTD,,,,https://www.whitehouse.gov/aliens/,783c911,Shilin/artifacts/external_validation/raw_coin_metadata/BEUz9DSkWAYf1isXfFn3UgfrQkqDio11H7ueLZT4pump.json
BFqMjFNg7SMBQdG1cQZrYpZW74wtHqBLZeckphGpump,2026-06-07T20:07:17Z,True,Bw6E4Ge4o9W2bdQrmFAKpWFVp1VmD7Xnb3HXJpF7Ct4m,,,https://x.com/doomermemes_?s=21,,783c911,Shilin/artifacts/external_validation/raw_coin_metadata/BFqMjFNg7SMBQdG1cQZrYpZW74wtHqBLZeckphGpump.json
BGsN2EBYLh36wcYBjb9mmwrpzJZMffktpA9SCWcSpump,2026-05-24T03:33:39Z,True,7f7k2tL4J6d2vU94ypdt3LtpY9fvHYeWSQgeA8A7pngo,,,,https://justcomma.xyz/,783c911,Shilin/artifacts/external_validation/raw_coin_metadata/BGsN2EBYLh36wcYBjb9mmwrpzJZMffktpA9SCWcSpump.json
BGwUS8p2dgfpeXXJtygLF2S8tEb9owuB9QijzxRkpump,2026-05-30T06:19:05Z,True,8zY6i9UehhNfYCAZcRxXKaFYthjpdqstxfs9iDz4TcWn,,,,,783c911,Shilin/artifacts/external_validation/raw_coin_metadata/BGwUS8p2dgfpeXXJtygLF2S8tEb9owuB9QijzxRkpump.json
BGxq3e6DhmmotCZ3anPHjovj1EY36CkD7apDo6fWpump,2026-05-12T14:25:43Z,True,Hv94XRcbN3VbH7YsBr4VXBHcPEB45BZJNxmaoMw5ZSJ5,,,https://x.com/brockpierson/status/2053900695951364377,,783c911,Shilin/artifacts/external_validation/raw_coin_metadata/BGxq3e6DhmmotCZ3anPHjovj1EY36CkD7apDo6fWpump.json
BJK711eFYKbTDNBcZ82wLnbaUDg9TfRW2bBw6EtNpump,2026-05-23T23:53:06Z,True,GgaWdBNEf5GsNaXnpTrLZfmZyN5ayeiENJZztYkgQtvB,,,https://x.com/Richblicans,,783c911,Shilin/artifacts/external_validation/raw_coin_metadata/BJK711eFYKbTDNBcZ82wLnbaUDg9TfRW2bBw6EtNpump.json
BJpoPom212XsdhZWFRA4eqRiEfVoMMGDauiLtismpump,2026-06-08T12:26:35Z,True,4CHSAUFv3QddmLY8QZxCZsKvknNcbMy7hb1BDoYmHvP3,,,https://x.com/WeAre26Coin,,783c911,Shilin/artifacts/external_validation/raw_coin_metadata/BJpoPom212XsdhZWFRA4eqRiEfVoMMGDauiLtismpump.json
BJptgsYrPLE6QcJa4mJP5fHS1S5JBrRyvd8TG7ivpump,2026-05-13T06:35:44Z,True,2KuuMgnjPA5Ai9kE4A9RrjJw1BoU5Vmxf6BvaGio6S5L,,,https://twitter.com/ShaneStoffer/status/2054450495025033468,,783c911,Shilin/artifacts/external_validation/raw_coin_metadata/BJptgsYrPLE6QcJa4mJP5fHS1S5JBrRyvd8TG7ivpump.json
BK4kfuiK8fd3gbuByxBfRL2oULGM5uTYgPZVb4Jzpump,2026-06-10T04:17:14Z,True,8EHmcAC5aCzcR8RJwjFxFJGVus4yDxLmQoU4PygUVQwN,,,https://x.com/UAIMSOL,https://uaim.io,783c911,Shilin/artifacts/external_validation/raw_coin_metadata/BK4kfuiK8fd3gbuByxBfRL2oULGM5uTYgPZVb4Jzpump.json
BKCLq2Kcvk7ssjcj73w5HqN7U6zsZUDE8WEtpvTnpump,2026-05-30T10:16:25Z,True,FE8S6oGELiGLzZwyYUcU3Jcn9M2ciBpuJfBd3wXoucr7,,,https://x.com/09j8wu346bg2/status/2060666615826456996,https://x.com/search?q=%22tay%20story%22&src=typed_query&f=top,783c911,Shilin/artifacts/external_validation/raw_coin_metadata/BKCLq2Kcvk7ssjcj73w5HqN7U6zsZUDE8WEtpvTnpump.json
BKCejBnRLndBZxBkyBQqSagxSFxtqWPzpP61iRJtpump,2026-05-12T04:01:36Z,True,8VGJoJh1zfGA2jRcKomEVaQSmSih8uu6aufK2jFYxUuH,,,,https://badtroll.xyz/,783c911,Shilin/artifacts/external_validation/raw_coin_metadata/BKCejBnRLndBZxBkyBQqSagxSFxtqWPzpP61iRJtpump.json
BKyjbCZALbFvPEfpFAsk7wCPJheZbz35Mh3xUkJfpump,2026-05-12T15:51:22Z,True,AETrud83gXCCrWxdQ4Tg7uDnh5BhBwuMiYe23xRqLGM6,,,https://x.com/ayushquantt/status/2054227900379845106,https://x.com/ayushquantt/status/2054227900379845106,783c911,Shilin/artifacts/external_validation/raw_coin_metadata/BKyjbCZALbFvPEfpFAsk7wCPJheZbz35Mh3xUkJfpump.json
BLHntfy7ke1u9j3ZmQFR44vXEfFS9XTBaYz3txYYpump,2026-05-26T16:12:17Z,True,DTqEyyji1q7AzXo5qk8FbhixcpjHzquPPTuE1oJSyYkA,,,https://x.com/elonmusk/status/2059306436044202381,https://pump.fun,783c911,Shilin/artifacts/external_validation/raw_coin_metadata/BLHntfy7ke1u9j3ZmQFR44vXEfFS9XTBaYz3txYYpump.json
BLuSgyUGdhQ9Bq9RHpmiouJyKFC7vytQBJLpBvEupump,2026-05-20T23:21:57Z,True,DsyG5XFEAypThGbzgdDqLs6hnJUj7n29S3ZrLR7LYLML,,,,,783c911,Shilin/artifacts/external_validation/raw_coin_metadata/BLuSgyUGdhQ9Bq9RHpmiouJyKFC7vytQBJLpBvEupump.json
BMkeYBHxr2TxcB6Sef22CQYuwht6hCT3YPUjvhtUzvEM,2026-05-13T16:08:50Z,True,9STTULSiSiy1BUmdHDxjZ3Wcno2Wf1NDsCQQ4ycdMNjh,,,https://x.com/toly/status/2054594626833805778,,783c911,Shilin/artifacts/external_validation/raw_coin_metadata/BMkeYBHxr2TxcB6Sef22CQYuwht6hCT3YPUjvhtUzvEM.json
BNFnyNbkcLQvpEhngRSVyoag2jcVZeQ1kfYpa1L8pump,2026-05-31T15:49:59Z,True,HWQsHw6doGuWuyGjthA3EQwPjoAaXXLXRX6avU5PtbiE,https://t.me/smonk_sol,smonk_sol,https://x.com/smonkes_solana?s=21,,783c911,Shilin/artifacts/external_validation/raw_coin_metadata/BNFnyNbkcLQvpEhngRSVyoag2jcVZeQ1kfYpa1L8pump.json
BPARqwhUuKTnEqNdbYSdsAKazTHQxheLsxEaAdy8LwDQ,2026-05-14T21:40:50Z,True,6AQb2d4sEY9LWvsYmC9rwBVZ8QWTHW6vCaVRerCVKe4r,,,https://x.com/DHSgov/status/2055040638102462824,,783c911,Shilin/artifacts/external_validation/raw_coin_metadata/BPARqwhUuKTnEqNdbYSdsAKazTHQxheLsxEaAdy8LwDQ.json
BQXBMB7Ed2ZdvhDcJaYGz8cBtQ5Hq4TtBhamyaFXpump,2026-05-16T22:11:52Z,True,96TboGkj7CKnzrUmpF7FKec7N343HrV6eX1k2iCFUqTm,,,https://x.com/rebeccaperrotto/status/2055772759377240407,https://giftshop.stjude.org/inspiration4-zero-gravity-indicator-replica-space-puppy/214500000.html?sc_cid=smd88348&linkId=163514656,783c911,Shilin/artifacts/external_validation/raw_coin_metadata/BQXBMB7Ed2ZdvhDcJaYGz8cBtQ5Hq4TtBhamyaFXpump.json
BQeyh4TBMEVosuGLeRjicG9hUcej9C9FPHqiwJ59w5Tu,2026-05-14T13:36:06Z,True,AguhWx49PKLr8NYVDvBJQrLM7aiktCFg9m9uddbC4PTj,,,https://x.com/binancezh/status/2054917956627542427,https://axiom.trade/pulse?chain=sol,783c911,Shilin/artifacts/external_validation/raw_coin_metadata/BQeyh4TBMEVosuGLeRjicG9hUcej9C9FPHqiwJ59w5Tu.json
BRsYLYMGSPtAdEj7twZpVg66QsKhpwpyprUhd7pEpump,2026-05-15T06:00:14Z,True,E8znN8JHdiiR5D1CawfowUncLj8JpM2LFFjNwvewXNEH,,,https://x.com/WaveAfterWavvee/status/2055166295898018135?s=20,https://www.tiktok.com/search?q=pov%3A%20summer&t=1778822163715,783c911,Shilin/artifacts/external_validation/raw_coin_metadata/BRsYLYMGSPtAdEj7twZpVg66QsKhpwpyprUhd7pEpump.json
BSgrfx1U2CBThq3EhpswLsBJwpC7sAXnA3ukbE1vpump,2026-06-04T06:43:40Z,True,Bbturi8FpGs4aJogXvVoZ1iauxEj5FhrfMfRvoydqygd,,,,,783c911,Shilin/artifacts/external_validation/raw_coin_metadata/BSgrfx1U2CBThq3EhpswLsBJwpC7sAXnA3ukbE1vpump.json
BUJLjRsrRvk5uLhFBj77zGYKCrKiTUbd24beJFkpump,2026-06-07T01:02:57Z,True,7nGeww6VC71NSjwqAr6XxShDHcMNzYiG6UVamim4Jsum,,,https://x.com/elonmusk/status/2063333492449009867,https://www.wsj.com/health/wellness/us-fertility-rate-impact-f8024b33?st=j9Tbii,783c911,Shilin/artifacts/external_validation/raw_coin_metadata/BUJLjRsrRvk5uLhFBj77zGYKCrKiTUbd24beJFkpump.json
BV7yU6ibiam6qtya7wsenwA7c5hJMpdNwSRCpBupump,2026-05-23T01:14:45Z,True,675Eiyo3P9uAEdXwAUdEYuu9ahrWo34qcCK1UH3CLfPF,,,https://x.com/realDonaldTrump/status/2057968277062582378,,783c911,Shilin/artifacts/external_validation/raw_coin_metadata/BV7yU6ibiam6qtya7wsenwA7c5hJMpdNwSRCpBupump.json
BVMWvRcRMFzRba2Vpz4DPwApvFLSiPJ8m1iYrvHNpump,2026-05-24T11:44:38Z,True,BPSYcytDx6RmPFwqRMRwmhqnFRuhjg9CUaij6z3XSqKP,,,,,783c911,Shilin/artifacts/external_validation/raw_coin_metadata/BVMWvRcRMFzRba2Vpz4DPwApvFLSiPJ8m1iYrvHNpump.json
BVrmoJMmPLmtkpAPMAWtNYYRrojjfDqfSYkAgZDppump,2026-05-24T07:56:33Z,True,5QHrLKcaxd2yBJs8BaZ8CB8RM9C1h8iPAfA2he5QRUKg,https://t.me/GNOMUS_SOL,GNOMUS_SOL,https://x.com/gnomusol,https://gnomy.lol,783c911,Shilin/artifacts/external_validation/raw_coin_metadata/BVrmoJMmPLmtkpAPMAWtNYYRrojjfDqfSYkAgZDppump.json
BX7javpaZwaFhFB7zSU2rPkB396mj4KQ1m6qGZgxpump,2026-06-10T14:45:52Z,True,59BvrJ96crJyvA84Qz2DjqBEYb4ddj6C4fMhfy6n3dw3,,,https://x.com/EricBalchunas/status/2064716656597766623,https://x.com/search?q=SpaceX%20ETF&src=typed_query&f=live,783c911,Shilin/artifacts/external_validation/raw_coin_metadata/BX7javpaZwaFhFB7zSU2rPkB396mj4KQ1m6qGZgxpump.json
BXotQ7BLckqBRfChstF2MQKVg54FZcynkaaepNi2pump,2026-05-14T17:57:16Z,True,26H9cFGqmTqCiTm9cs76AaNy1WYzDaN6SDhddy6yGfrS,https://t.me/GrumpyPig,GrumpyPig,https://x.com/GrumpyPigSol,https://grumpysol.com/,783c911,Shilin/artifacts/external_validation/raw_coin_metadata/BXotQ7BLckqBRfChstF2MQKVg54FZcynkaaepNi2pump.json
BYVErpwVJEEDWcTvCrL5dj8DCvtV5Q9LGqb5sSyhpump,2026-05-28T11:10:53Z,True,Ca4oa8qPaB1SAA6qgYjwwf8QRQCj2zSsqQLKfR5gPYfn,,,https://x.com/ord1nary_fella/status/2059955552533332302,,783c911,Shilin/artifacts/external_validation/raw_coin_metadata/BYVErpwVJEEDWcTvCrL5dj8DCvtV5Q9LGqb5sSyhpump.json
BYXFWcm8HXMPoasDCEfrdLNZVAbn98xvNBLrPYevS14e,2026-05-13T20:40:48Z,True,9pogyKuAjnw3MwaVSj4ZEBwsTgzHkY6ivnwjncQ7us8C,,,https://x.com/independent/status/2054663039861837992,,783c911,Shilin/artifacts/external_validation/raw_coin_metadata/BYXFWcm8HXMPoasDCEfrdLNZVAbn98xvNBLrPYevS14e.json
BYikWWaZ7jnCzkoiuitiPjt1fzxzo2JdpLVV1azgpump,2026-05-26T15:59:45Z,True,Hepgd3ADRHmmeKy8ePCK35Jr8GDB43qUyfsAF9UfwbPU,,,https://x.com/Pumpfun/status/2059299822130074024,,783c911,Shilin/artifacts/external_validation/raw_coin_metadata/BYikWWaZ7jnCzkoiuitiPjt1fzxzo2JdpLVV1azgpump.json
BZZTPBEb1M3QzDf5TdbHMgvJFEmDbAMrxEX8dyBzpump,2026-05-20T08:06:07Z,True,5LAosv7HvCFkT4wYwoCATb2ggsQRv1N5TB3dh9MjPBUJ,https://t.me/kurosolanaa,kurosolanaa,https://x.com/solana_kuro,https://kuro.solfun.best/,783c911,Shilin/artifacts/external_validation/raw_coin_metadata/BZZTPBEb1M3QzDf5TdbHMgvJFEmDbAMrxEX8dyBzpump.json
BZyofHEqdt71Kw3siq21NP9Yn7Dc28z7JFWK4y28pump,2026-05-16T19:44:24Z,True,9PVRo5k6KZiAdQrt8NELaxLs3NQ7i3pyjNqwKRF27VC2,,,https://x.com/AlexFinn/status/2055736099570631128,,783c911,Shilin/artifacts/external_validation/raw_coin_metadata/BZyofHEqdt71Kw3siq21NP9Yn7Dc28z7JFWK4y28pump.json
BagZEmqC8yVr6fURHyzihctYdqaH44TkXsMVK19ypump,2026-05-21T12:24:09Z,True,7wNxWDR4LxNvC4u8zzKD4MhSRkd16pH8dBQaZJhNkUA9,https://t.me/memeworldcupsol,memeworldcupsol,https://x.com/MemeWorldCupSOL,https://memeworldcup.online/,783c911,Shilin/artifacts/external_validation/raw_coin_metadata/BagZEmqC8yVr6fURHyzihctYdqaH44TkXsMVK19ypump.json
BbnsAS3r2RNBLxCU1n6dBXzXZBQAPEQC5w82Czsspump,2026-05-24T23:07:23Z,True,D7iQ3pHFF2pGUr7qGtBXRxM9nuhEMJgeUYAJzDuHte2Z,,,,,783c911,Shilin/artifacts/external_validation/raw_coin_metadata/BbnsAS3r2RNBLxCU1n6dBXzXZBQAPEQC5w82Czsspump.json
Bc8Yf9Xsixz6SSqVdQhCZkohhrLkNGn4xeHrZ3L6pump,2026-05-18T18:00:54Z,True,4qp44No4yVUUf5kK527YzqwqBmSPEbY8YUe6KyobbDNQ,,,https://x.com/Dell/status/2056434489379651691,,783c911,Shilin/artifacts/external_validation/raw_coin_metadata/Bc8Yf9Xsixz6SSqVdQhCZkohhrLkNGn4xeHrZ3L6pump.json
BcPFBgCVa1h3ZySzpDKgkjpmMkrBdq5mazWKnZs7pump,2026-06-09T17:38:39Z,True,Dx9uvK1hBaZ6jsgdaZDbkXu52nmZmXtJU9xjjDaT1mE9,,,https://x.com/ProjectALON_,https://projectalon.com/,783c911,Shilin/artifacts/external_validation/raw_coin_metadata/BcPFBgCVa1h3ZySzpDKgkjpmMkrBdq5mazWKnZs7pump.json
Bcj2vXC3zxgYwH2rGLLb9zCgtMgmJVVB8nBYshdVpump,2026-06-09T08:41:22Z,True,5b7BjAWqqUCX4FE8Nv1RvqtMNE4iKi4S88XZzmTjK4eL,,,,,783c911,Shilin/artifacts/external_validation/raw_coin_metadata/Bcj2vXC3zxgYwH2rGLLb9zCgtMgmJVVB8nBYshdVpump.json
Bcohm4S6U6UNHtoW86DzPwaVwvRRWugkRxHsxTiWpump,2026-05-12T02:31:15Z,True,Dxxwz1Zyac8PB5Sm3LnLdhxF9WoXaN24En6dPkFzCXSY,https://t.me/therulersol,therulersol,https://x.com/TheRulerSOL,https://therulersol.info/,783c911,Shilin/artifacts/external_validation/raw_coin_metadata/Bcohm4S6U6UNHtoW86DzPwaVwvRRWugkRxHsxTiWpump.json
BeX33CzZDpwnLpqxyArdE5hexfFaisqxLZ63YnDRpump,2026-06-03T20:28:26Z,True,DacJqRiAeseumW329KyEsqEdBBphasJhzjGUWthZF8Ko,,,https://x.com/nietzschean_dev/status/2062270061356695562,,783c911,Shilin/artifacts/external_validation/raw_coin_metadata/BeX33CzZDpwnLpqxyArdE5hexfFaisqxLZ63YnDRpump.json
BeitBXa2YEcMFGRqAKV5x6qmoceGyC1itCB9wUzypump,2026-06-03T17:59:39Z,True,ESS2VyEhrJJYoG8pyhVYrkC4f45Y2qJPJmFAMiRVUhpH,,,https://x.com/cardtrick,https://cardtrick.co,783c911,Shilin/artifacts/external_validation/raw_coin_metadata/BeitBXa2YEcMFGRqAKV5x6qmoceGyC1itCB9wUzypump.json
BexaXsU4Zg14Vvub5EVcXbco9cZZVWEJfhRRSr4Rpump,2026-05-14T13:33:15Z,True,VjB7Xr29UrZM7payUGVd9Pr9gtwj3AS8G6xHwp1Lwg9,https://t.me/moduSOLANA,moduSOLANA,https://x.com/ModuSOLANA,https://modusolana.com,783c911,Shilin/artifacts/external_validation/raw_coin_metadata/BexaXsU4Zg14Vvub5EVcXbco9cZZVWEJfhRRSr4Rpump.json
BfivrbHsSVN66dWe8tJ3Hz7fuP74jvdArFFZjrghpump,2026-05-23T01:58:47Z,True,DR7pTqKgNh2UQMH7s1QP6bKTwV4AKwmoE7ayERWgw6hk,,,https://x.com/realDonaldTrump/status/2057968277062582378,,783c911,Shilin/artifacts/external_validation/raw_coin_metadata/BfivrbHsSVN66dWe8tJ3Hz7fuP74jvdArFFZjrghpump.json
BhkuzRAR1EqN1bUhAJMTkiC29Q4tQoeRSUPPnE1kpump,2026-05-13T13:12:35Z,True,CHWpxP7gcmgfkCW19R1LwwNHScT9sMk35pk4rTWTcDs4,,,https://x.com/MarioNawfal/status/2054548213240049916,https://x.com/MarioNawfal/status/2054536398200299527,783c911,Shilin/artifacts/external_validation/raw_coin_metadata/BhkuzRAR1EqN1bUhAJMTkiC29Q4tQoeRSUPPnE1kpump.json
BhxC2Bc1tUxa8Y3zbLMCjMNvqMD8JgSTekScPhGepump,2026-06-02T03:31:01Z,True,DcA7VY4XsQgxApWDgmch3GBnqj1BvB6CqbVceEJSzFST,,,,,783c911,Shilin/artifacts/external_validation/raw_coin_metadata/BhxC2Bc1tUxa8Y3zbLMCjMNvqMD8JgSTekScPhGepump.json
BictfwfaSP92YyVy7yiMZuYRKwEA2PuvdwzWKNM6pump,2026-05-30T15:35:50Z,True,BSRfanbA1mLceGxwJYTcxhfMnRwyhj2H8Jrj5J6M7h7p,,,https://x.com/WhiteHouse/status/2060723489292661124,https://x.com/WhiteHouse/status/2060723489292661124,783c911,Shilin/artifacts/external_validation/raw_coin_metadata/BictfwfaSP92YyVy7yiMZuYRKwEA2PuvdwzWKNM6pump.json
BigGboBX6veMLQV6gzqgV9Pbx8LeobR6eDjUQicXpump,2026-05-16T12:01:39Z,True,Gnr9XufPL5HZAgjusZsVaKVNP2hAujxWNiRrVM6YPn38,,,https://x.com/i/communities/1861096857528672600,,783c911,Shilin/artifacts/external_validation/raw_coin_metadata/BigGboBX6veMLQV6gzqgV9Pbx8LeobR6eDjUQicXpump.json
BiywH8Eq2CbGhwMHKwCnfTiccWJwN7r1Q4Qn9hsypump,2026-05-14T21:13:36Z,True,8PX97NP5WY871SmsZwHqYL9z97k3vzHGjvKFvAT7cARz,https://t.me/virlfun,virlfun,https://x.com/virlfun,https://virl.fun,783c911,Shilin/artifacts/external_validation/raw_coin_metadata/BiywH8Eq2CbGhwMHKwCnfTiccWJwN7r1Q4Qn9hsypump.json
BkgoRXBQRWUCtH7JkwrXi6ouvGtimbsgrYVZVidAdDpL,2026-06-06T21:00:35Z,True,UxodzVZioY4F1sLRWYeFTB6tZFkri37YXukoKvMmnud,,,https://x.com/toly/status/2063365289014858142,https://axiom.trade/meme/8KQXrqhWVDYVBmhxFi2eQ6hhq5AF7jpNJSCVxLy7VKi?chain=sol,783c911,Shilin/artifacts/external_validation/raw_coin_metadata/BkgoRXBQRWUCtH7JkwrXi6ouvGtimbsgrYVZVidAdDpL.json
Bkr9HQD6TjDeeEQU3FWNgT6i89Lg25cU3MJDfqu8pump,2026-05-18T19:28:43Z,True,4qA6cKqrFZCmr7bQ4EuZwhmHG6NWbL395LcYKXy4ucKi,,,https://x.com/SERobinsonJr/status/2056454652275683683,,783c911,Shilin/artifacts/external_validation/raw_coin_metadata/Bkr9HQD6TjDeeEQU3FWNgT6i89Lg25cU3MJDfqu8pump.json
BmwjL4rvNfFiwUssi47jhmNPnYsurfS93298LKvXpump,2026-05-19T14:01:39Z,True,2kKBQue9QGpLz1TVqVportzseUgdp1eFnhLWYMbaDkgB,,,https://x.com/mertb0t,https://mertbot.com/,783c911,Shilin/artifacts/external_validation/raw_coin_metadata/BmwjL4rvNfFiwUssi47jhmNPnYsurfS93298LKvXpump.json
Bn8D7jW5b6dgTfhpdCG9bHPfpsbHVmkPDH9YfFCTPQpa,2026-06-05T13:23:12Z,True,D65vEt9Y3F2tDojxDtSDGAkV7Yux3cbkQKmRsei5Mba6,,,https://x.com/quantisthememe/status/2062887904225939576,https://www.tiktok.com/search?q=Fu%20Bao%20,783c911,Shilin/artifacts/external_validation/raw_coin_metadata/Bn8D7jW5b6dgTfhpdCG9bHPfpsbHVmkPDH9YfFCTPQpa.json
BnK8QgRW6BGPbPV2b1tAZgxVwAJvJpEC9xPoQikRpump,2026-05-16T03:42:18Z,True,CsfsMKPYdk6kyvS6TvWuZfBeJ4Dswav9fWAtST32YRFa,,,https://x.com/PurpSAL/status/2055492897198186843?s=20,,783c911,Shilin/artifacts/external_validation/raw_coin_metadata/BnK8QgRW6BGPbPV2b1tAZgxVwAJvJpEC9xPoQikRpump.json
BntZMAs6h8k38K5dAruAVWDnv1MBkSvCaLwdWvpcpump,2026-06-08T17:52:25Z,True,2RE8zUKhUAFWNvx5YvYScGkLfXbr1Au1XPhd2L7fB4Ge,,,https://x.com/cupxfun,https://cupx.fun,783c911,Shilin/artifacts/external_validation/raw_coin_metadata/BntZMAs6h8k38K5dAruAVWDnv1MBkSvCaLwdWvpcpump.json
Bo1wY2Mi8rRx5WDhayzHPgQMU8nkwZ3iAL75M1cipump,2026-05-23T21:08:03Z,True,3zGMFuus8bB4mDNybXmfM9xFYLNM6dDLgSfFnuAqVZHV,,,https://x.com/d33v33d0,,783c911,Shilin/artifacts/external_validation/raw_coin_metadata/Bo1wY2Mi8rRx5WDhayzHPgQMU8nkwZ3iAL75M1cipump.json
Bpnp2SBcoA81Rgauh2jHBTfuXtTMgAe7J1mjqSYhpump,2026-05-28T16:35:24Z,True,37C9v7touFi9CxLW63QWD91Uw5NtDx7G2tRJf2ThupLy,,,https://x.com/US250Official,https://us250birthday.us,783c911,Shilin/artifacts/external_validation/raw_coin_metadata/Bpnp2SBcoA81Rgauh2jHBTfuXtTMgAe7J1mjqSYhpump.json
Bprhozy2xuASFaTxThmX88NvWKUj6jvvXzmK2ZiApump,2026-06-02T02:30:42Z,True,HnuwPV7dX2tz3qk3DomY33M4T2Bx9EL63MyErV2gdvhE,,,https://x.com/Grailindex,,783c911,Shilin/artifacts/external_validation/raw_coin_metadata/Bprhozy2xuASFaTxThmX88NvWKUj6jvvXzmK2ZiApump.json
BqEremBMMa47aFDCXGeguwG74ep7xJSTJ1RHF9hBpump,2026-06-08T16:13:30Z,True,84huJpPVwudAWdoVRhVoGkP2zvAYh9dvbwUW36XCMXBs,,,https://x.com/i/communities/1997051552910266854,https://www.chroniclelive.co.uk/news/north-east-news/dog-rescue-serenity-boat-tours-34082249,783c911,Shilin/artifacts/external_validation/raw_coin_metadata/BqEremBMMa47aFDCXGeguwG74ep7xJSTJ1RHF9hBpump.json
BqyTcTLht1GrqGeyWUTk876A197XppgGy3FQ3TaUpump,2026-05-23T22:46:36Z,True,BzvtrNo44dPVu6Zrkct7j3LqRLncuShUtLzAABd4qDdA,,,https://x.com/i/communities/2039223743222878233/,https://www.artcoin.pro/,783c911,Shilin/artifacts/external_validation/raw_coin_metadata/BqyTcTLht1GrqGeyWUTk876A197XppgGy3FQ3TaUpump.json
Brghixvu4KbaswcvyiW6JNirxocZquviRbpsyKgPpump,2026-05-26T13:35:59Z,True,3YizWeamTfxREYeyWS1UWirTwBA8QiSJfsPr3kowsyPT,,,https://x.com/DecryptMedia/status/2059261122960560318,https://decrypt.co/368996/lucky-trader-rides-341-world-cup-meme-coin-buy-to-14000-gains,783c911,Shilin/artifacts/external_validation/raw_coin_metadata/Brghixvu4KbaswcvyiW6JNirxocZquviRbpsyKgPpump.json
Bri4xM9Y1VsGnxrorWhZFVnPw6TZxn6QdcrzFmBKZWmS,2026-05-20T05:45:45Z,True,8F5FnoL8crjPz76XJBUN5YnZ5MsQ7bEpy1wSa3Y6swxA,,,https://x.com/crypCE0/status/2056972239820435483?s=20,https://airlaunch.fun/,783c911,Shilin/artifacts/external_validation/raw_coin_metadata/Bri4xM9Y1VsGnxrorWhZFVnPw6TZxn6QdcrzFmBKZWmS.json
BrokrsSp3ceU1rohxGxhhvoR357yA49aezWhKTtY4A6c,2026-05-25T23:34:53Z,True,ZY7m1hpQNi5GzgoQupUYst7NdU7imJXrLdiReS65rPQ,,,https://x.com/basedalexandoor/status/2059055635464106104,,783c911,Shilin/artifacts/external_validation/raw_coin_metadata/BrokrsSp3ceU1rohxGxhhvoR357yA49aezWhKTtY4A6c.json
BruTYPPH63DMeig2wA5kUtqjwjVxnm8BAfYWQzErpump,2026-05-24T14:51:01Z,True,82ZQy2upidC6TsS6fmMDfyJNJbD37JC3fTeaehW4NrFe,,,,,783c911,Shilin/artifacts/external_validation/raw_coin_metadata/BruTYPPH63DMeig2wA5kUtqjwjVxnm8BAfYWQzErpump.json
Bt4kqbDbbvc2EaJ5sfWmabEtEAVno953L5tQY7GUpump,2026-05-23T19:44:43Z,True,B7M1R2f79EL4zy1gFGmtptYvvpiJ4GkyKRvDj8dBfguY,https://t.me/JIMmemsol,JIMmemsol,https://x.com/Jimsolfun,https://jimsol.fun/,783c911,Shilin/artifacts/external_validation/raw_coin_metadata/Bt4kqbDbbvc2EaJ5sfWmabEtEAVno953L5tQY7GUpump.json
Bu5ww7ghfLKSfnoB25BUm5uRi56XyqamndWs7hzfpump,2026-05-29T21:30:01Z,True,DayJSky9uvurN7wunTSKhvyiBmRxGtqKbtZm6LB7JNp1,https://t.me/spyboxofficial,spyboxofficial,https://x.com/spyboxapp?s=21,,783c911,Shilin/artifacts/external_validation/raw_coin_metadata/Bu5ww7ghfLKSfnoB25BUm5uRi56XyqamndWs7hzfpump.json
Bu85sMSfmzjViSzN8RCd5HV4xQcA2AunJjcj16Repump,2026-05-26T11:56:14Z,True,7sBth3s9xhg1Tx6xG75vykqCyuDGGxpooFVXXynDU5PP,,,https://x.com/Oringold_/status/2059241892546850833?s=20,https://www.youtube.com/watch?v=SJWMEMLkzkw,783c911,Shilin/artifacts/external_validation/raw_coin_metadata/Bu85sMSfmzjViSzN8RCd5HV4xQcA2AunJjcj16Repump.json
BumijUh4YwJ3cGrGLQixhCjNUR7Pmbt5tWaRk2ULpump,2026-05-28T13:22:08Z,True,HuYvJu9Tnt2SL57x3ZK2TnyLLFnsSgDVgnJcru3DEb8g,,,https://www.instagram.com/stories/mayemusk/3907031887293399008/,,783c911,Shilin/artifacts/external_validation/raw_coin_metadata/BumijUh4YwJ3cGrGLQixhCjNUR7Pmbt5tWaRk2ULpump.json
Buzimk5cBorkP2w3GwW6Pav2qHrmQur1mEFjaFHRpump,2026-05-15T14:51:08Z,True,FbkqC4DGouKor4iVMF5tZsE9DpqYvfcwRGrbLBWC2Qhb,,,https://x.com/bonderonchain/status/2055299722458628187,https://annoyingproject.com/,783c911,Shilin/artifacts/external_validation/raw_coin_metadata/Buzimk5cBorkP2w3GwW6Pav2qHrmQur1mEFjaFHRpump.json
BvB5CQczUFqkC5hrTQKj96jE8EUZuraUFwRaaVERpump,2026-05-26T08:44:32Z,True,EjNDqfRbkSQ2HJh8dAZSF1eXHzzCGfz7d8Tg2mgg2YfE,,,https://x.com/PumpersCoinSol/status/2059193765525360804,https://www.launchmynft.io/collections/8LzNcBpp11ipF3wob4DS3w8w2PTQ7EicDWS788oADUAP/FiwjbPY8xDYSmX5Bifhf,783c911,Shilin/artifacts/external_validation/raw_coin_metadata/BvB5CQczUFqkC5hrTQKj96jE8EUZuraUFwRaaVERpump.json
BvaPgmWsKeJX2Q9vaLMm6dseh4WRPDmvJgTaeNhvpump,2026-05-22T12:21:15Z,True,GupkuxmPJ7Vq9Fr3Do3m9K4CMwbCqV465TC7uJzpqx6P,,,https://x.com/BenDrillinaros/status/2057798935767384394,https://www.apprenticeship.gov/sites/default/files/webform/update_your_yaw_event_or_proclam/_sid_/05_22_2026_MEMETIC_EMOTIONAL_MEME_ENTITY_DOC.pdf,783c911,Shilin/artifacts/external_validation/raw_coin_metadata/BvaPgmWsKeJX2Q9vaLMm6dseh4WRPDmvJgTaeNhvpump.json
BwL6NyiQochitPUuit9TxGL5AAzzizaFcss845Lvpump,2026-06-08T21:40:01Z,True,H6v9njUmJSrUpfKGRc4x2yvqoe5Uc6YJTfqwGyZST7ui,,,https://x.com/Boundeeds/status/2064100117431607469,https://www.boundeeds.com/,783c911,Shilin/artifacts/external_validation/raw_coin_metadata/BwL6NyiQochitPUuit9TxGL5AAzzizaFcss845Lvpump.json
Bws22cU4sv6ocm1mjCSueNvqHnUrhgGQHxWadaxCpump,2026-05-16T13:46:58Z,True,J7TfL4CEG7NZEZgsGRDBSmzi9zd8rbUQEXQu6KAf3kZo,https://t.me/btc6900sol_channel,btc6900sol_channel,https://x.com/BTC6900SOL,https://bitcoin6900sol.fun/,783c911,Shilin/artifacts/external_validation/raw_coin_metadata/Bws22cU4sv6ocm1mjCSueNvqHnUrhgGQHxWadaxCpump.json
BxVUyUZyTKNGg4dqbapZ32p1E1exiCR43zH23pLpump,2026-06-10T17:38:35Z,True,BgcyQoWzwxX45VSqk4tKYp4BGaiZtkiFCJfJXsgwi5RP,,,https://x.com/blackardinal/status/2064764122189754611,,783c911,Shilin/artifacts/external_validation/raw_coin_metadata/BxVUyUZyTKNGg4dqbapZ32p1E1exiCR43zH23pLpump.json
BxmwkGu1dPFfpNoJr1ZzryWq2RQEHStdktptKc1apump,2026-06-03T03:23:25Z,True,9vndjYf12WvfKAGCcmqaQsnv8Yvh7izRWpd3cXQzrGHd,,,,,783c911,Shilin/artifacts/external_validation/raw_coin_metadata/BxmwkGu1dPFfpNoJr1ZzryWq2RQEHStdktptKc1apump.json
ByMXWErqT4XFEyaALJiLP7FWQAx3pesudofPAPf2pump,2026-06-09T03:25:42Z,True,Huk31koU9wKs4YoDer24gf8AMJSd8gEcx3oGonh27TgU,,,,,783c911,Shilin/artifacts/external_validation/raw_coin_metadata/ByMXWErqT4XFEyaALJiLP7FWQAx3pesudofPAPf2pump.json
BzfBLvkTthpH6HWZwsx3NEW2Byakocsc5Xp26dZCpump,2026-05-27T06:57:37Z,True,9FqNo3Ar2LypA8ib3rRUf5a3j6kvBA8kw4c8jod1rcuj,,,,https://www.counterstonk.fun/,783c911,Shilin/artifacts/external_validation/raw_coin_metadata/BzfBLvkTthpH6HWZwsx3NEW2Byakocsc5Xp26dZCpump.json
C12aNKSdfsBbDUbVSuK2hNBBhRHQWQDUMBnmqoFcpump,2026-06-08T15:32:59Z,True,ArHKNXhPEH7jT7MLK2Yk1oifYJnFbAcFAjSc6pgM5BPx,,,https://x.com/i/communities/2027076670889533775,,783c911,Shilin/artifacts/external_validation/raw_coin_metadata/C12aNKSdfsBbDUbVSuK2hNBBhRHQWQDUMBnmqoFcpump.json
C1HFxiM6KHcUwR7Np5YP2aN8siUVTJvojyC3kbsSpump,2026-05-12T16:03:01Z,True,4Zm6vvmN87LStg6xH5KZwPxtXxTe5XcKxjq5HrBMqzyi,,,https://x.com/lizardonbonk/status/2054230797217866121?s=20,,783c911,Shilin/artifacts/external_validation/raw_coin_metadata/C1HFxiM6KHcUwR7Np5YP2aN8siUVTJvojyC3kbsSpump.json
C1U24qJ5H21zzBByrieSiY9TX4UsdRugkTPKiB9ypump,2026-05-19T19:03:45Z,True,oHxNxNnzRa4nEZMee7R7amXpDJXNXWmzXk8kZG3wUys,,,https://x.com/WeAre26sol,https://www.weare26.io/,783c911,Shilin/artifacts/external_validation/raw_coin_metadata/C1U24qJ5H21zzBByrieSiY9TX4UsdRugkTPKiB9ypump.json
C1rAh55ejiET9cT8mzRbzjo1Yd7HLsJzSZGfypezpump,2026-06-04T18:00:08Z,True,9fMMwyM4uxET7kzxonBrFccHVfugjBbyeRP6r95XDdZk,https://t.me/liminalspaces_sol,liminalspaces_sol,https://x.com/liminalsol,,783c911,Shilin/artifacts/external_validation/raw_coin_metadata/C1rAh55ejiET9cT8mzRbzjo1Yd7HLsJzSZGfypezpump.json
C2WwvAbMSGJCziiAxxQ4cRMADx1LqzBfcSzS5e1Fpump,2026-05-30T22:56:36Z,True,59v7osZUvJJiuyxcy35w4R6WtYsfCEv66AuJmDMPcGeW,,,https://x.com/WhiteHouse/status/2060857877053526234,,783c911,Shilin/artifacts/external_validation/raw_coin_metadata/C2WwvAbMSGJCziiAxxQ4cRMADx1LqzBfcSzS5e1Fpump.json
C2hoPugb22znvnd1hDgvF2vqXKs9FvkVihxyHP3Xpump,2026-06-08T04:39:28Z,True,9UrugUBe1mV8rBvn9TDx7w4FEa16CRaJUjZ7y3ZjuDDt,,,,,783c911,Shilin/artifacts/external_validation/raw_coin_metadata/C2hoPugb22znvnd1hDgvF2vqXKs9FvkVihxyHP3Xpump.json
C42hD9jYfVPo9TP2KGcQMJ6ZEhtmbcgxovGZNs6npump,2026-05-15T14:04:11Z,True,BeAwCuXqoMx8GcyRghybGVjYEjAaRJptQKQCp8HC65WG,,,https://x.com/blankspeaker/status/2055287952528265233,https://github.com/xai-org/x-algorithm/blob/aaa167b3de8a674587c53545a43c90eaad360010/CODE_OF_CONDUCT.md,783c911,Shilin/artifacts/external_validation/raw_coin_metadata/C42hD9jYfVPo9TP2KGcQMJ6ZEhtmbcgxovGZNs6npump.json
C5BFWU6rGQ9hFcKV1XsDhH54BVaNp9nRZ3Curu9upump,2026-05-14T19:57:40Z,True,6YtQfcnWbY1wM4QShgSvogDhNNT9ZJD5tMLWihZYUDdn,,,https://x.com/nutcaseopinions/status/2055014531563225461,,783c911,Shilin/artifacts/external_validation/raw_coin_metadata/C5BFWU6rGQ9hFcKV1XsDhH54BVaNp9nRZ3Curu9upump.json
C5sg18RjR6vComfor8VM1qhRNVw63Z2Ye9oUHjEQpump,2026-05-20T03:39:52Z,True,Gwc3vuGYVYUtvL9Kss52w8vtYBbjet4zTpLfyfBd1t7U,,,https://x.com/i/communities/2018919578491888072,,783c911,Shilin/artifacts/external_validation/raw_coin_metadata/C5sg18RjR6vComfor8VM1qhRNVw63Z2Ye9oUHjEQpump.json
C64buj3yQXWCiNxHRA7tc3W2xQSP8hqHzGjrMHrpump,2026-05-20T15:14:15Z,True,8ZeDWEXFyhXnozuFYJcgWCorxEE2P8ffF4tNvo1GfHSB,,,https://x.com/WhiteHouse/status/2057103893079679026,,783c911,Shilin/artifacts/external_validation/raw_coin_metadata/C64buj3yQXWCiNxHRA7tc3W2xQSP8hqHzGjrMHrpump.json
C6Zb1E9YvhbRydQRpu47m2NNpy7NuQ8LkmA9j7PRjTEG,2026-05-23T19:33:57Z,True,FT9pPWmwmz2a3jehNTuLyHGXuTpFK9ZBVfuQUcm5ySH2,,,,,783c911,Shilin/artifacts/external_validation/raw_coin_metadata/C6Zb1E9YvhbRydQRpu47m2NNpy7NuQ8LkmA9j7PRjTEG.json
C8VpvoLzqe4EMGXs8rtPgYGLq9inLQbsk7QwrGCJpump,2026-05-23T18:17:59Z,True,AcxhHRsVSMHhEBrDPDfKt13ZRdeqU9RAPUHHpxFBVUmh,https://t.me/DolmoSOL,DolmoSOL,https://x.com/DolmoSOL,https://dolmosol.com,783c911,Shilin/artifacts/external_validation/raw_coin_metadata/C8VpvoLzqe4EMGXs8rtPgYGLq9inLQbsk7QwrGCJpump.json
C8dp22MAusgoLcZVnrdDdxcVd4JDfbYxrFDM7kxypump,2026-05-15T03:04:07Z,True,3dJpJiuNRH4SvjCRpAUf22VvTRk8bWNAsDrd1peQ1SDX,,,https://x.com/tdtcabal,https://x.com/cb_doge/status/2054927235761770958,783c911,Shilin/artifacts/external_validation/raw_coin_metadata/C8dp22MAusgoLcZVnrdDdxcVd4JDfbYxrFDM7kxypump.json
C8yaw7Wz3H572gSYNKcxixetKMPwW7Pz9padvbKbpump,2026-05-21T22:49:43Z,True,Fy7QDZxMB5fjtCx3eofmznRmhC5L6vSKJcMeQJ5J1Z5w,,,https://x.com/TheRohanVarma/status/2057594691730764076,,783c911,Shilin/artifacts/external_validation/raw_coin_metadata/C8yaw7Wz3H572gSYNKcxixetKMPwW7Pz9padvbKbpump.json
C9jebncmq16vegznKqpEWBWk1NaLnYBoXxMQqvbBpump,2026-05-15T13:27:06Z,True,BU6Hp6KE7krATMRrNYgVPv6RmaA4oUDjTB1q2CAJtNPX,,,https://twitter.com/elonmusk/status/2055277918633562153,https://github.com/xai-org/xai-cookbook/blob/01d842179c4c41c326bd8ce8aa65edce9c9c231d/examples/sentiment_analysis_on_x/guide.ipynb#L9,783c911,Shilin/artifacts/external_validation/raw_coin_metadata/C9jebncmq16vegznKqpEWBWk1NaLnYBoXxMQqvbBpump.json
CARxTy3MvtM2GSU8ZnniYc4aTw8gWg9erfkQfUtppump,2026-05-26T23:44:26Z,True,Ep1vCx2u7EsXHSyWJLcyTx1iFgtAHEKQ8FFNdh53nyKy,,,https://x.com/froggyradio,,783c911,Shilin/artifacts/external_validation/raw_coin_metadata/CARxTy3MvtM2GSU8ZnniYc4aTw8gWg9erfkQfUtppump.json
CAZpuNUyD3oLxbFcWk9oj1WRXYwcfd7XEeF8VJDCpump,2026-05-21T01:20:55Z,True,5HJ8FARbLkJbeQUaweW3DkJqvvLxYKvpW4e6RrfuVWmX,,,https://x.com/zitobondoor/status/2057270250513596738,,783c911,Shilin/artifacts/external_validation/raw_coin_metadata/CAZpuNUyD3oLxbFcWk9oj1WRXYwcfd7XEeF8VJDCpump.json
CBStjrbAryYTxYj1ygL8tWwFJDfePoEXX4GjqXmtpump,2026-05-21T10:07:07Z,True,FfoqqeUaCiHcAkb39M6rkvtL6AhXWG1wbhFz8FYRfHzE,,,https://x.com/PetalS0L/status/2057402774816518157?s=20,,783c911,Shilin/artifacts/external_validation/raw_coin_metadata/CBStjrbAryYTxYj1ygL8tWwFJDfePoEXX4GjqXmtpump.json
CBX2xFt8bFcp3sQ6phDw4UJu23Cry1VQLfbMUcXwpump,2026-06-07T01:14:51Z,True,3Qy52wv38aSGzQrej1iP1t295Kv6Zui2iS5efH3ns979,https://t.me/cmd404_sol,cmd404_sol,https://x.com/cmd404_sol,https://cmd404.click/,783c911,Shilin/artifacts/external_validation/raw_coin_metadata/CBX2xFt8bFcp3sQ6phDw4UJu23Cry1VQLfbMUcXwpump.json
CCcJz1GHpGBuppFrZKjmkXV291q83MhybQqZfapwpump,2026-05-22T16:18:51Z,True,AxLjD6nBNHSLigCnWKUE8tusPZk63QT1UgyVyZAPxs4X,,,https://x.com/TechCrunch/status/2057858680528437275,,783c911,Shilin/artifacts/external_validation/raw_coin_metadata/CCcJz1GHpGBuppFrZKjmkXV291q83MhybQqZfapwpump.json
CCf2fyff5NzomoC5WVWyrAeFtcH3W4U4Dspt7qyNpump,2026-05-16T14:10:22Z,True,9swPaLW4AZfzGvXDQcVVU1hWWxEfs2CntamPDTtiwGHg,https://t.me/arcancat,arcancat,https://x.com/arcancat,https://arcancat.one,783c911,Shilin/artifacts/external_validation/raw_coin_metadata/CCf2fyff5NzomoC5WVWyrAeFtcH3W4U4Dspt7qyNpump.json
CDUfiG2F4Hv7DbeqeFc786641UrgqCsVradKKSo4pump,2026-05-17T07:20:02Z,True,J8PbeEnPCrwFADz9ivPyjZhh13HEFAe7oVLm551qeic9,https://t.me/Croak_SOLAN,Croak_SOLAN,https://x.com/croak_solan,https://croak.cyou/,783c911,Shilin/artifacts/external_validation/raw_coin_metadata/CDUfiG2F4Hv7DbeqeFc786641UrgqCsVradKKSo4pump.json
CDoFKYWoiweBJxa6ZACimNb6UT2S6vY76J3wEqbQ5Q4k,2026-05-27T20:51:16Z,True,7KVdAzsHBaHunyjev1rULD4ymWJVpoWiytz6ydishjbu,,,,,783c911,Shilin/artifacts/external_validation/raw_coin_metadata/CDoFKYWoiweBJxa6ZACimNb6UT2S6vY76J3wEqbQ5Q4k.json
CDoFUKvZQesMokWp8kCVJTD76Z61JBuCbTtdwRL8FRcX,2026-06-03T22:19:34Z,True,HQuS5DiZRSU7gXXkT8hyVNK8aKSjYkHpDomo9o3drBx3,,,,,783c911,Shilin/artifacts/external_validation/raw_coin_metadata/CDoFUKvZQesMokWp8kCVJTD76Z61JBuCbTtdwRL8FRcX.json
CDwVJQDaoEtYUQo4SZX2vZQkohkLB77rHtKaYsxppump,2026-05-13T12:15:15Z,True,2Gf2jTkY9dAo6WQjJBfQUBKWozcZ5AgHwssxgHGPzjTc,,,https://x.com/09j8wu346bg2/status/2054535815452053723,,783c911,Shilin/artifacts/external_validation/raw_coin_metadata/CDwVJQDaoEtYUQo4SZX2vZQkohkLB77rHtKaYsxppump.json
CEFPWJeseuGZGj2fUjeeBemGjLxHveZpZXd9rymkpump,2026-05-28T15:05:26Z,True,3YU96UfGFmfP5oasHbFdaftVk1aYNe1doNGmuysTEwxy,,,,https://www.tiktok.com/@stillstandingbread/video/7644955641903090965?_r=1&_t=ZS-96jvAxa4tYw,783c911,Shilin/artifacts/external_validation/raw_coin_metadata/CEFPWJeseuGZGj2fUjeeBemGjLxHveZpZXd9rymkpump.json
CEsBxeDfTcxduK3XgHKnsArN6CA26PZhp9kPA42Hpump,2026-06-03T08:29:02Z,True,5img3K5pXi5n1hTn385R8q3McMTAkYg4MQkZQUzR75Pp,,,https://x.com/SolPokeTrump,https://poketrump.site,783c911,Shilin/artifacts/external_validation/raw_coin_metadata/CEsBxeDfTcxduK3XgHKnsArN6CA26PZhp9kPA42Hpump.json
CEviXvNz178C9MgL9Uy4KjFoTH37wiPbkLtgEARRpump,2026-05-16T12:53:38Z,True,F97usCoPsTDmHpyi6FHf76NCFKySWpcFEJsA7Rwqx3kc,,,https://x.com/nypost/status/2055632237014491459,https://trib.al/joEAoCd,783c911,Shilin/artifacts/external_validation/raw_coin_metadata/CEviXvNz178C9MgL9Uy4KjFoTH37wiPbkLtgEARRpump.json
CFj8o1y9636Q4RAZm86EkR54CMGPAFQa8KkDn4Fbpump,2026-05-25T17:18:47Z,True,2Td5KYUTPHsBSDcNH2PsrN5uXDk477Dsn72o7HAJpzCN,https://t.me/SYFRai,SYFRai,https://x.com/syfr_ai,https://syfrcoin.com,783c911,Shilin/artifacts/external_validation/raw_coin_metadata/CFj8o1y9636Q4RAZm86EkR54CMGPAFQa8KkDn4Fbpump.json
CH2xBJaZ92hNihzDU52qojzzUfyydRErKFFSeaYHpomp,2026-05-18T16:40:31Z,True,FzKaFDC7MhTEbovfdAZ4SY6rzAC3XZxGevuBUqpSFtw4,,,https://x.com/officialpompfun,,783c911,Shilin/artifacts/external_validation/raw_coin_metadata/CH2xBJaZ92hNihzDU52qojzzUfyydRErKFFSeaYHpomp.json
CHdGMhNZYUZ1RDQmoiQ7F71fJh4seeMfCyydtB8tpump,2026-05-12T02:50:20Z,True,49tS25MNKD34UTYxgpZYPLqAdQH3RfewbbgnFWrqMeuZ,,,https://x.com/HQNewsNow/status/2053866240771309867?s=20,,783c911,Shilin/artifacts/external_validation/raw_coin_metadata/CHdGMhNZYUZ1RDQmoiQ7F71fJh4seeMfCyydtB8tpump.json
CHjjcLLyxvpryNZrLPHM1vethyYwCtWWdxHkqzyVpump,2026-05-26T04:28:10Z,True,9Djwcuy2p3YLi4w8JLPbuor452xXGntMgR3pm4TSZkSM,,,,https://blue-sky.lol/,783c911,Shilin/artifacts/external_validation/raw_coin_metadata/CHjjcLLyxvpryNZrLPHM1vethyYwCtWWdxHkqzyVpump.json
CJcXEbjvQGBg44gS3Bp5HcV9JhSVSLJo1ENzWddTpump,2026-06-08T08:46:48Z,True,14DtTNBo441ifFKAHMajipN6JFicLie4KpbWPbbBXjCz,https://t.me/sunnypumpfun,sunnypumpfun,https://x.com/sunny_soldev,https://sunnymeme.click,783c911,Shilin/artifacts/external_validation/raw_coin_metadata/CJcXEbjvQGBg44gS3Bp5HcV9JhSVSLJo1ENzWddTpump.json
CKAunZoRsPMhmyPWrVCjLRd1Dv5iGaS3DnbRo1Topump,2026-05-19T12:49:24Z,True,4za6WadqBJDPXvkfh3LEsqq3x5jWVn1UNa5KDtVkLwc3,https://t.me/THE_MUMU_SOL,THE_MUMU_SOL,https://x.com/THE_MUMU_SOL,https://themumu.top/,783c911,Shilin/artifacts/external_validation/raw_coin_metadata/CKAunZoRsPMhmyPWrVCjLRd1Dv5iGaS3DnbRo1Topump.json
CKV7CmAnsk5KoVgyt1ZLXLbsKxJg8Rn6PWfsP29ypump,2026-05-15T15:53:00Z,True,J7pCBCPddDrGXCYuY1MGvGjo4Th3GqkWVoyePNko8hdn,,,https://x.com/solana_ai/status/2055312193290166366,https://x.com/solana_ai,783c911,Shilin/artifacts/external_validation/raw_coin_metadata/CKV7CmAnsk5KoVgyt1ZLXLbsKxJg8Rn6PWfsP29ypump.json
CKgYLy6Ag2RyJQP6zRfE7mY2EK5xAw4hKZu7613Rpump,2026-06-01T00:04:10Z,True,55r2y6BBZdJzYyZYfWzGbLKF7C3M1VkBa7gcCrs3W9ds,,,https://x.com/GaylonMuskSol,,783c911,Shilin/artifacts/external_validation/raw_coin_metadata/CKgYLy6Ag2RyJQP6zRfE7mY2EK5xAw4hKZu7613Rpump.json
CKiLTZny7hLh8n8CDutYvNNqc6s5HFKfFRQ67KVKpump,2026-06-02T03:00:29Z,True,3we7SjkAtDAjgY7Rx2Hjn3vvq6nM7RxHTmXgyGkXAFPb,,,,,783c911,Shilin/artifacts/external_validation/raw_coin_metadata/CKiLTZny7hLh8n8CDutYvNNqc6s5HFKfFRQ67KVKpump.json
CLrnsoHD1wXjFrAq82DmiuqayqLZW9YAH1qJ2EiJpump,2026-05-31T11:46:10Z,True,CQK57fwSjSaXevyZGhDTArwfFM9YJGU35aWvQ3UeKr6o,,,,,783c911,Shilin/artifacts/external_validation/raw_coin_metadata/CLrnsoHD1wXjFrAq82DmiuqayqLZW9YAH1qJ2EiJpump.json
CLvqTFi16ptkhFLJjZdHyVjouef8aPaqugjYGhURpump,2026-05-25T06:08:39Z,True,5Wn4gdRvFBfbvGC6tXLrJH4PZSJcfXnWMihwpZzQCAgV,,,https://x.com/AmericaIsRich,,783c911,Shilin/artifacts/external_validation/raw_coin_metadata/CLvqTFi16ptkhFLJjZdHyVjouef8aPaqugjYGhURpump.json
CMFSXejZwEf4BypbVeeuQqEuzHDrqki5qJdoyY8Upump,2026-06-06T21:10:09Z,True,CHcupap9o2soyDhcDGfnKpkj4EnjSyECKWn6wf9Mrs57,,,https://x.com/pumpclipsx/status/2063367831811494086?s=20,https://pumpclips.org/,783c911,Shilin/artifacts/external_validation/raw_coin_metadata/CMFSXejZwEf4BypbVeeuQqEuzHDrqki5qJdoyY8Upump.json
CMJw9N2zDiaCXgSzRwDtZZveuzmyXMv2UgUTSGTPpump,2026-05-14T11:49:59Z,True,9y7op5tfe28rrzLqmeb5yACbo59tRe9vvPrQidF1SRa1,,,https://x.com/SafeMoonTokenX,,783c911,Shilin/artifacts/external_validation/raw_coin_metadata/CMJw9N2zDiaCXgSzRwDtZZveuzmyXMv2UgUTSGTPpump.json
CMhX5BBytXfDuQ3Yvw63YWXXVePCZFWTS4CNu7Nupump,2026-06-07T04:51:13Z,True,BzRS5XrVhxzr6ZPaUzuaaffRnHVs15F3uMaZtxqL6zKq,,,https://x.com/StupidHouseSol,,783c911,Shilin/artifacts/external_validation/raw_coin_metadata/CMhX5BBytXfDuQ3Yvw63YWXXVePCZFWTS4CNu7Nupump.json
CNraxbUfLJLbTPV7RuwZanygNN49vz1P3reNqyx9pump,2026-05-22T02:03:04Z,True,HjmTejFo7dq4J34mbcuLVWwuvrvCFyBqvgVTTey1abmH,,,https://x.com/meechie/status/2057643315290366050?s=46,,783c911,Shilin/artifacts/external_validation/raw_coin_metadata/CNraxbUfLJLbTPV7RuwZanygNN49vz1P3reNqyx9pump.json
CQLRgHND9E4K4ed8xPAmhyQY61EgLmsUqTN5MDFcpump,2026-05-16T05:03:14Z,True,HgSLqfy1pKpV1ubSJLJzfG8MBpxNWfibmpW6jMqYwb16,https://t.me/drake_community,drake_community,https://x.com/DrakeBTC_sol,https://btcdrakesol.fun/,783c911,Shilin/artifacts/external_validation/raw_coin_metadata/CQLRgHND9E4K4ed8xPAmhyQY61EgLmsUqTN5MDFcpump.json
CSN3jA3hscJfhLGM97pw4hfXjJMyH9HLDAc19ECxpump,2026-05-18T20:16:52Z,True,2rizLqwPV4v2RDLZJoarbSg4sk7Xja8Niv5ofyinCVLd,,,https://x.com/hausdorffapp,https://pythagorean.app/,783c911,Shilin/artifacts/external_validation/raw_coin_metadata/CSN3jA3hscJfhLGM97pw4hfXjJMyH9HLDAc19ECxpump.json
CShjqnojopMmPwoGepNP4rU9vmte3WCTP1g3o3m7pump,2026-05-31T17:23:17Z,True,5kyTKxR4EYpVeMkTuFbCHg8KiiFJE8bFqT3Uj9u12CK1,,,https://x.com/0xSavior/status/2061136410904866977,,783c911,Shilin/artifacts/external_validation/raw_coin_metadata/CShjqnojopMmPwoGepNP4rU9vmte3WCTP1g3o3m7pump.json
CSinLSYvruvNaPkp2GYuFwoX1kmJxpMzVfNuDNMhpump,2026-05-13T15:04:01Z,True,AXnHLaKemtUS7WkqDa7KZtoaH9GBvqz5knCnMt2J8Rt4,,,,https://www.instagram.com/p/DYSH7bIGx_r/,783c911,Shilin/artifacts/external_validation/raw_coin_metadata/CSinLSYvruvNaPkp2GYuFwoX1kmJxpMzVfNuDNMhpump.json
CSo6otzXzQ3AbsjiRmUm2xcNbhiyTEZYe7YKBf3Ypump,2026-06-06T19:47:22Z,True,3jmMhkdBkUvLjJmENDPZvo5MNHUKvkci9JrFRejnHmSZ,,,https://x.com/n1721203925204/status/2063347033461665874,https://www.youtube.com/watch?v=G6GNuWL34KU,783c911,Shilin/artifacts/external_validation/raw_coin_metadata/CSo6otzXzQ3AbsjiRmUm2xcNbhiyTEZYe7YKBf3Ypump.json
CT9QsNmThWrDZdzZHJYcrjvUycskd2KNeUuLPsc3ARgz,2026-05-31T17:31:30Z,True,CmmRo1hHjDZAjmanX8BZ96BGxPN7mG1bycj1ov48sthW,,,https://x.com/n1721203925204/status/2061138093336359102,,783c911,Shilin/artifacts/external_validation/raw_coin_metadata/CT9QsNmThWrDZdzZHJYcrjvUycskd2KNeUuLPsc3ARgz.json
CUdwRcEH2fqEuKQkALbHzpv81XUKbEamCEPreHSBpump,2026-05-31T20:56:47Z,True,AiHGY4SQJN3xVUfVRehhpQinvGgsMsWVaMAuswxG7qab,,,https://x.com/GaynaldTrumpSol,,783c911,Shilin/artifacts/external_validation/raw_coin_metadata/CUdwRcEH2fqEuKQkALbHzpv81XUKbEamCEPreHSBpump.json
CVSrMzyST8dnAdJ3Hpz5XH3sD2y6wxxL6gqnXmHopump,2026-06-06T16:24:05Z,True,F1u8R61G6xWvNs8B1w8uRcedRMh6i8QE5VoyXDZ7iMQ2,,,,,783c911,Shilin/artifacts/external_validation/raw_coin_metadata/CVSrMzyST8dnAdJ3Hpz5XH3sD2y6wxxL6gqnXmHopump.json
CVg7AnS9hhGurL3b7vZDGcG4UiGtic4sVUbtyYHkpump,2026-05-18T17:36:04Z,True,EygUbiea6yYkKUHhgskDW3LbABsTmwfDbUFYf9uU7WFu,,,https://x.com/chiggaquant/status/2056428553818800302?s=20,,783c911,Shilin/artifacts/external_validation/raw_coin_metadata/CVg7AnS9hhGurL3b7vZDGcG4UiGtic4sVUbtyYHkpump.json
CW5sVPgJKh1p22CzQS7csFCPHZTtq5X9PWB3pbvopump,2026-06-05T03:10:20Z,True,ApLSY63mkS8hUNDhRQGS8vVxCvmTy5CX3AxpokCWRMod,,,,,783c911,Shilin/artifacts/external_validation/raw_coin_metadata/CW5sVPgJKh1p22CzQS7csFCPHZTtq5X9PWB3pbvopump.json
CWo8ufSQZWUSzWpwWs8gbhCKwAD5MoYKWy7ft8m3pump,2026-06-02T04:13:56Z,True,27KEBkbh1QALKb7bBAxiJdXgVNwFAzqGoeMkoztT1Enh,,,,,783c911,Shilin/artifacts/external_validation/raw_coin_metadata/CWo8ufSQZWUSzWpwWs8gbhCKwAD5MoYKWy7ft8m3pump.json
CWxMfiuCBUcwGTwPk3xXk8TZtjLFKV5qF6qxKKWpump,2026-05-30T02:28:32Z,True,AVU3sDHxmvXc21UXU3wuuVr4W9v58HbwmNxmZ94qqBGq,,,https://x.com/SnazzyLabs/status/2060157313760350426,,783c911,Shilin/artifacts/external_validation/raw_coin_metadata/CWxMfiuCBUcwGTwPk3xXk8TZtjLFKV5qF6qxKKWpump.json
CXMzbWvVbnCySCmMcCC6LydeT7GSHRHUYPGt7RHHpump,2026-06-08T20:21:45Z,True,8rXwKNqKXkRZySk3SMLEP3Jfg84gfZaHVSM4TueSYT6i,,,https://x.com/Formula1/status/2064080337941262422,,783c911,Shilin/artifacts/external_validation/raw_coin_metadata/CXMzbWvVbnCySCmMcCC6LydeT7GSHRHUYPGt7RHHpump.json
CXRkx6pZGDR3XrJTbMZpKsv84EY13mbpcR4RRbJSpump,2026-05-19T07:47:18Z,True,ShyFnhRk2U7CPRzKyJnZR1zKbQ9oufgnfu19t5SusWe,https://t.me/PETROSOLANA,PETROSOLANA,https://x.com/Petro_meme,https://petrosol.best/,783c911,Shilin/artifacts/external_validation/raw_coin_metadata/CXRkx6pZGDR3XrJTbMZpKsv84EY13mbpcR4RRbJSpump.json
CXiD9GWgnCwJW4zPxAyRbsNiGXN1A4Nzs5mHRgeUpump,2026-05-28T14:58:10Z,True,BZJCS4b7nyCQPB4pCGfdkcdnDM92r3s5f9kyDbALXhhx,,,,https://youtu.be/xOsDpdxvn7A,783c911,Shilin/artifacts/external_validation/raw_coin_metadata/CXiD9GWgnCwJW4zPxAyRbsNiGXN1A4Nzs5mHRgeUpump.json
CY9LsdQLcFTpD2SvBvWCYKe85hwxAaDE8FPwsK2opump,2026-05-17T07:10:05Z,True,7CYpJ1CYtKDKKVtnFUJFCUtHkyjySBYjq6zjeCUrsAR8,,,https://x.com/Zeeko_Sol/status/2055908687986704521,https://x.com/search?q=%E3%83%91%E3%83%B3%E3%83%81%E3%81%8F%E3%82%93&src=recent_search_click,783c911,Shilin/artifacts/external_validation/raw_coin_metadata/CY9LsdQLcFTpD2SvBvWCYKe85hwxAaDE8FPwsK2opump.json
CZwf2opdbBbq1Ey6JRVBkMAcqd111JVbZ63Zz74Gpump,2026-06-08T21:15:42Z,True,C1Dx1cdwi2xEd6Y6E3tDsAEmCwQKPimreBZB5zDUXfS4,,,https://x.com/boysclubcoin?s=11,,783c911,Shilin/artifacts/external_validation/raw_coin_metadata/CZwf2opdbBbq1Ey6JRVBkMAcqd111JVbZ63Zz74Gpump.json
CaZkXZxJNWnf1kKHDxP6fLtqKcMWF1hj1UcQqi2Hpump,2026-05-27T13:17:04Z,True,CX6nNKhFjcdxft4PVpSG9ha5ytaRKN4ANcmzXoTXUWab,,,https://x.com/SOLX402_up/status/2059623146035323330,https://www.youtube.com/watch?si=J6LvQWCWcU_DVHNW&t=49&v=11hbMLimXoE&feature=youtu.be,783c911,Shilin/artifacts/external_validation/raw_coin_metadata/CaZkXZxJNWnf1kKHDxP6fLtqKcMWF1hj1UcQqi2Hpump.json
CdwVUxoJvNgeyS88nqDQxeYqzThN5RL5yqt5LeThpump,2026-05-24T06:06:11Z,True,FiJ41tYbujeoQfkSxYYmZh6Es3FmJh6Pzo1At4uuQph2,https://t.me/nickiminajcgo,nickiminajcgo,https://x.com/NickiMinajCGO,https://nickiminajcgo.fun/,783c911,Shilin/artifacts/external_validation/raw_coin_metadata/CdwVUxoJvNgeyS88nqDQxeYqzThN5RL5yqt5LeThpump.json
CeMqSqGCoVV1CcF8MmA8meEFG3qNM1f3qDBrm82upump,2026-05-14T17:31:04Z,True,9t4GizpggFoFVmdqTZpvnVwhRpQ4k3gacqwrkd75D1uA,,,https://x.com/idrawsol/status/2054977735412400413,https://pvecoinsol.fun,783c911,Shilin/artifacts/external_validation/raw_coin_metadata/CeMqSqGCoVV1CcF8MmA8meEFG3qNM1f3qDBrm82upump.json
CeTWbm3h8Jcxfazpkdrn861tqtQi3RTAVN2LBrmcpump,2026-05-16T14:55:01Z,True,87cF7N8x2qMn4UDYKdJbMZ3WLUmk9j7BDfmtmyXB6Rkc,https://t.me/soloman_sol,soloman_sol,https://x.com/solomansol,https://soloman.cc,783c911,Shilin/artifacts/external_validation/raw_coin_metadata/CeTWbm3h8Jcxfazpkdrn861tqtQi3RTAVN2LBrmcpump.json
CfgBHdArbKqGHSwbtcvMbvJjNhvyFYuiDLxiW5eDpump,2026-05-31T13:37:23Z,True,9N5Hc2aAK9KHFqNr7nNtFk1a4XhdweMKRsjhtHQgJVwQ,https://t.me/goblingate,goblingate,https://x.com/Goblingate,https://goblingate.click/,783c911,Shilin/artifacts/external_validation/raw_coin_metadata/CfgBHdArbKqGHSwbtcvMbvJjNhvyFYuiDLxiW5eDpump.json
CfjHgLqLodAeXa2enj8969FUCvN2AcSViKqWS3XXpump,2026-05-30T15:49:46Z,True,ES2M5kkAnJErYHnzfuLkBE7gR7Eegjshcfe8kxtMnhMz,,,,,783c911,Shilin/artifacts/external_validation/raw_coin_metadata/CfjHgLqLodAeXa2enj8969FUCvN2AcSViKqWS3XXpump.json
CgC6xjn6LiusCajuBYCQVteqHK4Ufec87RBpMfjbpump,2026-05-30T05:15:21Z,True,Gt9wMWSUpWdvf297SnWcjPFFUx7h9HVFBUf6X2cVrMp3,,,,,783c911,Shilin/artifacts/external_validation/raw_coin_metadata/CgC6xjn6LiusCajuBYCQVteqHK4Ufec87RBpMfjbpump.json
Cgof8nMHhoxEqpLSCsrKuXdasAfVY1FrrgcwR4hApump,2026-05-23T13:38:33Z,True,GywTC78mLEAe2yDVimAR8J2V77zBzcX5ksYdM39BKu6N,,,https://x.com/WhiteCoatWaste/status/2058178005403303953,https://x.com/WhiteCoatWaste,783c911,Shilin/artifacts/external_validation/raw_coin_metadata/Cgof8nMHhoxEqpLSCsrKuXdasAfVY1FrrgcwR4hApump.json
ChmAHNvbZKgPQ839NNByEfjEEasRpukotfaCTxHmpump,2026-05-22T20:14:08Z,True,9e2sTknSwiQvWqt83SC54GEi1S8h2Q7mJptsi4trvfMs,,,https://x.com/anitamaxwyyn/status/2057911019486556659?s=20,,783c911,Shilin/artifacts/external_validation/raw_coin_metadata/ChmAHNvbZKgPQ839NNByEfjEEasRpukotfaCTxHmpump.json
CjMRbwzntPpE8LNQtWDNdGQf7yoSHVJYzMRcUtj5pump,2026-05-15T19:13:22Z,True,8chUqsAhcjFBcPumqd2tRLVUaRigzbQ4ixsHWNZkLGrC,,,https://x.com/tradfi/status/2055357170515100021,https://www.tradingview.com/symbols/NASDAQ-SPACEX/,783c911,Shilin/artifacts/external_validation/raw_coin_metadata/CjMRbwzntPpE8LNQtWDNdGQf7yoSHVJYzMRcUtj5pump.json
Cjo46uRW2yeF2uXLn2phrVZZyZ1sfnrMNutfrhZopump,2026-05-24T18:22:12Z,True,FMT7qeayftbQteCWbNmZWmHpEojjVzLBLtfkFUHWRP8h,,,https://x.com/ZachZelle,https://dm.fun/,783c911,Shilin/artifacts/external_validation/raw_coin_metadata/Cjo46uRW2yeF2uXLn2phrVZZyZ1sfnrMNutfrhZopump.json
Cjp1Cjn3KMzbNikbUBuGqgbW8hxzVyy7RPDhuyMqpump,2026-06-04T17:36:53Z,True,J2HecX82gQFpqqioTJv6Hhj6wYDohZC6EkEimRHcDjLn,,,https://x.com/phantom/status/2062585536729223445,https://x.com/search?q=3%20sol%20and%20a%20dream&src=typed_query&f=live,783c911,Shilin/artifacts/external_validation/raw_coin_metadata/Cjp1Cjn3KMzbNikbUBuGqgbW8hxzVyy7RPDhuyMqpump.json
Ckj4kzWwc82BGFcnvdVN3rZLgU5GJT1KptyUewR4pump,2026-06-06T19:31:10Z,True,EqnGfyBm4TtuHBDmXTrCDoaWKAJ6cy2rhUBa6UnAE5Kf,,,https://x.com/elonmusk/status/2063333492449009867,https://www.wsj.com/health/wellness/us-fertility-rate-impact-f8024b33?st=j9Tbii,783c911,Shilin/artifacts/external_validation/raw_coin_metadata/Ckj4kzWwc82BGFcnvdVN3rZLgU5GJT1KptyUewR4pump.json
Cm2cEK8TvnJQrTbb6SPjeKuojCw4MzhphJx1fUkZpump,2026-06-06T15:03:13Z,True,2j56cuWW5uwXR3c7VU6R6gVt4jZJsEkXZa5TUBi13UcA,,,,,783c911,Shilin/artifacts/external_validation/raw_coin_metadata/Cm2cEK8TvnJQrTbb6SPjeKuojCw4MzhphJx1fUkZpump.json
CmZW9itGvfxktRT3yJ3HAzHjfobf2VPvzkx1Rbxpump,2026-06-01T19:50:59Z,True,DrcVpDdXGVBHMCr4Vn9kbcypZwchh3zHkMaRasvcSnLf,,,https://x.com/deployerdotrun,https://deployer.run,783c911,Shilin/artifacts/external_validation/raw_coin_metadata/CmZW9itGvfxktRT3yJ3HAzHjfobf2VPvzkx1Rbxpump.json
Cns7EuCZM3pMnkndXQXSyL7bkVvFtee9fpbURopapump,2026-06-05T16:20:05Z,True,A4VAcjJyvBDwTFGXeMxdHG66TyLg6Ejg2EzQi5RXtFoA,t.me/SAVETHELIFEPUMPFUN,SAVETHELIFEPUMPFUN,https://x.com/LolaPatolla/status/2062526252204892279,https://savethelife.us/,783c911,Shilin/artifacts/external_validation/raw_coin_metadata/Cns7EuCZM3pMnkndXQXSyL7bkVvFtee9fpbURopapump.json
CoCbECDE8837tEhGgAnjuQfPtHS3wd7WRnhGfzPMpump,2026-06-01T08:44:15Z,True,3eKNT4cpxVBji6bWBiVsKMSeFEcqCC99S9yr9T2iF25N,,,,,783c911,Shilin/artifacts/external_validation/raw_coin_metadata/CoCbECDE8837tEhGgAnjuQfPtHS3wd7WRnhGfzPMpump.json
Coie3kiQVieJuhXsnT72DfyVuvJPYwMf7HegTY8Bpump,2026-06-01T11:30:57Z,True,CJRpy8xreR91mP6iJmz6uFForYnQZpvcxxBRQ43cTuTX,,,https://x.com/g0pumpme/status/2061409920994664863,https://www.gopumpme.lol/,783c911,Shilin/artifacts/external_validation/raw_coin_metadata/Coie3kiQVieJuhXsnT72DfyVuvJPYwMf7HegTY8Bpump.json
CokJiRjbvH6JecjPZZfm4LyVaAUtCSMRjjpCBmzzpump,2026-05-19T03:15:05Z,True,8B1iAvt3QJHm32fQ8X8CyqYV1X7G6rReTQFgZxSQpJLg,,,,https://wearefriends.xyz/,783c911,Shilin/artifacts/external_validation/raw_coin_metadata/CokJiRjbvH6JecjPZZfm4LyVaAUtCSMRjjpCBmzzpump.json
CotmxNNE85WeyFr5xvzJksEZhLctqhD9uzFFbkHCpump,2026-05-26T22:07:14Z,True,4eqkDY4CsvzLeX85GEhnt2RPzCf2p2TiX8j8hNgQYmtb,https://t.me/EveryoneIsLying,EveryoneIsLying,https://x.com/MoneySOL,https://lies.money,783c911,Shilin/artifacts/external_validation/raw_coin_metadata/CotmxNNE85WeyFr5xvzJksEZhLctqhD9uzFFbkHCpump.json
CowyrEtbMX5oT211m3u9ayaBcTknsP2wh2zMWghbpump,2026-05-13T03:39:06Z,True,4kvhgLcrigN6mBAxApcRd8tRqGrSYLSdQuyw2VhEWxP9,https://t.me/DadcoinPortal,DadcoinPortal,https://x.com/dadcoinx,https://dadcoinofficial.com/,783c911,Shilin/artifacts/external_validation/raw_coin_metadata/CowyrEtbMX5oT211m3u9ayaBcTknsP2wh2zMWghbpump.json
CpPg5CXMaVtC3tKETru8sMCdFKsiavLozGRyhH3upump,2026-06-04T10:27:08Z,True,GY1xCvXB7pj142r2siiobkLZHJqeVQfuEfCFQ16vnaii,https://t.me/BOOCATDEV,BOOCATDEV,https://x.com/BOOCATDEV,https://boocat.best/,783c911,Shilin/artifacts/external_validation/raw_coin_metadata/CpPg5CXMaVtC3tKETru8sMCdFKsiavLozGRyhH3upump.json
Cpn5RvSKMduMTykDggqSAg7BhNDGr2QXsTCJGZXQpump,2026-06-03T20:00:52Z,True,Dht7pDyjogKTBw9XNGtVSs2WyB1ZdSqvpqn1DwsNVSap,https://t.me/pokeburn,pokeburn,https://x.com/PokeBurnSol,https://pokeburn.cards/,783c911,Shilin/artifacts/external_validation/raw_coin_metadata/Cpn5RvSKMduMTykDggqSAg7BhNDGr2QXsTCJGZXQpump.json
CprXXTBiexenUzNRzjVB5e9hxDwBFybTHqhdNeRjpump,2026-05-26T18:33:05Z,True,43BgLxZGFgz9MboUi71J7heyJNE93H9airbLioWQws4S,,,https://x.com/ChubbyElon,https://chubbyelon.lol,783c911,Shilin/artifacts/external_validation/raw_coin_metadata/CprXXTBiexenUzNRzjVB5e9hxDwBFybTHqhdNeRjpump.json
Cq1jEXFbYcCpdMGqyxk3fWnJzdJsyQt1Ux9vBsWPpump,2026-05-27T06:10:04Z,True,7gdpGmsEHr35MM3XHFhwGsydvoN7K8YuBVCsnYYfPw42,,,https://x.com/richdog_X,https://www.richdogsol.cc,783c911,Shilin/artifacts/external_validation/raw_coin_metadata/Cq1jEXFbYcCpdMGqyxk3fWnJzdJsyQt1Ux9vBsWPpump.json
Cqdsb45qVEKUDa8jrJCyhjsnKqGpagYuGxbSHH4pump,2026-06-08T21:40:12Z,True,EJpMVTEzgRCkrS6M5RXSQ6c1gZotS8sGCtZy3X6MsLt8,,,https://x.com/nabulines/status/2064099274657522050,,783c911,Shilin/artifacts/external_validation/raw_coin_metadata/Cqdsb45qVEKUDa8jrJCyhjsnKqGpagYuGxbSHH4pump.json
CrjAFUG78otnbSdD8rhmrWu9h9ukMN2CA4t1XA8zpump,2026-05-20T20:23:55Z,True,8ZX8WCKJWSuY4uXLtwbjn3pfpcqUFGWfE5WNcgmbZKE3,,,https://x.com/FitnessCoin_X,,783c911,Shilin/artifacts/external_validation/raw_coin_metadata/CrjAFUG78otnbSdD8rhmrWu9h9ukMN2CA4t1XA8zpump.json
Csk8EcNQJ41ouCAG9sc5BbDZdZG9RNZeRUaGKSwcpump,2026-05-14T07:58:26Z,True,8cKvxKNPBqbdhj6bEfQu9vS1Y5Zs4NZJHDMD64YKx5a4,,,,,783c911,Shilin/artifacts/external_validation/raw_coin_metadata/Csk8EcNQJ41ouCAG9sc5BbDZdZG9RNZeRUaGKSwcpump.json
CuAgWRcsKuNBoXLvytiRc1BQ4yF19gcxkX8ufmHNpump,2026-05-20T13:11:06Z,True,2h1UhNouxWu8q3cFsmztENNQmeVx41n7a6jDBWrNTh69,,,,,783c911,Shilin/artifacts/external_validation/raw_coin_metadata/CuAgWRcsKuNBoXLvytiRc1BQ4yF19gcxkX8ufmHNpump.json
CujZ5W6GWYb5XYe3hsTJ6kjiaw5MdZjbKQEuGA6jpump,2026-06-08T03:59:18Z,True,9GQQWEY1iAhCaTLKApgSZZUoSF5ev6FKFi39B4yfDStL,,,https://x.com/PumpGoGame,https://pumpgo.games/,783c911,Shilin/artifacts/external_validation/raw_coin_metadata/CujZ5W6GWYb5XYe3hsTJ6kjiaw5MdZjbKQEuGA6jpump.json
CuyzQ42NB7QVQf4HGjZNNtEm1PKndCSKCQdQ91Wqpump,2026-05-27T15:48:16Z,True,8Yn9MFBXpCpyJRskZYwocVLdcfnZrNWDByEgx7K3NrYD,,,https://x.com/Raise_Shields/status/2059661560486756805,https://www.raise-your-shields.xyz/,783c911,Shilin/artifacts/external_validation/raw_coin_metadata/CuyzQ42NB7QVQf4HGjZNNtEm1PKndCSKCQdQ91Wqpump.json
CvNCUoGSR79JARLNrz8k2manFFEu6HYDKDfjqATHpump,2026-05-16T07:44:05Z,True,F6a4ThWCDjZGVFWFMsrBCB4kaEabW3wmXFavJHc5Ehvf,,,https://twitter.com/elonmusk/status/2055554751346151475,https://axiom.trade/@sellhigh,783c911,Shilin/artifacts/external_validation/raw_coin_metadata/CvNCUoGSR79JARLNrz8k2manFFEu6HYDKDfjqATHpump.json
CvPrreLgpZ9tjjoyk8qAwiAFvuEXooU7wL25hanApump,2026-06-09T10:14:05Z,True,Gc5npgagnWZonKjkuRqMLMxyYbJzirRAw7fFn6jJnwe8,t.me/matchdaycoin,matchdaycoin,x.com/matchdaycoin,https://matchdaycoin.com,783c911,Shilin/artifacts/external_validation/raw_coin_metadata/CvPrreLgpZ9tjjoyk8qAwiAFvuEXooU7wL25hanApump.json
CvU79eUBoECYLs3sCVxTr8wsMkVH532s9DMvfKn6pump,2026-05-15T18:17:52Z,True,8rF65EHVsXtKin7RXuUhjvTtnfA4tWNALG2BN2Jy2h4,https://t.me/AXISOLANADEV,AXISOLANADEV,https://x.com/AXI_SOLANA,https://axoparty.top/,783c911,Shilin/artifacts/external_validation/raw_coin_metadata/CvU79eUBoECYLs3sCVxTr8wsMkVH532s9DMvfKn6pump.json
CwKfCWfLQAoVXrdZdY69aYDozdPABgzsXKno6ViFpump,2026-05-16T17:51:11Z,True,5k9mcPQvZQzC4Jd28VJNjVvAZf1Ei67qBaynpVME2seq,https://t.me/BABYWHALEmem,BABYWHALEmem,,,783c911,Shilin/artifacts/external_validation/raw_coin_metadata/CwKfCWfLQAoVXrdZdY69aYDozdPABgzsXKno6ViFpump.json
CwZMKgig8oiVLQY6LTG9w6y3JCmQmFBFea56cTxBpump,2026-05-19T19:07:27Z,True,DdjWx1Zr8FmeguhbwB5Sjjum7rkiHGVFxNPUZQDLbSGz,,,https://x.com/ShaneStoffer,,783c911,Shilin/artifacts/external_validation/raw_coin_metadata/CwZMKgig8oiVLQY6LTG9w6y3JCmQmFBFea56cTxBpump.json
CwazaN29yqrJqgPfimzMunvdvETYEKgVcgpkCv7jpump,2026-05-19T20:15:31Z,True,JC7JDbKePBhNWVaf7vnomgm7u1awgVSmHAnfnrhzVW5w,https://t.me/spacexdoge_sol,spacexdoge_sol,https://x.com/SpaceXDoge_SOL,https://spacexdoge.online/,783c911,Shilin/artifacts/external_validation/raw_coin_metadata/CwazaN29yqrJqgPfimzMunvdvETYEKgVcgpkCv7jpump.json
CxcjnqoWxtyx8sysj8qeQVoxDxhJXukLsYVGVQPLpump,2026-06-01T12:37:44Z,True,1xtuLytHoVJSkeiCFBwwDMs9oMDMgXVzBKpBo21kQA7,https://t.me/dotz_coin,dotz_coin,https://x.com/dotz_coin,https://dotzcoin.click,783c911,Shilin/artifacts/external_validation/raw_coin_metadata/CxcjnqoWxtyx8sysj8qeQVoxDxhJXukLsYVGVQPLpump.json
Cy5F3dckvCAQ5NeLs3REpjKvoshYBey9HLLVhqyVpump,2026-05-18T00:51:12Z,True,AkovuLGpkVXJZF9g8FZjRDreq6LurZTKoBGVQTHG3oyo,,,https://x.com/3x777x/status/2056175716845371827?s=20,,783c911,Shilin/artifacts/external_validation/raw_coin_metadata/Cy5F3dckvCAQ5NeLs3REpjKvoshYBey9HLLVhqyVpump.json
Cyhfker3XnPXdu4pYZMZZVZWuCfsAVJpDKrGQFQ8pump,2026-05-23T21:23:04Z,True,BoHExhfx57rQZRz56QDzhLeyKhC81AwuJdV78BMrgmcN,,,https://x.com/playir,https://playir.net,783c911,Shilin/artifacts/external_validation/raw_coin_metadata/Cyhfker3XnPXdu4pYZMZZVZWuCfsAVJpDKrGQFQ8pump.json
CzDdjj21JDkYJ7ESyFYMXNjnpvy7qJrxpzAVEqNepump,2026-05-14T05:08:57Z,True,3LpZX8PUhTKZ6dNEabSouKTy51nevAErf1HBBR2h9Vbv,,,https://x.com/DaiDai2026WC,https://daidai26.club,783c911,Shilin/artifacts/external_validation/raw_coin_metadata/CzDdjj21JDkYJ7ESyFYMXNjnpvy7qJrxpzAVEqNepump.json
D2WtV5Jpb1yVcDfJLAhUaS5DLN1J3Rb3LDFYrRBrpump,2026-06-02T12:54:50Z,True,CxX9yodvKkUDykdVs1ptq3gWZgbUC9PGtvM4RXTtjmT3,https://t.me/trendbot_channel,trendbot_channel,https://x.com/TrendBotSOLX,https://trendbot.online/,783c911,Shilin/artifacts/external_validation/raw_coin_metadata/D2WtV5Jpb1yVcDfJLAhUaS5DLN1J3Rb3LDFYrRBrpump.json
D4dRrpPBNkNHjh1qurkt2fp7gaMf5MUUuGxDHYoCpump,2026-05-13T02:22:41Z,True,Az7JekrDDMHNQJ9RDCn3a12vuyrJ7kbtF8MNKDrDHHvN,,,,,783c911,Shilin/artifacts/external_validation/raw_coin_metadata/D4dRrpPBNkNHjh1qurkt2fp7gaMf5MUUuGxDHYoCpump.json
D4qyaBceTkTu4MCtE4pGTidtbFsLYFdEHXA4Hi5ypump,2026-06-02T04:06:48Z,True,BT9L9VQH1eNvFWrLX323hSzMf8dVpGy7wchiEWZm3UEe,,,,,783c911,Shilin/artifacts/external_validation/raw_coin_metadata/D4qyaBceTkTu4MCtE4pGTidtbFsLYFdEHXA4Hi5ypump.json
D4rcM5qy8BpADwzVDt9WVmcnCkLmLVU6JsHqCim6pump,2026-06-02T15:47:45Z,True,B6SWsHs716jumt16AxnbtkvqNWixFeur4ur21o6z7TFy,,,,,783c911,Shilin/artifacts/external_validation/raw_coin_metadata/D4rcM5qy8BpADwzVDt9WVmcnCkLmLVU6JsHqCim6pump.json
D5Cu5Xbmwj3ZPE4v1FYnt78n8BLhA4VKRuvvj5z7pump,2026-05-24T03:44:35Z,True,3vmBxCZwzxSqgoaySYc9ruyoQx8ztVnu6ZuiLeCsPFrV,,,,https://justcomma.xyz/,783c911,Shilin/artifacts/external_validation/raw_coin_metadata/D5Cu5Xbmwj3ZPE4v1FYnt78n8BLhA4VKRuvvj5z7pump.json
D5MZMfvPvh21XtxntBAiL5uDE7Kag41rwNaR2Tihpump,2026-06-09T20:35:31Z,True,2VoXUFfipjNT38esiRo9Dc3C5yJmChbf7LbYcSi3FLKX,,,https://x.com/aidigest_/status/2064432438764609561?s=20,,783c911,Shilin/artifacts/external_validation/raw_coin_metadata/D5MZMfvPvh21XtxntBAiL5uDE7Kag41rwNaR2Tihpump.json
D5uekAa5vRVunpB5a6BLczGtX4F1CWPm2GdwJZVepump,2026-06-05T15:10:04Z,True,GeteS3aumtWtvspittFpYHB7pNuR62w4XJyrWwxthA67,,,,https://,783c911,Shilin/artifacts/external_validation/raw_coin_metadata/D5uekAa5vRVunpB5a6BLczGtX4F1CWPm2GdwJZVepump.json
D6DTLevM1GKUmPraHW2hmUT1BJi4rCP56zxfwx3ipump,2026-05-14T14:12:04Z,True,FLYf7f5BNkuyuzR7DSU3NLWV1WjnJUKEhy38eCEZxjgw,,,https://x.com/toly/status/2054927663031370228,,783c911,Shilin/artifacts/external_validation/raw_coin_metadata/D6DTLevM1GKUmPraHW2hmUT1BJi4rCP56zxfwx3ipump.json
D6yT2HqtJy9HjjSuBkxX84pk4MUQ31j5Rbtqxi2pump,2026-05-28T09:13:18Z,True,EButUUrWm55mXrJqRT9kur4okggMLKHdCstr6RsvGSAk,,,https://x.com/Lamborghini/status/2059670704258163183,,783c911,Shilin/artifacts/external_validation/raw_coin_metadata/D6yT2HqtJy9HjjSuBkxX84pk4MUQ31j5Rbtqxi2pump.json
D7SRghz3tVyRKFFJX9SgqyzuS5qxBdKkq2hzJbgypump,2026-05-28T02:12:33Z,True,ABhd1pkyDw4hAQN3UJShB7ErYkpV9aQw2rGLv1xhqE4w,,,https://x.com/sheldricktrust/status/2059772896579338493,,783c911,Shilin/artifacts/external_validation/raw_coin_metadata/D7SRghz3tVyRKFFJX9SgqyzuS5qxBdKkq2hzJbgypump.json
D8NTpRuUKKiYSHBQxvdLKqzAUVo3QCtKBZDjAXBWpump,2026-05-23T01:37:19Z,True,EDM1aPwetjVHrSJXRQqaVYYj4gAcxhMdV4uiAtyUHtDq,,,,,783c911,Shilin/artifacts/external_validation/raw_coin_metadata/D8NTpRuUKKiYSHBQxvdLKqzAUVo3QCtKBZDjAXBWpump.json
D8eKLzfkpcUKaGrWGxdyYjoD9TvhSASZHD7kYeNHVSf3,2026-06-08T15:54:17Z,True,6difp8hvKcxzDneqXERkLZWFeADje2gdZXrozQwguHv2,,,https://x.com/Polymarket/status/2064013134709301490,,783c911,Shilin/artifacts/external_validation/raw_coin_metadata/D8eKLzfkpcUKaGrWGxdyYjoD9TvhSASZHD7kYeNHVSf3.json
D8oWmaQMnxYWW886BhnmKkvpCZh6exygdPWVRJ87pump,2026-06-09T13:37:47Z,True,4J6mhYCVmZjjYhYoDjdbHJnHbCcQcVsGrxZT1gaZwENp,,,https://x.com/mert/status/2064334524436402246,https://x.com/mert,783c911,Shilin/artifacts/external_validation/raw_coin_metadata/D8oWmaQMnxYWW886BhnmKkvpCZh6exygdPWVRJ87pump.json
D9Fasry2Xrskzfn5eBsso7LCGFA2YzEs5EXzPcmipump,2026-05-29T14:18:39Z,True,FQQETUnjkgfJRJgrm6qRCbbN3YjTMfNFtisHKdTQYLvE,,,,,783c911,Shilin/artifacts/external_validation/raw_coin_metadata/D9Fasry2Xrskzfn5eBsso7LCGFA2YzEs5EXzPcmipump.json
D9XZZwYdtatxZUaYBb2pnAjmR9UmjG84JRM5YGHLpump,2026-05-14T16:23:50Z,True,2BJhn6JP8jZcwZUUCTFFAsFTZnygzxacgHcAb3GoU2bN,https://t.me/CNSOLSPL,CNSOLSPL,,,783c911,Shilin/artifacts/external_validation/raw_coin_metadata/D9XZZwYdtatxZUaYBb2pnAjmR9UmjG84JRM5YGHLpump.json
D9fKWztdSboZyFraJgJ7AjjZsLUCFLz1M4LPt55Fpump,2026-06-06T15:11:50Z,True,5U5ahBum7bL4xagLwZcKwJ8R5KPBGG9pMGiwQscCj2ys,,,https://twitter.com/HunterBiden/status/2063277670209573329,,783c911,Shilin/artifacts/external_validation/raw_coin_metadata/D9fKWztdSboZyFraJgJ7AjjZsLUCFLz1M4LPt55Fpump.json
D9gKwxJF9kFxFUki8KK2WxjqdLFBnnuvvVvmueCUpump,2026-05-16T12:25:53Z,True,9T75XNo65wSrWd9JHsZEZq6MWX5t8psrE9Txxj8KPJCj,https://t.me/bopoSOLANA,bopoSOLANA,https://x.com/BopoSOLANA,https://boposol.com,783c911,Shilin/artifacts/external_validation/raw_coin_metadata/D9gKwxJF9kFxFUki8KK2WxjqdLFBnnuvvVvmueCUpump.json
DAHQNwXa7EXbcEGtz4XzkM7uK52hdJwNnzf6hXwCpump,2026-05-28T19:22:30Z,True,DG7TJLwqCXM2Rc1kKdjRUWutbdBCyxpt5EEqBUo9vcbb,,,,,783c911,Shilin/artifacts/external_validation/raw_coin_metadata/DAHQNwXa7EXbcEGtz4XzkM7uK52hdJwNnzf6hXwCpump.json
DAMLGEJt9VpfLovUW4DoA3X995qdgSbxuqZoRiJYpump,2026-05-15T16:19:57Z,True,CzTvjRqG34y7PvTsxcTTqjWJ3We1iY7ugTazHm87eKYP,,,https://x.com/thetimes/status/2055321985488470386,,783c911,Shilin/artifacts/external_validation/raw_coin_metadata/DAMLGEJt9VpfLovUW4DoA3X995qdgSbxuqZoRiJYpump.json
DAUTjpbfW7CfRmsWkW8zx2ojGphqrogxgZH7xKCQpump,2026-05-16T08:45:04Z,True,8xYLQAgrdXvA737TNboJzewwytQhpSwWZ6hDaeVYDfiU,,,https://x.com/MarioNawfal/status/2055570196887109849,,783c911,Shilin/artifacts/external_validation/raw_coin_metadata/DAUTjpbfW7CfRmsWkW8zx2ojGphqrogxgZH7xKCQpump.json
DBaTCnQB4SJiL6YCSpswwRD1E4iG4HRHHyGfFZrypump,2026-05-24T12:21:11Z,True,CuxwPgX5noueRYreSQJGq8P99MKsVdApQnNuNZuLUwtc,,,https://x.com/AMAZlNGNATURE/status/2058502354471931944,,783c911,Shilin/artifacts/external_validation/raw_coin_metadata/DBaTCnQB4SJiL6YCSpswwRD1E4iG4HRHHyGfFZrypump.json
DBkGL5R5Hph2kuvU39rsEXYKahzNztZULE2ExZLApump,2026-05-14T15:40:41Z,True,DDhvKiQFGVRT3bWm6tZ72ndaTJHZH8AV8fm3DvxWrZqy,,,https://x.com/Mocci19_/status/2054949061023936518,https://www.tradingview.com/symbols/NASDAQ-SPACEX/,783c911,Shilin/artifacts/external_validation/raw_coin_metadata/DBkGL5R5Hph2kuvU39rsEXYKahzNztZULE2ExZLApump.json
DCfdaU1wTdLfKvTNx2EfGGXxNSbzzMRpFgaJWV1pump,2026-05-13T13:56:37Z,True,2iFjjPEDX1i1kEmyNeQNF79DgfD3KiYFnyRWM1HcvJpm,,,https://x.com/CHINAMAXX2026,https://chinamaxx-site.vercel.app/,783c911,Shilin/artifacts/external_validation/raw_coin_metadata/DCfdaU1wTdLfKvTNx2EfGGXxNSbzzMRpFgaJWV1pump.json
DD8Hckv5oDDcPxDHYxn5YazTprai7LoeLXrBpXgqpump,2026-06-05T04:32:35Z,True,RqdiYt5J7JTB2kVJ3ec3UwtRCjgXwTQdGLeGc6f6dca,,,,,783c911,Shilin/artifacts/external_validation/raw_coin_metadata/DD8Hckv5oDDcPxDHYxn5YazTprai7LoeLXrBpXgqpump.json
DDaQDAKRCgMofEtbEAkFZ33SDFFcyS6EDgc6ikfmpump,2026-06-05T15:32:59Z,True,EYNCbHWb94bGECg7F1rEZzGs2r1jiqkRBjJEzSVGtToH,,,https://x.com/DefuseSec/status/2062920625954664555,,783c911,Shilin/artifacts/external_validation/raw_coin_metadata/DDaQDAKRCgMofEtbEAkFZ33SDFFcyS6EDgc6ikfmpump.json
DF12JV9hFJbMWFuG7ff1wqaydj6HSkvwyt6mJnNVuGiR,2026-06-09T16:24:56Z,True,7S8mP5FYcrWwTd11xjVPhcuuuCtxDga3mUuursVHdDat,,,https://x.com/i/communities/2032933651303068012,,783c911,Shilin/artifacts/external_validation/raw_coin_metadata/DF12JV9hFJbMWFuG7ff1wqaydj6HSkvwyt6mJnNVuGiR.json
DF6w5j2bSnTVdoC8TszDsvmjhsk1UkQrSXoQjJDpump,2026-05-13T12:05:13Z,True,53CRMk1gNAsLhXjwbZtXf5zXmfjPXc6PTruUtFnj4MwR,,,,https://www.dexerto.com/entertainment/toronto-is-handing-out-condoms-for-fifa-world-cup-so-fans-can-score-safely-3364268/,783c911,Shilin/artifacts/external_validation/raw_coin_metadata/DF6w5j2bSnTVdoC8TszDsvmjhsk1UkQrSXoQjJDpump.json
DFRZt2HRcqgHDZ7BZfBnvbD4bvYxrt3e9UmXywcApump,2026-06-01T04:58:49Z,True,7fkERzzH6Wj3rBS21xMiEPQKqaQMB1wGF3VLPadk3H1E,,,https://x.com/elonmusk/status/2061311438099218808,,783c911,Shilin/artifacts/external_validation/raw_coin_metadata/DFRZt2HRcqgHDZ7BZfBnvbD4bvYxrt3e9UmXywcApump.json
DFZraq4R29H2vDHketoC4n1TBiJyJGc75JP93QvSpump,2026-05-14T03:43:38Z,True,EM9vzKJiz8M7GDEErv3aN42HcKkUrtngPGnXoXjsF4uT,https://t.me/chelon_sol,chelon_sol,https://x.com/Chelon_SOL,https://chelonsol.fun,783c911,Shilin/artifacts/external_validation/raw_coin_metadata/DFZraq4R29H2vDHketoC4n1TBiJyJGc75JP93QvSpump.json
DHyb5f1kjGqkBbbopASV5CQVyE5pLXiNKH2bs7Apump,2026-05-13T08:16:19Z,True,FYHnn1fddCWbHh8mvMr7Bn6GP8hu68q7DkZJP82hH1wH,,,,,783c911,Shilin/artifacts/external_validation/raw_coin_metadata/DHyb5f1kjGqkBbbopASV5CQVyE5pLXiNKH2bs7Apump.json
DJWsXwdpEnchK1xUnoCoi6tmF8f4GzPqVBhqXJQXCefu,2026-06-03T14:43:31Z,True,HASy3JtJRr8YDLHFDQ7ovqgaAvwE9RapfDf3rHqbLPaB,,,https://x.com/pmarca/status/2062183375889129927,,783c911,Shilin/artifacts/external_validation/raw_coin_metadata/DJWsXwdpEnchK1xUnoCoi6tmF8f4GzPqVBhqXJQXCefu.json
DNr3J7bxpZJCwYM8HyZqQEHYYRSRMxcR1HR2JeoVpump,2026-06-03T02:53:25Z,True,3swkGM9Ec7wdujhPLA3SUT1hpRCKo7FFu7kuxqYD3LuB,,,https://x.com/BabyDogeusSol,https://babydogeusmaximus.xyz,783c911,Shilin/artifacts/external_validation/raw_coin_metadata/DNr3J7bxpZJCwYM8HyZqQEHYYRSRMxcR1HR2JeoVpump.json
DQT7qFaB4xEKZNjVSRAeaYS7aa33E4BeNkACnreXpump,2026-05-15T09:26:23Z,True,CxjDpmLi8LaTjYnmoumNc6W7jEmwag7koB6iDSPoMWC1,,,,,783c911,Shilin/artifacts/external_validation/raw_coin_metadata/DQT7qFaB4xEKZNjVSRAeaYS7aa33E4BeNkACnreXpump.json
DREPwB3zrmQZNguHCsLAWndUhD3WxGnnBqRK6XazBALL,2026-06-08T00:07:00Z,True,ARYrfZkjQSTKb987mMMpdPVWftqHpYDfXMgVQu8DvMum,,,https://x.com/fullportpreston/status/2063774681832821211,https://fuckitweballai.com,783c911,Shilin/artifacts/external_validation/raw_coin_metadata/DREPwB3zrmQZNguHCsLAWndUhD3WxGnnBqRK6XazBALL.json
DRF8cCfkHLVPnC3H8TwWMGJ7Rv1jQZPjoYXRHeKypump,2026-06-07T09:48:41Z,True,BeZ1AAEWWTri54bdA1xDodaQskpGLDMJGUhepeWZNDHS,https://t.me/DEVVINYL,DEVVINYL,https://x.com/VINYLCHILLSOL,http://vinyl-chill.com/,783c911,Shilin/artifacts/external_validation/raw_coin_metadata/DRF8cCfkHLVPnC3H8TwWMGJ7Rv1jQZPjoYXRHeKypump.json
DRLPc8B6ngiaaoktNT79nfSPb5dyuT3b89f5xjhopump,2026-05-13T12:20:24Z,True,HVuABUU6r2tqFAcSPpV7tQkKfGn1XcDaBKAe2PJtCZL1,,,https://x.com/i/web/status/2054537200285675561,,783c911,Shilin/artifacts/external_validation/raw_coin_metadata/DRLPc8B6ngiaaoktNT79nfSPb5dyuT3b89f5xjhopump.json
DS1PTTuHNBUp38iqPpQUVTGy9jSKaWjPWofnKAXMpump,2026-05-19T01:19:57Z,True,5Eyhd7x8tdee9NvCcnbuE8bwPMzWi3V1yYcx191n2hkG,,,https://x.com/trumpmemenald,https://trump.meme.bz,783c911,Shilin/artifacts/external_validation/raw_coin_metadata/DS1PTTuHNBUp38iqPpQUVTGy9jSKaWjPWofnKAXMpump.json
DSBYVyCZXoR52a7tz38u1Ek3qddbQ8psXM91ri7Apump,2026-05-25T23:35:56Z,True,CJowaTJSjytPF3JAJY1SRAJFabvr8ZKDsc5GrNibJh7T,,,https://x.com/basedalexandoor/status/2059055635464106104,,783c911,Shilin/artifacts/external_validation/raw_coin_metadata/DSBYVyCZXoR52a7tz38u1Ek3qddbQ8psXM91ri7Apump.json
DTxAL7J6vvDagsFGMgKJuZHPb3qB69W55i6umMkdpump,2026-05-12T04:37:04Z,True,6nCdyRMuN5PfkQyBRB5V1eRgWzFdmnQJtpRvJrw5cFtQ,,,,https://badtroll.xyz/,783c911,Shilin/artifacts/external_validation/raw_coin_metadata/DTxAL7J6vvDagsFGMgKJuZHPb3qB69W55i6umMkdpump.json
DUX8CC9xP4umVxQbqkfU6Y5gV4rDFzUqzLdCZDuypump,2026-05-13T16:17:05Z,True,3XdeMTMpg8gmQXWzB8CRqREffHMih6jV9nwszLMn2znw,,,https://x.com/toly/status/2054594626833805778,https://x.com/doganuraldesign/status/2052316296029622463,783c911,Shilin/artifacts/external_validation/raw_coin_metadata/DUX8CC9xP4umVxQbqkfU6Y5gV4rDFzUqzLdCZDuypump.json
DV4ATZfM8oL6ta4HfbbL9co5E5gTojT2cuwdjuEdpump,2026-05-17T09:41:52Z,True,GUTCUugdwjMZ5Jncd7DJxpS1KQRNxhZYuyLeaegCn4EF,,,https://x.com/ATrump007,https://x.com/whitehouse/status/2055785300148764859?s=46t=m_1f-B6Zh7IUYXZ6sdzfeQ,783c911,Shilin/artifacts/external_validation/raw_coin_metadata/DV4ATZfM8oL6ta4HfbbL9co5E5gTojT2cuwdjuEdpump.json
DVqWoAExivivsjj8V3tkvdouRJNuHA6bT4HEmksCpump,2026-05-23T19:37:25Z,True,J8d526Z4cEvdLaPhQ6D9ZF4Xph5JMAqtRf6tCRH9SShp,,,https://x.com/RepNancyMace/status/2058269284204253199,https://www.aspca.org/news/victory-congress-passes-bill-help-animals-during-disasters,783c911,Shilin/artifacts/external_validation/raw_coin_metadata/DVqWoAExivivsjj8V3tkvdouRJNuHA6bT4HEmksCpump.json
DWXTdDwG9sLmnCG26wMGt6Spc1BuWJnm68ov5Quapump,2026-05-27T04:38:16Z,True,GUKtnxC2B6QXCzCTNoWjpFT3ft6RJX2e6Ps38hHzJUGC,,,https://x.com/DashHotDog,,783c911,Shilin/artifacts/external_validation/raw_coin_metadata/DWXTdDwG9sLmnCG26wMGt6Spc1BuWJnm68ov5Quapump.json
DWxdRyPrQorAqL3cdG3N7B9iU17r4aQtQcqn35r9pump,2026-06-06T01:53:46Z,True,6315XdZhRoyy6n2y2jJeBMC9D9S36cJNT8gW8Nuskxc3,,,,,783c911,Shilin/artifacts/external_validation/raw_coin_metadata/DWxdRyPrQorAqL3cdG3N7B9iU17r4aQtQcqn35r9pump.json
DXVpaNc6f5sz584zBnts3ixX17PoYEzNPPMZkYNzpump,2026-05-19T20:31:44Z,True,hFgawdoBoVuwLjbEw3Nb5y8k7KHTP3aBF4cQfzsik4E,,,https://x.com/i/communities/2027076670889533775,,783c911,Shilin/artifacts/external_validation/raw_coin_metadata/DXVpaNc6f5sz584zBnts3ixX17PoYEzNPPMZkYNzpump.json
DXtJJdHuy4xEJYMBrrBZpjuYr4MFgwjJCkcL9KCEpump,2026-05-13T19:30:17Z,True,8ttFrQnyMrx6TWkTFQjCAuQCD8JrRqFeDP6tpJKe1F6q,,,,https://kick.com/mizkif,783c911,Shilin/artifacts/external_validation/raw_coin_metadata/DXtJJdHuy4xEJYMBrrBZpjuYr4MFgwjJCkcL9KCEpump.json
DYAjKJski8wRqQ17X8BStBxFbLGkJ4Y6xB9eXbVkpump,2026-05-25T19:42:57Z,True,3mJRibfFjHLCzqPBS4mp1bDe8Qtn4YsqrPZTxzYgpMwW,https://t.me/HarambeXSol,HarambeXSol,https://x.com/harambexsol,https://harambex.one/,783c911,Shilin/artifacts/external_validation/raw_coin_metadata/DYAjKJski8wRqQ17X8BStBxFbLGkJ4Y6xB9eXbVkpump.json
DYYPcKbevnZHGJ7UrW8WPs1DVLiBkZdq7oLc5hMHpump,2026-05-31T18:59:14Z,True,DPE6EComLwH4pXSjAKSTM2Ypo83hR2x1hKuVqct6MHGx,,,,,783c911,Shilin/artifacts/external_validation/raw_coin_metadata/DYYPcKbevnZHGJ7UrW8WPs1DVLiBkZdq7oLc5hMHpump.json
DZ6QE1Nf2dLQw3VmyysU1EgvvQq1Q1bwT8AKh3Kkpump,2026-05-24T21:21:13Z,True,3j2W8tRvcECsnhqsuoZDDViMHnq9Qc9eUPxSsZDHQ3V9,,,https://x.com/FloydTerminal,https://floydai.net/,783c911,Shilin/artifacts/external_validation/raw_coin_metadata/DZ6QE1Nf2dLQw3VmyysU1EgvvQq1Q1bwT8AKh3Kkpump.json
DZnNUj8TK715347dh6AQ9e3EcBB9VkWzcacYuTyBpump,2026-06-07T15:24:32Z,True,CjZLLqdpJrZTkNmw66qy5wFbz6s64uH1sWERmWWzEuWR,https://t.me/BOUNTYUNC.,BOUNTYUNC.,https://x.com/BOUNTYUNC,https://www.bountyunc.cc,783c911,Shilin/artifacts/external_validation/raw_coin_metadata/DZnNUj8TK715347dh6AQ9e3EcBB9VkWzcacYuTyBpump.json
Da7QMK9KH8C7paKLuGaEBEbMvZyU2HiuyLW6AP9KF7r5,2026-05-25T19:56:09Z,True,AazLaMinuKPv93zt8nDZ2Jb6svE17tndJLVzric1oqtt,,,https://x.com/bruceflips/status/2059000567230562642?s=20,https://www.nytimes.com/interactive/polls/president-republican-primary-polls-2028.html,783c911,Shilin/artifacts/external_validation/raw_coin_metadata/Da7QMK9KH8C7paKLuGaEBEbMvZyU2HiuyLW6AP9KF7r5.json
DaFLwap1y6gdCtRcP9nWANHHARtSdF4a3NRDh4jcpump,2026-05-08T22:33:37Z,True,GMWoE2WHQo1v2FWV5UJcHdgbDfQBWu6cbW3gdb4WSFsa,,,,,783c911,Shilin/artifacts/external_validation/raw_coin_metadata/DaFLwap1y6gdCtRcP9nWANHHARtSdF4a3NRDh4jcpump.json
DaUcM4pyFYjCmynZg6uYdK8HPdVZcWwUq78Vttqkpump,2026-05-20T16:47:39Z,True,72kQGffaetgswxDxs6KnS5mskbNdRQCe48qupMTW8zqN,https://t.me/MONKETHER,MONKETHER,,,783c911,Shilin/artifacts/external_validation/raw_coin_metadata/DaUcM4pyFYjCmynZg6uYdK8HPdVZcWwUq78Vttqkpump.json
DbPgdVQS1Wz6UqbR3ydWNxJ7DW92ecxGZe84y47Rpump,2026-06-04T22:14:36Z,True,Dy2HL96trDXsga3myPrx5ZTS8nfYDehavNMsxKsB1ZFX,,,https://x.com/Pumpfun,,783c911,Shilin/artifacts/external_validation/raw_coin_metadata/DbPgdVQS1Wz6UqbR3ydWNxJ7DW92ecxGZe84y47Rpump.json
Dc6PYuVDSJoqpTebLt5vTAqDa5dMFQDbsoH3KjHSpump,2026-05-31T17:30:39Z,True,2rfEiuZTXWpiz9ibdpx4cxoHmDuW2bq8eXoATcmznMDr,,,https://x.com/n1721203925204/status/2061138093336359102,,783c911,Shilin/artifacts/external_validation/raw_coin_metadata/Dc6PYuVDSJoqpTebLt5vTAqDa5dMFQDbsoH3KjHSpump.json
DcW8TZToragjMxqRgcM7yrhhRgbFm2E1DR9qEhL9pump,2026-05-26T19:11:35Z,True,BemdyYG2QdprUVDW63CcXkEhVdsxYz37mugqcezvC3Z2,,,https://x.com/Luki12345uU/status/2059350576308305986,https://x.com/pmcafrica/status/2059006787333108193,783c911,Shilin/artifacts/external_validation/raw_coin_metadata/DcW8TZToragjMxqRgcM7yrhhRgbFm2E1DR9qEhL9pump.json
DchmAYhsypwcNyqL7pP6Ffv8UfzDS1vuipBHFrhQmMZH,2026-05-15T13:47:06Z,True,Y9rJmCATRKmWuRVdrH3kgiXsPU7gstgrB7Q2CP2YuxF,,,https://twitter.com/elonmusk/status/2055283789874815235,,783c911,Shilin/artifacts/external_validation/raw_coin_metadata/DchmAYhsypwcNyqL7pP6Ffv8UfzDS1vuipBHFrhQmMZH.json
Dd667TvuCArUmTMhejtwyXxaLPo1tqQEXbGrcehpump,2026-05-09T03:17:11Z,True,EgVKRafoYKhvcV9XfochArWZdM3tsyYmH9SGLLAujRgH,,,,https://chubbyboo.fun/,783c911,Shilin/artifacts/external_validation/raw_coin_metadata/Dd667TvuCArUmTMhejtwyXxaLPo1tqQEXbGrcehpump.json
DeR6HAT54VV4GwydEDrU8oR2ff6ha2YniP228kntpump,2026-05-13T19:29:50Z,True,A3ShesKehV8MmKq66CR3D6LY2WCwYpxxqVe9mzVjWfyw,,,,https://kick.com/mizkif,783c911,Shilin/artifacts/external_validation/raw_coin_metadata/DeR6HAT54VV4GwydEDrU8oR2ff6ha2YniP228kntpump.json
DgtZyNBc8AEwpEdfdgxavs7L4EoSV4JutNu7FxcDARt1,2026-05-13T15:04:28Z,True,CzQWr5mWCy6X7yrosGaFSTLUvVZ3PS7MgrJVQ6ihJ4kz,,,,https://www.instagram.com/p/DYSH7bIGx_r/,783c911,Shilin/artifacts/external_validation/raw_coin_metadata/DgtZyNBc8AEwpEdfdgxavs7L4EoSV4JutNu7FxcDARt1.json
Dk2wjQhBn9sxpMgZHTMriYZsZCXieXVexUzvh13spump,2026-05-12T13:28:22Z,True,DqsHBiPfpa7Kx2jnVJeCvtxHLf7G1uZ4STauammCWLQt,,,https://x.com/NoGuySol,,783c911,Shilin/artifacts/external_validation/raw_coin_metadata/Dk2wjQhBn9sxpMgZHTMriYZsZCXieXVexUzvh13spump.json
DkS7WdH45Rsac969hweBVXXvC9B8a7kNWpFWN8R7pump,2026-06-07T18:32:57Z,True,FJKLEP5FZb8pJgQNgphgfC968bc5cq8C6Y7DqowsfP3d,,,https://x.com/TrumpBountySol,https://trumpbounty.xyz,783c911,Shilin/artifacts/external_validation/raw_coin_metadata/DkS7WdH45Rsac969hweBVXXvC9B8a7kNWpFWN8R7pump.json
Dkdbxd6BYGLZRGurjJP5BEHboSeSkpQDfhSSSWkepump,2026-05-17T14:03:35Z,True,3K5zQNz5hf8NLYFc3rPZ2efondHp9TkARBriC4g9ktEg,,,https://x.com/meggarwicky/status/2056012734957760950,,783c911,Shilin/artifacts/external_validation/raw_coin_metadata/Dkdbxd6BYGLZRGurjJP5BEHboSeSkpQDfhSSSWkepump.json
Dm9kTvssPyTa2eYubnAZotPMU1KYbrfKriQ6ufYXpump,2026-05-26T16:12:14Z,True,DfhNT7PpHPjdh4nX4kXaJStppd68iyLmCt1TFPEzv6vR,,,https://x.com/elonmusk/status/2059306436044202381,https://pump.fun,783c911,Shilin/artifacts/external_validation/raw_coin_metadata/Dm9kTvssPyTa2eYubnAZotPMU1KYbrfKriQ6ufYXpump.json
DmJBSHkGaNk1KGVfUodGFGzZWarc4yN3YCeexXF9pump,2026-06-09T21:15:58Z,True,Cbg7iEiGtjXyfXngsf5j56tKaP5CSEsSqrBs1V4qrXQH,,,https://x.com/blknoiz06/status/2064455848676520127,,783c911,Shilin/artifacts/external_validation/raw_coin_metadata/DmJBSHkGaNk1KGVfUodGFGzZWarc4yN3YCeexXF9pump.json
Dmqaz1TTBZqWFGEZHMX1eLm628zeZQ6tNBZVJGC5pump,2026-05-22T18:22:19Z,True,E9i6y8cquF7VYUbFjuR5fMh9SJ4TGFY6B6QRMKVoiQ97,,,,,783c911,Shilin/artifacts/external_validation/raw_coin_metadata/Dmqaz1TTBZqWFGEZHMX1eLm628zeZQ6tNBZVJGC5pump.json
DnLMF1CTz55nUhHYkL1tzNaeXB17S64qVqTkjBA1pump,2026-05-15T20:17:21Z,True,euK72wunBgDQaFhqc8B5k1fXUAYGTtY1ZU9aAKrL2Lg,,,https://x.com/SolanaSkyline/status/2055381767415275672,,783c911,Shilin/artifacts/external_validation/raw_coin_metadata/DnLMF1CTz55nUhHYkL1tzNaeXB17S64qVqTkjBA1pump.json
Dnf4FKavAwLHMfqtQb7is7W7yKFz1nxnLfCaXTvCpump,2026-05-16T08:40:56Z,True,6XXfHEf9LhBfQwuuztjRWd5NU8z5Hddu998rxGdATD3N,https://t.me/AvatardUng,AvatardUng,https://x.com/AvatardUng,https://avatard-ung.xyz,783c911,Shilin/artifacts/external_validation/raw_coin_metadata/Dnf4FKavAwLHMfqtQb7is7W7yKFz1nxnLfCaXTvCpump.json
Dp2YYEbfF6KyhggJU2MLD4htc7YMr9QHXjxscFc6pump,2026-06-09T06:24:42Z,True,DfebhKwG9fPrQTEyrYt4GCCsdNxpAwz3xgFVqF9ww2YT,,,,,783c911,Shilin/artifacts/external_validation/raw_coin_metadata/Dp2YYEbfF6KyhggJU2MLD4htc7YMr9QHXjxscFc6pump.json
DpG9i44ytNoaeRzXYDDkm4XEqUHq2gM6maBffBiBpump,2026-06-10T09:15:01Z,True,FMdZReGorsybzYqFMSCG8YxcgcaQYXyHkP6QP5ShAkjZ,,,,,783c911,Shilin/artifacts/external_validation/raw_coin_metadata/DpG9i44ytNoaeRzXYDDkm4XEqUHq2gM6maBffBiBpump.json
Dq3hdWH6uLAiJih9ioVtjoDz8BCuFgifTLxZcp6Kpump,2026-06-05T04:04:24Z,True,BSGAcu5sMCCd7heRu6VWnjwHD1JuJtXZftVp9RTgq7Ud,,,,,783c911,Shilin/artifacts/external_validation/raw_coin_metadata/Dq3hdWH6uLAiJih9ioVtjoDz8BCuFgifTLxZcp6Kpump.json
DqD3FokGEfhRmoifWRySh8Ps2WWNVh4HgSyvkF7zpump,2026-05-20T12:10:51Z,True,Ax9qpJG2yqZSJMUagq1yxNggQAFjoXnpmqrKRq5C21fH,,,,https://youtu.be/TQd_YQvydVg?si=RIMQ-0_hydCBt05n&t=1841,783c911,Shilin/artifacts/external_validation/raw_coin_metadata/DqD3FokGEfhRmoifWRySh8Ps2WWNVh4HgSyvkF7zpump.json
DqSASL22LWGcRPiPeSLe3gW3C9rFcDVyHTQUGuRpump,2026-06-01T22:47:16Z,True,HcZJeGFXcVm67hNCPXRudu7LovauoxMHFLX44TU8GEDF,,,https://x.com/CoinMarketCap/status/2061562209189183740,,783c911,Shilin/artifacts/external_validation/raw_coin_metadata/DqSASL22LWGcRPiPeSLe3gW3C9rFcDVyHTQUGuRpump.json
DqrJoVXsdAasNrtDTzm2sj2FkzQm9xFTW2NsvT4Upump,2026-06-08T20:33:41Z,True,7UYKzuyVEJ47mbA9z56dpZ971Naw9YKgo7ZH75PVZUL2,https://t.me/primal_token,primal_token,https://x.com/primal_token,https://primaltoken.io/,783c911,Shilin/artifacts/external_validation/raw_coin_metadata/DqrJoVXsdAasNrtDTzm2sj2FkzQm9xFTW2NsvT4Upump.json
DqtHLDU8Yrx1ikaEgBf5R8g6Q5PNZs1wQrGY5Pcpump,2026-05-18T12:45:37Z,True,6trtx6ZDXJuzRapJLqiF7xJ9X6Uo75L5x4MYDKjmk65Y,,,https://x.com/AmericanEthical/status/2056045039202242574,,783c911,Shilin/artifacts/external_validation/raw_coin_metadata/DqtHLDU8Yrx1ikaEgBf5R8g6Q5PNZs1wQrGY5Pcpump.json
Dr17y2S5ZiqhrZ6ssYBduCmg4v3ZLG1WLuzPceTTpump,2026-05-31T02:56:27Z,True,9YqSuFXUAXgh6VFpWnKsDJqsxd4aP8ndSU2sDikM5rPy,,,,https://thepickle.lol/,783c911,Shilin/artifacts/external_validation/raw_coin_metadata/Dr17y2S5ZiqhrZ6ssYBduCmg4v3ZLG1WLuzPceTTpump.json
Dr2efb6er9NEdKeC5jVVmFasxmXiENNTTzqmXGkmpump,2026-05-31T03:07:22Z,True,EL9ioyisyE41iUQBDokYwT8LKenV3yhyQWQksb65R5hS,,,,https://thepickle.lol/,783c911,Shilin/artifacts/external_validation/raw_coin_metadata/Dr2efb6er9NEdKeC5jVVmFasxmXiENNTTzqmXGkmpump.json
Dsgo6c8awjFERkKGNhK76iJcUbgarcqzkPoUo6fgpump,2026-06-10T17:41:33Z,True,93JKyT8yjkgZXDmjwN2zYsrGEhTPEbAT8sMYxippaexb,,,https://x.com/CUPcards_sol,https://cup.cards,783c911,Shilin/artifacts/external_validation/raw_coin_metadata/Dsgo6c8awjFERkKGNhK76iJcUbgarcqzkPoUo6fgpump.json
DsuiBdiEKHxgYtjE1fDLnbyJ4jUXW2B1Dc1NFY2Fpump,2026-05-25T18:08:16Z,True,DHucV7ErABoHChWUUiP1B3bzspjmxSVz3WH6jQS9HMb4,,,,,783c911,Shilin/artifacts/external_validation/raw_coin_metadata/DsuiBdiEKHxgYtjE1fDLnbyJ4jUXW2B1Dc1NFY2Fpump.json
DuZ8NT1jvCVmabWwNj43YUs4JQzYboRHuydUdK9spump,2026-05-30T22:56:46Z,True,CkeZw8zioyymPG8GtHegSghecnYYJ3oynYBMGiqdzSTR,,,https://x.com/SPCXTROLL,,783c911,Shilin/artifacts/external_validation/raw_coin_metadata/DuZ8NT1jvCVmabWwNj43YUs4JQzYboRHuydUdK9spump.json
Dv4dvPXvFAhX6JP8NL1Qwp3Wv1DEdcAWQcQYxMFWpump,2026-05-19T14:11:58Z,True,5qed9DGhigCqksMwQSnG6pyXGr23xWb75xtLqbBRPUxh,,,,,783c911,Shilin/artifacts/external_validation/raw_coin_metadata/Dv4dvPXvFAhX6JP8NL1Qwp3Wv1DEdcAWQcQYxMFWpump.json
DvNCDPx18TpeRqjDc8u4bVLZ46hV5mPRHyceX7Ftpump,2026-06-05T15:39:05Z,True,AGPGSq6C2CnCwnAexxnHpBX2fz4UMKnXj23sceDfCNWc,,,,,783c911,Shilin/artifacts/external_validation/raw_coin_metadata/DvNCDPx18TpeRqjDc8u4bVLZ46hV5mPRHyceX7Ftpump.json
Dx9MgWjHNqYRtPyKrp6iTRK2k6ZpLiK9cyAQ6pyWpump,2026-05-26T04:12:34Z,True,Cu1cX2u6DRPNxgxsZn9c57Xoj3NkPHNvc9EK8te1SiA1,,,,https://blue-sky.lol/,783c911,Shilin/artifacts/external_validation/raw_coin_metadata/Dx9MgWjHNqYRtPyKrp6iTRK2k6ZpLiK9cyAQ6pyWpump.json
DyjNdoDUq1sBqEZHvkf296tbUr71hhVyGqRWQzczpump,2026-05-23T02:38:31Z,True,5M1ARFfZjD2TDm2ZZ8vRD8ZhsJFdjBA9DF7328NtSdvf,,,,https://dotonsol.fun/,783c911,Shilin/artifacts/external_validation/raw_coin_metadata/DyjNdoDUq1sBqEZHvkf296tbUr71hhVyGqRWQzczpump.json
DzNXtgo1bzvMSHH5snZCikxAMLAxAxN2jjDBmds2pump,2026-05-31T10:38:35Z,True,FxxwXDHqZhCMG4ZU1yXzxR1S6t6wWfoR6rDFnwNZhjq6,https://t.me/BOZOmeme,BOZOmeme,https://x.com/bozofrog,https://bozo.one/,783c911,Shilin/artifacts/external_validation/raw_coin_metadata/DzNXtgo1bzvMSHH5snZCikxAMLAxAxN2jjDBmds2pump.json
Dzfoj445LXVuEJvzUHhLrx1HoQdjUuHUGduGkFJXpump,2026-05-26T11:27:34Z,True,G2ddgA7pSzsD1ouJX3pJ7YRPmKQke1XXwWJ4ZfSHPcdA,https://t.me/bunnytearssol,bunnytearssol,https://x.com/dom_lucre/status/2058637391036903711,,783c911,Shilin/artifacts/external_validation/raw_coin_metadata/Dzfoj445LXVuEJvzUHhLrx1HoQdjUuHUGduGkFJXpump.json
E2oecxpiXHyoYYs6hsFt1D2MaZ9VMs8AzHV9HKrzpump,2026-06-06T22:49:23Z,True,3gmr8edXkYN7undyCV7L3J9u33QPfFCoR2eDHseF494y,,,https://x.com/PetalS0L/status/2063392818350166258?s=20,https://www.change.org/p/nashville-zoo-says-no-to-proposed-data-center?recruiter=1417922317&recruited_by_id=a7c43a70-5f55-11f1-8faf-4b3ff6c0e227&share_id=KxhXznzBcD,783c911,Shilin/artifacts/external_validation/raw_coin_metadata/E2oecxpiXHyoYYs6hsFt1D2MaZ9VMs8AzHV9HKrzpump.json
E2op5derXrBGvPHrh3wQNy2PK4gwpQqYNSNB2mDjpump,2026-06-03T10:37:19Z,True,H1wb16hB3fFU8hnLgqSrByBZHxFj6MPrszSNoS6iGtmL,https://t.me/grinbosol,grinbosol,https://x.com/GrinboSolana,https://grinbosol.one/,783c911,Shilin/artifacts/external_validation/raw_coin_metadata/E2op5derXrBGvPHrh3wQNy2PK4gwpQqYNSNB2mDjpump.json
E2qVMJMJ9UdB2gNBRTjcvvbCMZrLEtuCiWQcDDJEpump,2026-05-14T07:26:20Z,True,9Wr627LqDD35wjtvELt6VRf7wck9cFYoGA41LFbAB6xE,,,,,783c911,Shilin/artifacts/external_validation/raw_coin_metadata/E2qVMJMJ9UdB2gNBRTjcvvbCMZrLEtuCiWQcDDJEpump.json
E2sHHwpzeVjhV3DjAMP8kYBeG27qT66xS3V9EBYVpump,2026-06-01T12:27:11Z,True,GrgDaBg4TGBQCDZk9HHw8JT24RnoDHtQnvgguKxGKStb,,,,https://www.youtube.com/watch?v=vrY1THC_NQE,783c911,Shilin/artifacts/external_validation/raw_coin_metadata/E2sHHwpzeVjhV3DjAMP8kYBeG27qT66xS3V9EBYVpump.json
E4HUPPWidtmFeS2zNvMrWbrWSjMcS7wzqmiYih1Fpump,2026-05-27T15:02:41Z,True,8AD7xLJw182mdQaxV5P7xB5GGabiReHjh8n5JiHg5Goq,,,https://x.com/cutest_animal1/status/2059507401196507138,,783c911,Shilin/artifacts/external_validation/raw_coin_metadata/E4HUPPWidtmFeS2zNvMrWbrWSjMcS7wzqmiYih1Fpump.json
E4twXertvsXmmoNWW8r4bKD15tPpgq5a1tAfUajqpump,2026-05-30T18:26:39Z,True,83S7NgfqjuxbwM31tPjN5djM5cJbXZ72mmwyWeMJ1c9R,,,https://x.com/Pumpfun/status/2060787272975356235,,783c911,Shilin/artifacts/external_validation/raw_coin_metadata/E4twXertvsXmmoNWW8r4bKD15tPpgq5a1tAfUajqpump.json
E6TA35Gi96sM8doqQxj4s9JmgvidfJ9n29r981wfpump,2026-05-19T00:16:48Z,True,2EjYGPoQAmjLr6P5iqMmveLbDT5xvWr9K5FfeWbTXFan,,,https://x.com/jncquant/status/2056529471981650264,https://x.com/i/communities/1988423177371107714,783c911,Shilin/artifacts/external_validation/raw_coin_metadata/E6TA35Gi96sM8doqQxj4s9JmgvidfJ9n29r981wfpump.json
E6wooXoQcRDK1NVm7gXy1MGPThAaDjv9vZQTzVkruGKt,2026-06-09T17:04:36Z,True,HZgqpB9CzJfYcJJvp5iTEqrPpi2APJ3pqSW4T5s7r5yo,,,https://x.com/2umanji/status/2064393214509957267,https://x.com/search?q=fable%2C%20find%20an%20exploit&src=typed_query&f=live,783c911,Shilin/artifacts/external_validation/raw_coin_metadata/E6wooXoQcRDK1NVm7gXy1MGPThAaDjv9vZQTzVkruGKt.json
E7N7KqqGJmiqE89T1Xf2wSe5WcWw6H2vpj2pvv6Jpump,2026-06-02T06:21:22Z,True,BWUkhECutjQXvDz58MMAhyNwuammiNSFDinzAdy6b6e6,,,,,783c911,Shilin/artifacts/external_validation/raw_coin_metadata/E7N7KqqGJmiqE89T1Xf2wSe5WcWw6H2vpj2pvv6Jpump.json
E7ShEMQR1yBUn2rwUFPK4EaMxBMiJNyyMeCxx5Vmpump,2026-06-02T03:39:42Z,True,HzcsLqMNxXK1ELLxNqXR8Zy86wfJrh5W77tgCb9G3QHu,,,,,783c911,Shilin/artifacts/external_validation/raw_coin_metadata/E7ShEMQR1yBUn2rwUFPK4EaMxBMiJNyyMeCxx5Vmpump.json
E8RR8MAJDqiux39JM69QbUqvo2uhpUHXAJsnZP4jpump,2026-06-08T15:44:09Z,True,6YMUkExWvpchH3J5FD3uDHoK2fb3Pfyqdg3SEJ2iDYQy,,,https://x.com/RealmSim,https://realmsol.xyz/,783c911,Shilin/artifacts/external_validation/raw_coin_metadata/E8RR8MAJDqiux39JM69QbUqvo2uhpUHXAJsnZP4jpump.json
E8YKKETyNhisfYVCFZQvno7wZcGwpHDH7sJAyqQHpump,2026-06-03T10:02:50Z,True,G7DkDNLMefwq4hzEP724vVGqf4L413uhLK2AxAUcgFBX,https://t.me/voidcrystalsol,voidcrystalsol,https://x.com/VoidCrystalSol,https://voidcrystalsol.xyz/,783c911,Shilin/artifacts/external_validation/raw_coin_metadata/E8YKKETyNhisfYVCFZQvno7wZcGwpHDH7sJAyqQHpump.json
E8ydc8q4TrBrUn4kF9KXVSJNP4GADFHSh7fnnvR4pump,2026-06-07T10:39:27Z,True,9bG4Jy9cqVz6qcE44JQmMq6wdcojcjjzmD2deNB94D4B,,,,,783c911,Shilin/artifacts/external_validation/raw_coin_metadata/E8ydc8q4TrBrUn4kF9KXVSJNP4GADFHSh7fnnvR4pump.json
E9Dx85quAmLRMQebuCaYPz7nP8rNXfu17bBWL5mZpump,2026-05-23T17:42:06Z,True,6CwbzRGkygnuSUu3VMoC42gBrDD2hYoUJHRyjyhwYABX,https://t.me/BAMZAIsol,BAMZAIsol,https://x.com/bamzai_bonk,https://bamzaisol.com/,783c911,Shilin/artifacts/external_validation/raw_coin_metadata/E9Dx85quAmLRMQebuCaYPz7nP8rNXfu17bBWL5mZpump.json
E9FQiVGB21RMn5UkJqPdKLaLcFxduQ8iQRDzvuWdpump,2026-06-01T21:30:56Z,True,5aTwBqubdW9CQm8cQYgM3yuGgdJa3wreptfYrrmywWUT,,,https://x.com/BROKENBRITAIN0/status/2061558621658394925,https://x.com/BROKENBRITAIN0/status/2061553917435974106,783c911,Shilin/artifacts/external_validation/raw_coin_metadata/E9FQiVGB21RMn5UkJqPdKLaLcFxduQ8iQRDzvuWdpump.json
E9djfWBShsWuGKuhqz9PYXMhJ39MUmztQmvzAwJ5pump,2026-05-13T06:54:55Z,True,BscykajoxSSqwFctGQAogSRwELHhuigjywF4aWghNn3R,https://t.me/kogu_SOLANA,kogu_SOLANA,https://x.com/solanakogu,https://solanakogu.com,783c911,Shilin/artifacts/external_validation/raw_coin_metadata/E9djfWBShsWuGKuhqz9PYXMhJ39MUmztQmvzAwJ5pump.json
E9exegmUbEzzdLhSCxnxsqqhc1q8cbpMXMCifxsUpump,2026-05-25T14:40:06Z,True,G6B98jAfmssT4oEwQy3C3B51WbKim1WSwHGrNJ4YhrXU,https://t.me/USAGIROSOL,USAGIROSOL,https://x.com/usagiro_sol,https://usagiro.one/,783c911,Shilin/artifacts/external_validation/raw_coin_metadata/E9exegmUbEzzdLhSCxnxsqqhc1q8cbpMXMCifxsUpump.json
E9y9sFVtJELguyxEow9U78efCbGxztTw7QjaJ73oMWcc,2026-05-30T22:56:25Z,True,6KbJ531g6u7X8vwq67iwUkNJB1spGJDDgwcQoHtjCJxj,,,https://x.com/WhiteHouse/status/2060857877053526234,,783c911,Shilin/artifacts/external_validation/raw_coin_metadata/E9y9sFVtJELguyxEow9U78efCbGxztTw7QjaJ73oMWcc.json
EBTNLX79fZM7tCqCppNJMGoesyCbRZjHxU2MmwTSpump,2026-05-24T05:36:24Z,True,58Z3Dsdp7SjHHHGQNH1GY7SNjuYSfaarvQiA4gmeLKKC,https://t.me/NESSISOL,NESSISOL,https://x.com/nessi_sol,https://nessi.monster/,783c911,Shilin/artifacts/external_validation/raw_coin_metadata/EBTNLX79fZM7tCqCppNJMGoesyCbRZjHxU2MmwTSpump.json
EChnZJb9SZ5Kx762vUJL85jaspoZGV2PboxPBb5Upump,2026-05-29T15:39:22Z,True,CnHVydPXwKNmM6sJJQFAE93bLk5ggU57sKKg3kfNCHAG,,,https://x.com/QuantaDev14/status/2060385519318503801,,783c911,Shilin/artifacts/external_validation/raw_coin_metadata/EChnZJb9SZ5Kx762vUJL85jaspoZGV2PboxPBb5Upump.json
EDmWPBzZgRvY6A5xZNJeZYLUJLdmjkKrYNt574KPpump,2026-06-09T03:31:19Z,True,3Zh34acHAx4fxKVisNZjcoABNuqN9WSGTR81frTVxvw2,,,,https://thebeard.lol/,783c911,Shilin/artifacts/external_validation/raw_coin_metadata/EDmWPBzZgRvY6A5xZNJeZYLUJLdmjkKrYNt574KPpump.json
EDtoyRqEKthug2zCWJiaponNZ3w5NDtP2pkKtcR7pump,2026-05-16T15:09:16Z,True,EeaMFnoajMRyBp424BWCUgwM82n4ZWYmtN9RQZD7BGds,https://t.me/foger_Sol,foger_Sol,https://x.com/Faczwblq,https://fogersol.com/,783c911,Shilin/artifacts/external_validation/raw_coin_metadata/EDtoyRqEKthug2zCWJiaponNZ3w5NDtP2pkKtcR7pump.json
EEx2T5D35t4SzfKSvaL26FgYYpSLTj71JMws12RXpump,2026-05-20T04:26:13Z,True,HC7Re5FkwqH5UDaCQRfSUJmwBKfBbxVsBy2EQceqSsgw,,,https://x.com/BotCoinMemeSol,https://www.botmemecoin.org,783c911,Shilin/artifacts/external_validation/raw_coin_metadata/EEx2T5D35t4SzfKSvaL26FgYYpSLTj71JMws12RXpump.json
EJu78KrhDyaLn3p8Y89dgVGDgLKxU4rzSE7fER5yNVDA,2026-06-10T16:14:38Z,True,CfoU9W8NQPt615XAoyPnxg1Qqs5j2paVcrYQ11REEL4V,https://t.me/NVDA4200_SOL,NVDA4200_SOL,https://x.com/NVDA4200,https://nvda4200.com/,783c911,Shilin/artifacts/external_validation/raw_coin_metadata/EJu78KrhDyaLn3p8Y89dgVGDgLKxU4rzSE7fER5yNVDA.json
ELF2Qo9YT9yiDWcZhqmPQSauS1DcJBiWCW8Epa8npump,2026-06-08T12:32:28Z,True,F4yqxwpvZhyuNqJk5KuhA3f1GRA5gPvqsBdZudTrrfy8,,,https://x.com/Streamwork_GO,https://streamwork.live/,783c911,Shilin/artifacts/external_validation/raw_coin_metadata/ELF2Qo9YT9yiDWcZhqmPQSauS1DcJBiWCW8Epa8npump.json
ELRA5X27DovD7FbYxiFyDgnhCff79nXjuysbzL4Npump,2026-06-01T19:18:01Z,True,GjXE1ighUaVReKCLDSXNzGF6jTv2yvoaytp47sG326mA,,,https://x.com/officialpompfun,,783c911,Shilin/artifacts/external_validation/raw_coin_metadata/ELRA5X27DovD7FbYxiFyDgnhCff79nXjuysbzL4Npump.json
ELXGKfKHDrcUC4Z5TsENvBW4pytrt1dLER8BB5pGpump,2026-06-02T07:36:26Z,True,EwUNcbsVvDV9UMw57rPvd9qRgkZ5MLmaoEV8zo2F5AEk,,,,,783c911,Shilin/artifacts/external_validation/raw_coin_metadata/ELXGKfKHDrcUC4Z5TsENvBW4pytrt1dLER8BB5pGpump.json
ELdVdiF9RGo7Sa8Ctt3RM1TxSEHtHJy8DgasHNLwpump,2026-05-19T20:02:21Z,True,DrCXchXZtBS8QwbmTDU9jq4PMEwR1EKzw5tRoHvjHXoG,,,,,783c911,Shilin/artifacts/external_validation/raw_coin_metadata/ELdVdiF9RGo7Sa8Ctt3RM1TxSEHtHJy8DgasHNLwpump.json
EMDbhVQ1RwHKEiEHvVBJNQbZPDB7AePqG55MsMPzpump,2026-05-15T09:35:15Z,True,4GjFHCeh3Ee2EcYiz5XJ8B7iBtCnegVkboHuCbSxw9oe,https://t.me/LOMASOLANAA,LOMASOLANAA,https://x.com/LOMA_COIN,https://lomacoin.one/,783c911,Shilin/artifacts/external_validation/raw_coin_metadata/EMDbhVQ1RwHKEiEHvVBJNQbZPDB7AePqG55MsMPzpump.json
EMzPo6JTFkJ9UGAFHuDteKxzouh7ByJ939dFhTsfpump,2026-06-02T19:55:10Z,True,swmesjsMV6XP7XnA69ZXT2WP1qZWwWrHjfMswri5sAG,,,https://twitter.com/WhiteHouse/status/2061899438902149523,,783c911,Shilin/artifacts/external_validation/raw_coin_metadata/EMzPo6JTFkJ9UGAFHuDteKxzouh7ByJ939dFhTsfpump.json
ENoLwwaCBYzKDeo3NGXhuMVFHE12dEvGw7hgeGGspump,2026-05-26T11:13:43Z,True,68iNSQcVbdHzDck7Cjexx1PhCcwpLjpDJjaC4EK911qB,,,,,783c911,Shilin/artifacts/external_validation/raw_coin_metadata/ENoLwwaCBYzKDeo3NGXhuMVFHE12dEvGw7hgeGGspump.json
EP7rDdaZK67LEMShEXjTvS3kpcTQgFRokZBZE79Dpump,2026-05-13T17:00:03Z,True,Bym8d2arseXt5iW6dEUNKshzkLS4hez9kTUtqUgu4UwX,,,https://twitter.com/cprkrn/status/2054607603443830951,,783c911,Shilin/artifacts/external_validation/raw_coin_metadata/EP7rDdaZK67LEMShEXjTvS3kpcTQgFRokZBZE79Dpump.json
EPQgHscHrYQBt8jHeqpJaYU9buGYHbyNNpWCyECMpump,2026-05-17T15:35:11Z,True,BgxBD87Tt23dS6bhkMk5wySWvUUpEAsnXkbv2reyG6iu,,,https://x.com/FuelXdev,https://www.fuelx.top/,783c911,Shilin/artifacts/external_validation/raw_coin_metadata/EPQgHscHrYQBt8jHeqpJaYU9buGYHbyNNpWCyECMpump.json
EPjDJ9DRqCSF78zPVYqM4ZGAvXBHuu1LJmJGUDmxpump,2026-05-21T14:56:02Z,True,5PL5ShfKKzY2ytKEU8hxFUU67r5CJhUFAZf2W4pu5jVd,,,https://x.com/NoProfitClub/status/2057465656635732348,https://noprofit.club/,783c911,Shilin/artifacts/external_validation/raw_coin_metadata/EPjDJ9DRqCSF78zPVYqM4ZGAvXBHuu1LJmJGUDmxpump.json
ER7877NBK7wADzTiXNaMHmK5AyDC9SmQCgKxAAVSpump,2026-05-16T23:54:02Z,True,AVM3vJHbYc9yZCwtoUTcq9Q9oPNWoU3BSPNZEoiWMSuj,,,https://x.com/pmarca/status/2055798805551776089,,783c911,Shilin/artifacts/external_validation/raw_coin_metadata/ER7877NBK7wADzTiXNaMHmK5AyDC9SmQCgKxAAVSpump.json
ESZLbp5qm8SPfiqAR2sDXrZNjo5hKZoD7FAFTmfCpump,2026-05-14T20:16:50Z,True,HevA6cMQePjQdXu15BGzPr7CKdv2MDJWuNfJDaHVjpmQ,,,,,783c911,Shilin/artifacts/external_validation/raw_coin_metadata/ESZLbp5qm8SPfiqAR2sDXrZNjo5hKZoD7FAFTmfCpump.json
ETaQzy8WBXT2yhCLz2j2EossLD28fxeQynUtP56ypump,2026-05-27T14:14:33Z,True,6MK6cXQNWMovtsX9trL12jV9DQRPBCfzFrm6SXwb4TtM,,,https://x.com/ChubbyPengSol,https://thechubbypenguin.vip,783c911,Shilin/artifacts/external_validation/raw_coin_metadata/ETaQzy8WBXT2yhCLz2j2EossLD28fxeQynUtP56ypump.json
ETqG9wyFtxVSoy5KoYGnz7Cpzq8LGKd2EFG4jscCpump,2026-05-13T19:41:31Z,True,9NX9b9DfBdRZYmKWxFvyZbk8sT4Ash434iX66aM83j2B,,,https://kick.com/mizkif,https://kick.com/mizkif,783c911,Shilin/artifacts/external_validation/raw_coin_metadata/ETqG9wyFtxVSoy5KoYGnz7Cpzq8LGKd2EFG4jscCpump.json
EVPLXmbYz6PQW4kht4NscqfXsBrCCLf388gRiknypump,2026-06-10T11:58:13Z,True,FxMqP3UUrMNa7qx2qvk2bXuR5hGRr9JGMaYXdkEZtYAe,https://t.me/cloudypumpfun,cloudypumpfun,https://x.com/cloudypumpfun,https://cloudy.wiki,783c911,Shilin/artifacts/external_validation/raw_coin_metadata/EVPLXmbYz6PQW4kht4NscqfXsBrCCLf388gRiknypump.json
EVoHkKKKgyaC2pVJ7oXdxmZgGEgGNhjuTsFDd2gpump,2026-06-02T00:20:14Z,True,9UQCPfP8uAFN8P9UdMgALjxqBvQJAyKYK48Sfzra38JM,,,https://x.com/alifarhat79/status/2061465572970246258,,783c911,Shilin/artifacts/external_validation/raw_coin_metadata/EVoHkKKKgyaC2pVJ7oXdxmZgGEgGNhjuTsFDd2gpump.json
EXJhUpDbn2QzWzkQCmJYhh1KzyKF3j6vw4m4SPAPpump,2026-05-28T06:32:46Z,True,SGq42jEfZR8Puma3xFJprBpvqb1CM1iGx4YmFpKZGDV,,,,,783c911,Shilin/artifacts/external_validation/raw_coin_metadata/EXJhUpDbn2QzWzkQCmJYhh1KzyKF3j6vw4m4SPAPpump.json
EXNF5iyZGaQ4ggrQL9zBGEr8hzfXDVzFepRtod8wpump,2026-05-14T06:04:04Z,True,6pcXfp45cUpXqQuPEbRS2S7DX5qySd5k1m3FwdtfavmL,,,,,783c911,Shilin/artifacts/external_validation/raw_coin_metadata/EXNF5iyZGaQ4ggrQL9zBGEr8hzfXDVzFepRtod8wpump.json
EXYq2jexyz9h1Zgm5xQCXtJvTZF9NCoagQ3iKsgNpump,2026-05-23T19:14:49Z,True,3ybtwc8nf2nfrVCp3fozScuajY2oLitA8Fxyop8qJRNK,https://t.me/KUROTAsol,KUROTAsol,https://x.com/KUROTA_SOL,https://kurota.one/,783c911,Shilin/artifacts/external_validation/raw_coin_metadata/EXYq2jexyz9h1Zgm5xQCXtJvTZF9NCoagQ3iKsgNpump.json
EYXh4zWUi9nSut9w7q6XS3MKgAdsQ89amd9Ji4uppump,2026-05-18T12:41:13Z,True,MKNCSbq6m9L9rLCt6YrUiRGLgVybHfU9Buz1dbaZGzw,,,https://x.com/niimishohei/status/2056352183935795530,https://x.com/niimishohei/status/2056352183935795530,783c911,Shilin/artifacts/external_validation/raw_coin_metadata/EYXh4zWUi9nSut9w7q6XS3MKgAdsQ89amd9Ji4uppump.json
EZcFtc7521hsSqfHPsjWCdQdqZe8ZrrngLPfqMupump,2026-05-14T18:48:35Z,True,65J3nosHxK4X5xkxt8Xu1USZNewWrnsaxVUbHiqNL5mW,https://t.me/TheWorldWhaleCup,TheWorldWhaleCup,,,783c911,Shilin/artifacts/external_validation/raw_coin_metadata/EZcFtc7521hsSqfHPsjWCdQdqZe8ZrrngLPfqMupump.json
EaAAwVnGWn7d3QUfT8qToKyxebs1qKEPjdqfCxQZpump,2026-06-10T04:01:15Z,True,9WR8ikCm5Y6JSu6zwkYjrDLhEofaEzcW3Kqbid4HgbuG,,,,,783c911,Shilin/artifacts/external_validation/raw_coin_metadata/EaAAwVnGWn7d3QUfT8qToKyxebs1qKEPjdqfCxQZpump.json
EaDYEyfzpBjwNSQ3eAnmiJC4xwGoYx7ujnDVJb9Vpump,2026-05-22T21:32:10Z,True,FgeTrUm9HqDJS9EPK1CaW9sy21QrXC7bHFJDKHgjKux,,,,,783c911,Shilin/artifacts/external_validation/raw_coin_metadata/EaDYEyfzpBjwNSQ3eAnmiJC4xwGoYx7ujnDVJb9Vpump.json
Eah43YmgH5XwqpeiTKb9aMnLnMTyMbQi2D2dXsZ2pump,2026-05-30T11:47:43Z,True,BEFPbXykuq3gdFe1s6tSqcvnhp8ZTvzxkD74f8aeQbAr,,,https://x.com/Safe_pumpx/status/2060683397287330095,https://t.co/91c6QfIKyB,783c911,Shilin/artifacts/external_validation/raw_coin_metadata/Eah43YmgH5XwqpeiTKb9aMnLnMTyMbQi2D2dXsZ2pump.json
EbfqgQXNBKcBgRtfqhuGiGXKMbjX7ssvUxaJhh7Mpump,2026-06-08T11:55:49Z,True,BGo5ne3Z4ZZPNxcw3zi9dmG86eWsxPTXPgAX2zjNqgnr,https://t.me/POLLYPUMPFUN,POLLYPUMPFUN,https://x.com/Polly_squ,https://pollyy.ink/,783c911,Shilin/artifacts/external_validation/raw_coin_metadata/EbfqgQXNBKcBgRtfqhuGiGXKMbjX7ssvUxaJhh7Mpump.json
EbnLFfTrjCRayJgVb4TVwmSn1kFTrnHHnfLmAJQLpump,2026-06-01T18:33:01Z,True,DWC7mrU4ZKft5oQpP4UTaQPTXAXjZQm7dvFSrVYSWqwd,,,https://x.com/PumpAirdrop/status/2061516294743355788,,783c911,Shilin/artifacts/external_validation/raw_coin_metadata/EbnLFfTrjCRayJgVb4TVwmSn1kFTrnHHnfLmAJQLpump.json
EcH2vwv3vy5198WN57ZoZnar381x4v27hFiTj6VTS4SZ,2026-05-26T13:14:16Z,True,Hw1unzCBxh6L6HZ7Bpj49vK9bJF4kddnGWTmnwruNvMr,,,https://x.com/i/status/2059261620581290451,https://axiom.trade/pulse?chain=sol,783c911,Shilin/artifacts/external_validation/raw_coin_metadata/EcH2vwv3vy5198WN57ZoZnar381x4v27hFiTj6VTS4SZ.json
EcWhpWQYhjEExPBmdS8RwVnsivmoZeLMQbEPpFQcViRL,2026-05-31T22:43:25Z,True,C7tfBy6rkihwWzcS8P2pP1GFb4itTnRyK552MKtrBZ7S,,,,,783c911,Shilin/artifacts/external_validation/raw_coin_metadata/EcWhpWQYhjEExPBmdS8RwVnsivmoZeLMQbEPpFQcViRL.json
EcgErGVZ1djASCyx5xCG8XxqU5jYpf5UeLuwRzRPpump,2026-06-08T19:55:45Z,True,A7zM2LjDtaCmm3yq6itpVdH3pV6xBi4Atdh867inm3Qc,,,,https://knowyourmeme.com/memes/duck-smoking-gif,783c911,Shilin/artifacts/external_validation/raw_coin_metadata/EcgErGVZ1djASCyx5xCG8XxqU5jYpf5UeLuwRzRPpump.json
EeEztmmDpxjYVShGCwxTbXpFB1Bome8KZAV3cHFmpump,2026-06-01T03:36:59Z,True,DWBeLTFvdMxY1ZSJkUv28ZtKYuEBj5bkw6i6Vg3w98xo,,,,https://ghostorca.fun/,783c911,Shilin/artifacts/external_validation/raw_coin_metadata/EeEztmmDpxjYVShGCwxTbXpFB1Bome8KZAV3cHFmpump.json
Eeco78Mjn7feQZay7jCaiqrRC5RrGptgfqzCqffDpump,2026-06-02T13:28:33Z,True,2oggfyyoAvwuMbqFVLZxKMr9Bng2nJLT1Wtsc7LqAkoi,,,https://x.com/vaneck_us/status/2061802117648601319,,783c911,Shilin/artifacts/external_validation/raw_coin_metadata/Eeco78Mjn7feQZay7jCaiqrRC5RrGptgfqzCqffDpump.json
EezJFMMFJoTSKNd6SgyQYEU9Ma7cXupTeGsgHdYApump,2026-06-03T15:46:34Z,True,Be6bgcx6WckKkfhRJDrSdPN95ta8GVH7gwYZcZErR4nb,https://t.me/goldengoalsol,goldengoalsol,https://x.com/goldengoalsol,https://www.goldengoalsol.com/,783c911,Shilin/artifacts/external_validation/raw_coin_metadata/EezJFMMFJoTSKNd6SgyQYEU9Ma7cXupTeGsgHdYApump.json
EfU8kMtpFBjMKT3HPGREkPkX8o3qB8xeYm8S3iCCpump,2026-05-20T14:51:24Z,True,JCQ8Y4Ga8oHWREtCBMh1WigUegRJZ28BMf7fHDiz88NK,,,https://x.com/elonmusk/status/2057105681707409412,https://x.com/Inevitablewest/status/2057065885949481336,783c911,Shilin/artifacts/external_validation/raw_coin_metadata/EfU8kMtpFBjMKT3HPGREkPkX8o3qB8xeYm8S3iCCpump.json
EfxE1WTmcjCzJqXsq9HjYLH51tqKJWEVQocZoNxkpump,2026-05-22T09:49:16Z,True,8DwCLzpbYARJgcUP1YcyyC7B1m2zxjfRRNUz9xvhS5Ta,https://t.me/worldbuttcupsol,worldbuttcupsol,https://x.com/WorldButtCupSol,https://worldbuttcup.lol/,783c911,Shilin/artifacts/external_validation/raw_coin_metadata/EfxE1WTmcjCzJqXsq9HjYLH51tqKJWEVQocZoNxkpump.json
EgPj6zbLK4CTFKVS4WMZRHMLzdyBXagbque6nfUBpump,2026-05-31T00:40:50Z,True,GXYQoozwJKotSP6neSkBxHwA6XRYQ2jYft631zzZx7fg,,,,,783c911,Shilin/artifacts/external_validation/raw_coin_metadata/EgPj6zbLK4CTFKVS4WMZRHMLzdyBXagbque6nfUBpump.json
Egtj1pxH6hP18UhhUsKobQvTu93NitfpnQ7UcLgnpump,2026-05-12T02:08:41Z,True,FFiMLSiP9Gg9CsuTnfdk9vFNGUc57k2mT9Gkb2zHKpsi,,,https://x.com/ShabbatMonster/status/2054020906079428804,,783c911,Shilin/artifacts/external_validation/raw_coin_metadata/Egtj1pxH6hP18UhhUsKobQvTu93NitfpnQ7UcLgnpump.json
EgvDd8LsDGqQ9okMQbb153DpwqcE1joe16nuB1TqzCX1,2026-05-28T19:21:59Z,True,BUudk3rqEtEQa6ZU2F5Aeubq3ssvLWqyACgUBa9VLUbz,,,https://www.youtube.com/watch?v=kZjFUEAUA3I,,783c911,Shilin/artifacts/external_validation/raw_coin_metadata/EgvDd8LsDGqQ9okMQbb153DpwqcE1joe16nuB1TqzCX1.json
EhHyfjRwj2jhmSE7GW5uJfizaLcNDa5C4HWPiSqjpump,2026-05-23T09:48:20Z,True,EnYMBPWxnVJ7EBaV3D9sTtiCmiDtM658LorfqVLwvSCF,,,,,783c911,Shilin/artifacts/external_validation/raw_coin_metadata/EhHyfjRwj2jhmSE7GW5uJfizaLcNDa5C4HWPiSqjpump.json
Eih6CRLVrzAbfs79HrdH1Phaazfx4G5cWbuZtfB6pump,2026-06-02T15:38:26Z,True,4tPGjtGqtReRwRstJXKzEUJc8FaECYym4eovY12xbir5,,,,,783c911,Shilin/artifacts/external_validation/raw_coin_metadata/Eih6CRLVrzAbfs79HrdH1Phaazfx4G5cWbuZtfB6pump.json
Ej8i4kdhrwuCySV7gAiYTMyxtzptEayBcyjAZuGEpump,2026-06-02T07:09:10Z,True,4VYyTFP37cC2dZSQKY1C37DQuxvXYifTpac6vegw6Fou,,,,,783c911,Shilin/artifacts/external_validation/raw_coin_metadata/Ej8i4kdhrwuCySV7gAiYTMyxtzptEayBcyjAZuGEpump.json
EjTyVUwBLHrjC4muB5bsNPNWo3KybdVw3wLc91Kwpump,2026-06-03T12:04:06Z,True,5fUJgwtiyfebWx2cgdVVY14hc5wYbThGxCwkZEgJf75b,https://t.me/M1SOLANA,M1SOLANA,https://x.com/YoRHaSol,https://yorhasol.com,783c911,Shilin/artifacts/external_validation/raw_coin_metadata/EjTyVUwBLHrjC4muB5bsNPNWo3KybdVw3wLc91Kwpump.json
Emf9qGSbbHn8pkWPrm8QQkbPi9CjDifUA39EeDvXpump,2026-05-13T18:15:59Z,True,2SqPvrowdn7hFj7af8t6Uh938zrRoFuHtvgb2EDrCHb8,https://t.me/NUBBIX,NUBBIX,https://x.com/nubbix_sol,https://nubbixsol.com/,783c911,Shilin/artifacts/external_validation/raw_coin_metadata/Emf9qGSbbHn8pkWPrm8QQkbPi9CjDifUA39EeDvXpump.json
EnE6JN7G5BatUi1NeqJoiq16QeYqXeEiV61q9VYppump,2026-06-08T17:00:25Z,True,HiCvUvamTBxqW6pjJXW8sPNiAxSGPqY3PJBrL1kKUHjp,,,https://x.com/Reuters/status/2064025913613049935,https://www.reuters.com/sports/soccer/mexico-city-axolotl-salamanders-are-everywhere-before-world-cup-except-wild-2026-06-08/?utm_medium=Social&utm_source=Facebook,783c911,Shilin/artifacts/external_validation/raw_coin_metadata/EnE6JN7G5BatUi1NeqJoiq16QeYqXeEiV61q9VYppump.json
EnULuTS1H5F73GuTqGejbCBoDFCn9dU4EhECPiz1pump,2026-05-15T10:21:24Z,True,Ca2ZqcabN1d4RfCseo57NcD7bTcfKS96Av2ygQauRKhx,,,https://x.com/WC2026X,https://www.wc2026.lol/,783c911,Shilin/artifacts/external_validation/raw_coin_metadata/EnULuTS1H5F73GuTqGejbCBoDFCn9dU4EhECPiz1pump.json
EoS52tzeShRZWwoEyND2Uv2zWrEbkWrpoBauTvFSz2z3,2026-05-15T19:14:25Z,True,8vYwN6oczSHCYjBtoyVS9sKWkVXeeFLFPbj3UFF7gt66,,,,,783c911,Shilin/artifacts/external_validation/raw_coin_metadata/EoS52tzeShRZWwoEyND2Uv2zWrEbkWrpoBauTvFSz2z3.json
EoSFcA1PEei5ngoa9SuYh5DnTDs63DgkMjeCE4UYUqB5,2026-05-18T16:10:19Z,True,BcT2imEC7meGkQ5SdmE5Qwi8fAC1QG1NXzxgjMvEVNwr,,,https://x.com/rahulchhabra07,https://sabi.com/,783c911,Shilin/artifacts/external_validation/raw_coin_metadata/EoSFcA1PEei5ngoa9SuYh5DnTDs63DgkMjeCE4UYUqB5.json
EpjybqRfiFnLeduzc3sHZ1NJq1y9vWKs37ebBckqpump,2026-05-31T14:32:21Z,True,8f3N8VvBERY5iLtfsmgae3ZM6Ps2HY8Rc9gBUjiSo2tZ,,,https://x.com/feelingvlucky/status/2061093332508631355,,783c911,Shilin/artifacts/external_validation/raw_coin_metadata/EpjybqRfiFnLeduzc3sHZ1NJq1y9vWKs37ebBckqpump.json
EpoMzqR5Z9rXjyZhrVJL9ZMkhzLY5tZPzPJRaXMqpump,2026-06-06T13:59:47Z,True,7BgxMYgbrt8Lpi96p89qadySoHPxArg9JPVdrkMazX29,,,https://x.com/WallStreetMav/status/2063251234224504960,https://x.com/martianwyrdlord/status/2062902176213565644,783c911,Shilin/artifacts/external_validation/raw_coin_metadata/EpoMzqR5Z9rXjyZhrVJL9ZMkhzLY5tZPzPJRaXMqpump.json
EqoRqS39G7n415A5JUPUDt5mxTvg1YGe1JMJhyDpump,2026-05-15T14:45:31Z,True,3gcV6BJT9ZmcBgjjCE8coTpYUQi8XMekTHFGPBMimQeZ,,,https://x.com/letmedevit/status/2055298154270953581,https://github.com/xaialgorithm/x-algorithm/blob/main/grox/plans/plan.py,783c911,Shilin/artifacts/external_validation/raw_coin_metadata/EqoRqS39G7n415A5JUPUDt5mxTvg1YGe1JMJhyDpump.json
Es5XQ5yUjCDSMuD7X6jDFNX82LjynB2s1idBEqeUpump,2026-06-05T20:29:11Z,True,GF5oWaMxj1ogSc3vGceC4wntLHzK1W8bm1Ku7mqkhrhD,,,https://x.com/toly/status/2062987041110188080,https://x.com/KobeissiLetter/status/2062975596934664647,783c911,Shilin/artifacts/external_validation/raw_coin_metadata/Es5XQ5yUjCDSMuD7X6jDFNX82LjynB2s1idBEqeUpump.json
Esvc4WSQNZ7gd8HL8wbhHmM9mxRcTbHvnk4oxzr5pump,2026-05-25T15:19:08Z,True,9GStY7CMM5FMXTLjCLkrvdhXeZTbPkt9aFtDqxGoBhmY,,,https://x.com/PopaudeAI,https://popaude.cloud,783c911,Shilin/artifacts/external_validation/raw_coin_metadata/Esvc4WSQNZ7gd8HL8wbhHmM9mxRcTbHvnk4oxzr5pump.json
EsyCBmyBJt5jWioD18ReYdHK6XbPEw6FoUxqgWvvpump,2026-06-02T06:22:27Z,True,9v5rLzTNLRzFomnFypJW6hU9A7Cqh61fZ92fz979A8M2,,,https://x.com/sol_trumpius,https://trumpiusmaximus.site,783c911,Shilin/artifacts/external_validation/raw_coin_metadata/EsyCBmyBJt5jWioD18ReYdHK6XbPEw6FoUxqgWvvpump.json
EtNESVGMBhhx6cRkBMRnLwkww4FLCWUYVimutQ8tpump,2026-05-24T19:00:16Z,True,4w1pSefn3LagGVNHNHaGbwpVHU2P5stTFRzwDbEj3apd,,,https://x.com/breakzfun,https://breakz.fun/,783c911,Shilin/artifacts/external_validation/raw_coin_metadata/EtNESVGMBhhx6cRkBMRnLwkww4FLCWUYVimutQ8tpump.json
EtquDNisHSiFkD1xFoN2Wp9HgG1iNRS8u9NHNKxUpump,2026-05-16T13:21:11Z,True,E5NJ6DHtf5r48AaYAbZcQMHJuaHM1fby4fQKbdhrdqiq,,,https://x.com/Coal_Scan/status/2055639675805532378,https://x.com/elonmusk/status/1122660604953542658,783c911,Shilin/artifacts/external_validation/raw_coin_metadata/EtquDNisHSiFkD1xFoN2Wp9HgG1iNRS8u9NHNKxUpump.json
Etz7mLDFzuDmi2np4Tgu2idL5h3YgknfCNwAnCRmpump,2026-05-27T14:13:48Z,True,CgXLD4KffdfkeuXh3d4W8NegqjqNLZpuN7hUMQxhkPch,https://t.me/dysonsol,dysonsol,https://x.com/DysonSOLX,https://www.thesun.co.uk/news/39178984/dog-owner-punches-drags-rottweiler-banned/?utm_source=chatgpt.com,783c911,Shilin/artifacts/external_validation/raw_coin_metadata/Etz7mLDFzuDmi2np4Tgu2idL5h3YgknfCNwAnCRmpump.json
EvsMxmKJae18oerZxtArE2bu2tpDu4eP5Joh6qATpump,2026-05-15T07:55:04Z,True,EhjBqq4oyGg5RToNNWR4z8ntwvTGLkogWHEbX8pBcPP7,,,,https://www.scarymaze.click/,783c911,Shilin/artifacts/external_validation/raw_coin_metadata/EvsMxmKJae18oerZxtArE2bu2tpDu4eP5Joh6qATpump.json
Ew5mtSWJyyrULGjZV8twouvwxNC2J4ejo93wjTfdpump,2026-05-26T20:51:54Z,True,aywVXjqmbPF7Y5c1jWmS69cSsHNJ6aM4yNu4UDBu13r,,,https://x.com/XScharo/status/2059376950872044018?s=20,,783c911,Shilin/artifacts/external_validation/raw_coin_metadata/Ew5mtSWJyyrULGjZV8twouvwxNC2J4ejo93wjTfdpump.json
EwegwCADiA73FgHQ2paawwSHF5GBkKYFVMCKedRspump,2026-05-12T05:56:36Z,True,D9XZMVRsZjhYgsMpG74di1tiZvdBUQVzZzgoiDixGfDJ,,,,https://lilgreeny.lol/,783c911,Shilin/artifacts/external_validation/raw_coin_metadata/EwegwCADiA73FgHQ2paawwSHF5GBkKYFVMCKedRspump.json
EwrGp4tDun3pVvHpidcoWbtSaU5gDpUJwuz3F7gEpump,2026-05-13T16:54:04Z,True,YDFo5Jaddv1yyAK8RZVePXRkJ8ihPXTzAJi4eXcoLdA,,,https://x.com/atltaq/status/2054606113417371755,,783c911,Shilin/artifacts/external_validation/raw_coin_metadata/EwrGp4tDun3pVvHpidcoWbtSaU5gDpUJwuz3F7gEpump.json
EykwY8t3FK2n5NeQ17trVPdPAQngAiorKmVnv3wpump,2026-05-15T01:43:16Z,True,4E2aPbCTkzt3qQSAmMh7cF1hVyE9Du75H5J3o8s8Up6b,,,https://twitter.com/cb_doge/status/2054927235761770958,,783c911,Shilin/artifacts/external_validation/raw_coin_metadata/EykwY8t3FK2n5NeQ17trVPdPAQngAiorKmVnv3wpump.json
EzDwzBwCXBHxKHDbXabQcg7txsCgGX3YR4HuLvTrpump,2026-06-02T05:40:29Z,True,4FXSsx973W9hqpC2szYG1vjMxCPvz1BreJ2FuHK5ML4h,,,https://x.com/harkl_/status/2061683331885125903,https://coincommunities.org/communities/EB5o6CtCoZx2p2DUdRAWdQrTJbHQcMkaTt1qKu4Ppump,783c911,Shilin/artifacts/external_validation/raw_coin_metadata/EzDwzBwCXBHxKHDbXabQcg7txsCgGX3YR4HuLvTrpump.json
EztJNQ9xmi5Y4MUPwT7FxTQMEtSmNc5P2ixDqrf9pump,2026-05-31T23:42:16Z,True,8CWfdpgEsiN9qDgkDEoxUth4YeXxkNrnqPgtTqmdaPbd,https://t.me/GayCupCoin,GayCupCoin,,,783c911,Shilin/artifacts/external_validation/raw_coin_metadata/EztJNQ9xmi5Y4MUPwT7FxTQMEtSmNc5P2ixDqrf9pump.json
F16VwHqnx94MkU6Q4AdbuiyA3jF4KWCJ6EXkC3wKpump,2026-05-31T14:18:40Z,True,63Zst83YFM9iZoyiJRQF6kwoMv9wsX1AX4bae3NFoag2,,,,,783c911,Shilin/artifacts/external_validation/raw_coin_metadata/F16VwHqnx94MkU6Q4AdbuiyA3jF4KWCJ6EXkC3wKpump.json
F1eq1Tm9M2mK9fo92DZRbXex856mJX192s1sM9jJpump,2026-06-04T16:15:26Z,True,8G9PjeEsgYsXhQxYEWS9KZZuaVbrBZqpGQCRVByoUjCe,,,https://x.com/0xSavior/status/2062568859316429245,,783c911,Shilin/artifacts/external_validation/raw_coin_metadata/F1eq1Tm9M2mK9fo92DZRbXex856mJX192s1sM9jJpump.json
F2bZzqv7MPs2vTnA77fEC6C8Rwz4AiZu9zNViPE2pump,2026-05-13T10:04:54Z,True,7FgjfJDrFe2BWicoLHZu2ni26YA9fHyVXrcmZACTCGiW,https://t.me/TheDrunkBullSol,TheDrunkBullSol,https://x.com/TheDrunkBullSol,https://thedrunkbull.lol,783c911,Shilin/artifacts/external_validation/raw_coin_metadata/F2bZzqv7MPs2vTnA77fEC6C8Rwz4AiZu9zNViPE2pump.json
F3oq9UkymvBJUu8gip22r5xzhqSwxPAsb7ABopaLpump,2026-05-31T04:27:19Z,True,6suyCTYEb8D18Hv7d9qijVFLjYgiav66D3R2LWcuh1pQ,,,https://x.com/humanevolvd/status/2060941042451435601?s=46,,783c911,Shilin/artifacts/external_validation/raw_coin_metadata/F3oq9UkymvBJUu8gip22r5xzhqSwxPAsb7ABopaLpump.json
F5RU4VNSRDj8sP9yVB518a7PhM9NyUWBQemCLqk4pump,2026-06-04T12:32:09Z,True,CHit3VLJndHLRrAQbFkmJHfjFruGtfD7XbwjGYPQoqyq,https://t.me/NEOWgang,NEOWgang,https://x.com/NEOWgang,https://neowgang.com,783c911,Shilin/artifacts/external_validation/raw_coin_metadata/F5RU4VNSRDj8sP9yVB518a7PhM9NyUWBQemCLqk4pump.json
F72Tix8tEKutQJrj3ugmsNgBdmKfmUVbSEFe4FAQpump,2026-06-05T04:03:40Z,True,BpMa2WSCTyyhKemELE1XfbRUpV5X1diQMLLCUEzNVt1n,,,https://x.com/cooldevisback/status/2062747096013299747?s=20,,783c911,Shilin/artifacts/external_validation/raw_coin_metadata/F72Tix8tEKutQJrj3ugmsNgBdmKfmUVbSEFe4FAQpump.json
F7PNM37BwCrDBU3cVoXDgaa2jSTMKgzmTKLwG5wt4GME,2026-05-17T20:24:36Z,True,2k59ekHRr5ZaR9RKkbRD9U9tcArS9XX4kCoPkNok4ee1,,,https://x.com/TheRoaringKitty,,783c911,Shilin/artifacts/external_validation/raw_coin_metadata/F7PNM37BwCrDBU3cVoXDgaa2jSTMKgzmTKLwG5wt4GME.json
F7R2hZxK5wSPxdzVNCAoWWuDR2gSqFmHAtYFSfBXpump,2026-05-22T10:53:31Z,True,GnspBrDsxCMVbR3a8ucSvN11FLXy4xmUBehh5g6AHLtZ,,,,https://www.jeetpizza.site/,783c911,Shilin/artifacts/external_validation/raw_coin_metadata/F7R2hZxK5wSPxdzVNCAoWWuDR2gSqFmHAtYFSfBXpump.json
F7rEzRiMLtpnMmc2BUEJBc6boeMUeLxNAiGyAR7Cpump,2026-05-31T10:36:20Z,True,HeToVqndeydAavjQMYsfgu2PYCj6TUVvWRDHBgsJWWqZ,,,,,783c911,Shilin/artifacts/external_validation/raw_coin_metadata/F7rEzRiMLtpnMmc2BUEJBc6boeMUeLxNAiGyAR7Cpump.json
F8YrwT6uWYFyNypNdqprXNEx1Q7cSiWLDhS73Jh6pump,2026-05-20T02:45:11Z,True,3rEr298sAGjZvnqutaVHJzDNjx84QjLTYVFguDPi5ARo,,,,,783c911,Shilin/artifacts/external_validation/raw_coin_metadata/F8YrwT6uWYFyNypNdqprXNEx1Q7cSiWLDhS73Jh6pump.json
F9fAvYaLqyicibAynqZp2ZtaMs5BUecQexMw1rgupump,2026-06-06T05:06:22Z,True,F1ZdMfyJj3e9V1S5wi6iVLEhzQdLKjfXzfRyErvR4FRJ,https://t.me/hunteriusbidenus,hunteriusbidenus,https://x.com/HunteriusX,https://hunteriusbidenus.fun/,783c911,Shilin/artifacts/external_validation/raw_coin_metadata/F9fAvYaLqyicibAynqZp2ZtaMs5BUecQexMw1rgupump.json
F9jxTiYP1EN7mBs9Tt2Zs1wunwq5tirkRQVvc78Fpump,2026-05-16T02:46:24Z,True,9xbKoYQdyR5tAhgh3EoSP55gi8nhd14GX2kfW8tjGCcK,,,,https://wantedtroll.fun/,783c911,Shilin/artifacts/external_validation/raw_coin_metadata/F9jxTiYP1EN7mBs9Tt2Zs1wunwq5tirkRQVvc78Fpump.json
F9wfcW8qvWmwBpA94QBRy4ShT6nG9vLXBwZ5CcGXpump,2026-06-06T15:43:32Z,True,FUQBNcM6Fr5MSqcae2CUNAY4dayBvt5KqMnccvgxsd6f,,,,,783c911,Shilin/artifacts/external_validation/raw_coin_metadata/F9wfcW8qvWmwBpA94QBRy4ShT6nG9vLXBwZ5CcGXpump.json
FANXGEYiQFwmh3Chh9K7q86m5fujt9r5psNSnppRpump,2026-05-18T01:34:39Z,True,DU3gGLQvv52zFiF3cfkc3bTxyFXLwRrXjapwdduGgogx,,,https://x.com/memenald,https://truthsocial.com/@realDonaldTrump/posts/116591901587847680,783c911,Shilin/artifacts/external_validation/raw_coin_metadata/FANXGEYiQFwmh3Chh9K7q86m5fujt9r5psNSnppRpump.json
FAetQWfZ3NVAfFopg8W8ewxZMsLLSErfm3DnAeAppump,2026-05-28T02:46:41Z,True,4g35qjJBg76mUdK8NPLs28B14eWtJ2TCTNGD9GVcKo4N,,,,,783c911,Shilin/artifacts/external_validation/raw_coin_metadata/FAetQWfZ3NVAfFopg8W8ewxZMsLLSErfm3DnAeAppump.json
FAyiooJtJs8Sa3MvnGURJS9rp69YL5Wf4RuhgrBkpump,2026-06-08T12:29:35Z,True,DAwkJ84ZbCynM42FN2BN8Gf4UmmG5mfXp85qtHxgnaB3,https://t.me/z3daiworld,z3daiworld,https://x.com/Z3DAIWorld,https://z3dai.world/,783c911,Shilin/artifacts/external_validation/raw_coin_metadata/FAyiooJtJs8Sa3MvnGURJS9rp69YL5Wf4RuhgrBkpump.json
FB4WMLuN9fWiLwc5cN1ZvshizgPjjJYa5i7YU4KCpump,2026-06-06T22:00:02Z,True,4KiXKSgFNLAfZJppXdnbP534Ww5SWgpiuSAQmqrmwCns,https://t.me/VENOMEXE,VENOMEXE,https://x.com/venomexesol,https://venomexe.monster/,783c911,Shilin/artifacts/external_validation/raw_coin_metadata/FB4WMLuN9fWiLwc5cN1ZvshizgPjjJYa5i7YU4KCpump.json
FCypcgDZwB8YpgGH3mi8HzJ5Gd2mK9iH952dGsHUpump,2026-06-08T20:36:45Z,True,9WbLFDjCE1ponbpShvrGjCTAuxYF9L4kb9Po6aH4wZU3,,,,,783c911,Shilin/artifacts/external_validation/raw_coin_metadata/FCypcgDZwB8YpgGH3mi8HzJ5Gd2mK9iH952dGsHUpump.json
FECXUwSDS1wTPcU8PWrSbPpUUsQsnDT7xCFK6sFzCwKk,2026-05-28T13:49:28Z,True,CWiGGao6xquEbs6z6pSZGQncJLFY6ojejRqkNTwgtja2,,,https://x.com/NYCMayor/status/2059995253550002361,https://axiom.trade/pulse?chain=sol,783c911,Shilin/artifacts/external_validation/raw_coin_metadata/FECXUwSDS1wTPcU8PWrSbPpUUsQsnDT7xCFK6sFzCwKk.json
FEE5zk8SPPxSLaHxZidgd3GYj65fpS1BddgoywoGpump,2026-05-14T00:18:26Z,True,8AzmiVUfVc3Tf16EmGA34KfbUAf959zbmDkSBcPMmvMs,,,https://x.com/TheFinalZazu/status/2054717070906949722,https://x.com/TheFinalZazu/status/2054717070906949722,783c911,Shilin/artifacts/external_validation/raw_coin_metadata/FEE5zk8SPPxSLaHxZidgd3GYj65fpS1BddgoywoGpump.json
FHC3YzCfi1DUp4dBNfbjv6W8qhYdkTLHXZ5L44Jpump,2026-05-17T09:20:40Z,True,4iUJkthnTtyeKVqp69wsEyU1DywUHVXfSWWDfY8smFNp,https://t.me/robli_SOL,robli_SOL,https://x.com/robli_onsol,https://solana.robli.fun,783c911,Shilin/artifacts/external_validation/raw_coin_metadata/FHC3YzCfi1DUp4dBNfbjv6W8qhYdkTLHXZ5L44Jpump.json
FHW6iKxokVQXyd7jHmVuwp4EYngarq4jz5JqfTQspump,2026-06-02T11:50:16Z,True,wNw2brMcob9Eqp4fFjjkSG3NSzT3Z8ZiACVgJgafuhQ,https://t.me/PITO_SOL,PITO_SOL,https://x.com/PITO_SOLANA,https://pito.top/,783c911,Shilin/artifacts/external_validation/raw_coin_metadata/FHW6iKxokVQXyd7jHmVuwp4EYngarq4jz5JqfTQspump.json
FHiFp537B1fQmdfFCwpJtVGK2PjYYrQD7iQPfmUopump,2026-05-25T17:17:08Z,True,AZQ9NQ1rcR4awc8Xfa9SgLGH9JgbjwX4B15e6uh6scNm,,,https://x.com/HolyBankSol,https://holybanks.online,783c911,Shilin/artifacts/external_validation/raw_coin_metadata/FHiFp537B1fQmdfFCwpJtVGK2PjYYrQD7iQPfmUopump.json
FJ1p7DD2Hfq3mr5JZovgA9iegRSy8sQbB3XaAg4qpump,2026-06-04T04:53:17Z,True,GZB5VwBpggbMnBteCGcnTnYyYKdrvUaVks9gR8JLP6k6,,,,,783c911,Shilin/artifacts/external_validation/raw_coin_metadata/FJ1p7DD2Hfq3mr5JZovgA9iegRSy8sQbB3XaAg4qpump.json
FJ92Hofsgg5Htcf98u5Y5USRSGTTQHtMe9VrPYDpump,2026-05-21T04:10:16Z,True,CtoKorZmGkZNyRSMgUmMDKQgmn2vqVbixFF2hxYNJJVD,,,https://x.com/heishimmy/status/2057312908619759860?s=20,https://x.com/i/trending/2057260433468469481,783c911,Shilin/artifacts/external_validation/raw_coin_metadata/FJ92Hofsgg5Htcf98u5Y5USRSGTTQHtMe9VrPYDpump.json
FJZTokDdZKNQAeeDV4kjsMmYAv4PtxwPMWw8w6FCpump,2026-06-08T16:30:21Z,True,DT6RV5c7JFAcE7P4rZcm66SAH987MmoSdv5fytEjFopN,,,https://x.com/BountyBloxPF,https://bountybloxpf.com/,783c911,Shilin/artifacts/external_validation/raw_coin_metadata/FJZTokDdZKNQAeeDV4kjsMmYAv4PtxwPMWw8w6FCpump.json
FKNxijjFYRBjxXYmfrvagkEoohsaRALQci3164xBpump,2026-05-12T06:40:22Z,True,EKVyrHanbgpNDGtAzgfmtinKbsKrSnR9zMpoJS6a9GHu,,,,https://lilgreeny.lol/,783c911,Shilin/artifacts/external_validation/raw_coin_metadata/FKNxijjFYRBjxXYmfrvagkEoohsaRALQci3164xBpump.json
FL8uNcwwC1dAmpX7uEJaTRjqAHkrsih3KTuMiUV5pump,2026-06-07T10:10:41Z,True,Yr8HjKLbLvfpm8rC3FjP8QyhC2jnfKgrsyPyqNtscbr,,,,,783c911,Shilin/artifacts/external_validation/raw_coin_metadata/FL8uNcwwC1dAmpX7uEJaTRjqAHkrsih3KTuMiUV5pump.json
FNVvh7wWRa15miMCmAiMZufpkL5iCoqH4rCrtma5pump,2026-06-02T08:12:50Z,True,8FzyeHqAYBp6C4oKkzupQiqsz3MeX1oBbv8iCe4KT9Ns,,,,,783c911,Shilin/artifacts/external_validation/raw_coin_metadata/FNVvh7wWRa15miMCmAiMZufpkL5iCoqH4rCrtma5pump.json
FNfasTdcd2JrpzWuCTUgySKkFJEpUZqMaUXDutAcpump,2026-05-24T02:13:06Z,True,AMa8MogbD4yM1SS5YC2UsevBtdbwPPzkRd6LJQLWBTCk,,,https://x.com/i/communities/2023185174897242412,,783c911,Shilin/artifacts/external_validation/raw_coin_metadata/FNfasTdcd2JrpzWuCTUgySKkFJEpUZqMaUXDutAcpump.json
FPkfTLogT1mMdji2Upeud1m1C7ZPCwwSdxCW3Gdmpump,2026-05-18T21:17:09Z,True,9RLjNEXu8u3WKYmoSm9n8XnaCMGzjNikbcSSYcrkGThD,,,https://x.com/i/communities/1809984739341640177,https://tinyworld.build,783c911,Shilin/artifacts/external_validation/raw_coin_metadata/FPkfTLogT1mMdji2Upeud1m1C7ZPCwwSdxCW3Gdmpump.json
FPmyQC4kxcs7AJ8oEszPQPTit48fsMwJPg2yT6ZYpump,2026-06-01T14:18:48Z,True,2KmcpVdzw2XQg5qstAn7beJ1VcyxxWV6qzuKjuKAHgSe,,,https://x.com/hiddenformula_/status/2061452213847831021,https://www.hiddengemformula.xyz/,783c911,Shilin/artifacts/external_validation/raw_coin_metadata/FPmyQC4kxcs7AJ8oEszPQPTit48fsMwJPg2yT6ZYpump.json
FQXHLPpBZSwhEZoTfEoYZ3EDzZEeqyUoDraYNP3Xpump,2026-06-07T20:25:14Z,True,3DhWiVM9ej55WNz11hK5WVv1MdsaQxQVEEatm6wGhki1,,,https://x.com/Edgeyy/status/2063718917433114683?s=20,https://x.com/i/communities/1825217147074711870,783c911,Shilin/artifacts/external_validation/raw_coin_metadata/FQXHLPpBZSwhEZoTfEoYZ3EDzZEeqyUoDraYNP3Xpump.json
FSAbJW8CoM1ifqcZ8CRyi1SoEwDwNNuX3sSLLH3Vpump,2026-06-09T04:32:56Z,True,EWVTTMoFaGn9CtNbVJXdMV4ZvfxVneMJxGzgoNkMtNgV,,,,https://thebeard.lol/,783c911,Shilin/artifacts/external_validation/raw_coin_metadata/FSAbJW8CoM1ifqcZ8CRyi1SoEwDwNNuX3sSLLH3Vpump.json
FSJjkoszKtrfacrv13oG8Mo5xVzWf2TewFUfqMpGpump,2026-05-12T07:21:18Z,True,5LPe6Diqp5yEYQatfueciZGveirgqaDDxeAyK6AVMV4j,https://t.me/USDREDCREW,USDREDCREW,,,783c911,Shilin/artifacts/external_validation/raw_coin_metadata/FSJjkoszKtrfacrv13oG8Mo5xVzWf2TewFUfqMpGpump.json
FSv5KCS7YfgkfvADd1iVu9EtHVXsAHjiMvzNV8xfpump,2026-05-19T12:27:08Z,True,7FR69DN5G74dTcsYXfuREBVs6fkBxTTyfW6DXTLztibk,,,https://x.com/GymcoinMeme,,783c911,Shilin/artifacts/external_validation/raw_coin_metadata/FSv5KCS7YfgkfvADd1iVu9EtHVXsAHjiMvzNV8xfpump.json
FTHpjAUWojD1i4bu1JSr8mGVZQH6nDw3pfhjcqdMpump,2026-05-14T18:37:54Z,True,LGFrEUDwDnXnG8QRiyAKLkoEoqBntbagGUfHhjSPLjm,https://t.me/SolanaCupCoin,SolanaCupCoin,,,783c911,Shilin/artifacts/external_validation/raw_coin_metadata/FTHpjAUWojD1i4bu1JSr8mGVZQH6nDw3pfhjcqdMpump.json
FTzHPBL88dgbQzLHWDeNgQJ9bWdtonENmybMpyjopump,2026-05-18T01:40:26Z,True,GzJ1xGF6o2iXiexMwSDYKKWNCEaZ5h4dMh7xRx89KkFu,,,https://x.com/SHL0MS/status/2054280631807316329,,783c911,Shilin/artifacts/external_validation/raw_coin_metadata/FTzHPBL88dgbQzLHWDeNgQJ9bWdtonENmybMpyjopump.json
FUAmN797vrGPcJyogFo2v29iE52Hfukfe69L6NTErpow,2026-05-19T13:49:42Z,True,BmGbvLKpoeeDpymjPiHjdLBnB4G75n5ZTaq71E716pm6,,,https://x.com/dotkrueger,https://rpow2.com/,783c911,Shilin/artifacts/external_validation/raw_coin_metadata/FUAmN797vrGPcJyogFo2v29iE52Hfukfe69L6NTErpow.json
FUMJ9CWPbjKuyDZ6UsxzqE63Nnzwg8xYdpmsrEDdpump,2026-05-19T06:05:11Z,True,CQXV9VgrFxbbG5PbYujRgQTtaCvjZycYVwciYWui6dh8,,,,,783c911,Shilin/artifacts/external_validation/raw_coin_metadata/FUMJ9CWPbjKuyDZ6UsxzqE63Nnzwg8xYdpmsrEDdpump.json
FUTcXe16FqRr124dqZMZeGPm5XVHkp72hyvxjHxXpump,2026-06-08T14:51:11Z,True,21VGRqcPbhW5HrQRiV2DZcvgxU1xyWyyPm5ET8WtvHK1,,,https://x.com/FIFA2026_X,https://www.fifa2026coin.cc,783c911,Shilin/artifacts/external_validation/raw_coin_metadata/FUTcXe16FqRr124dqZMZeGPm5XVHkp72hyvxjHxXpump.json
FUz6JWYHBkMmun7SXmiMTmNgk9XAyFmeaD2PGECSpump,2026-05-29T22:48:26Z,True,AxynyWMDCGsJTidjFK3c1obSEksDvFsu4eCpigvQfYs9,,,,https://airdropair.fun/,783c911,Shilin/artifacts/external_validation/raw_coin_metadata/FUz6JWYHBkMmun7SXmiMTmNgk9XAyFmeaD2PGECSpump.json
FWXfHa5g38BPij7vNB41Nxn3sAnk5sthgim68Zkxpump,2026-06-02T23:00:02Z,True,EpFkNqyn6FMRKV4d8iTPLt1qaHUJrYRpumZnzpHBqnXX,,,,https://x.com/UOAROFFICIAL,783c911,Shilin/artifacts/external_validation/raw_coin_metadata/FWXfHa5g38BPij7vNB41Nxn3sAnk5sthgim68Zkxpump.json
FWbKuxmSyagGpcTRbXp8NcsFPnAV1sj4eudVanK6pUMP,2026-05-18T17:01:32Z,True,HjeGXsA9nDqRjXahc8UbaaUA5RUeoUXA2ZrCV8txV7th,,,https://x.com/NousResearch,,783c911,Shilin/artifacts/external_validation/raw_coin_metadata/FWbKuxmSyagGpcTRbXp8NcsFPnAV1sj4eudVanK6pUMP.json
FWdgp1fdWkDc5FWeZcJZwGjHtBiBHg1fySWmKURJpump,2026-05-27T15:24:44Z,True,P7oumFEULphTCSdPQagNSe4FygMZH6wmqAesrVwj3dp,,,https://x.com/ChubbyGosling,https://thechubbygosling.lol,783c911,Shilin/artifacts/external_validation/raw_coin_metadata/FWdgp1fdWkDc5FWeZcJZwGjHtBiBHg1fySWmKURJpump.json
FXKeoTzEPDhozGUsGUW1rAYEeLLLYCnzhqxZDa2Tpump,2026-06-09T00:59:00Z,True,FVSZwVffnYyy3wd5CYeEyGDjFu59eBBeiASV4PEiUSy6,https://t.me/NOISDEV,NOISDEV,https://x.com/noissystem,https://nois.skin/,783c911,Shilin/artifacts/external_validation/raw_coin_metadata/FXKeoTzEPDhozGUsGUW1rAYEeLLLYCnzhqxZDa2Tpump.json
FXeMFbXumiweXjMMT6ZDf68nkL2r8KypjCWaeVbFpump,2026-06-05T18:40:02Z,True,Ga79NKXki7qRAj82ArDcZbTKWftETzNeo6eUdLDhiF8G,,,,,783c911,Shilin/artifacts/external_validation/raw_coin_metadata/FXeMFbXumiweXjMMT6ZDf68nkL2r8KypjCWaeVbFpump.json
FY7xDwQwNq2v4rTTBhzRZNyvFMSq1bPjv5PS3dh5pump,2026-05-14T16:22:02Z,True,Gqkndy3uJjB8BPjkTnsUmG2g834JjJWGsH89frKWCtCC,,,https://x.com/RepMichaelRulli/status/2054960237300330527,,783c911,Shilin/artifacts/external_validation/raw_coin_metadata/FY7xDwQwNq2v4rTTBhzRZNyvFMSq1bPjv5PS3dh5pump.json
FYCm4LXyaxegxbzx8H2JZS3dfacwgRRkSx9LkfEwpump,2026-05-18T13:12:35Z,True,Cq1YQEs7fSmLrciEbXjdkQvxBDiDcQdnDbKVETcQmYqs,,,https://x.com/Luki12345uU/status/2056361089236119888,https://x.com/twibuznews/status/2056319450484211720,783c911,Shilin/artifacts/external_validation/raw_coin_metadata/FYCm4LXyaxegxbzx8H2JZS3dfacwgRRkSx9LkfEwpump.json
FYLAQevJPbwrfCwyERoaFnaidkMXGWXWTySQXRsdpump,2026-06-02T13:28:45Z,True,ArW2HP4S2qkoTAwYsuJPdA5WTV1DhM5pguuURLkX1Tny,,,https://x.com/vaneck_us/status/2061802117648601319,,783c911,Shilin/artifacts/external_validation/raw_coin_metadata/FYLAQevJPbwrfCwyERoaFnaidkMXGWXWTySQXRsdpump.json
FZHhNCGtLbXXkMpwDJZbjqi7a556HCppH8yKkG55pump,2026-06-07T07:09:53Z,True,2SvzyyJ1YnaVBS8v9GuFCAcTpFYJQgQhVWpQNSNamqze,,,,,783c911,Shilin/artifacts/external_validation/raw_coin_metadata/FZHhNCGtLbXXkMpwDJZbjqi7a556HCppH8yKkG55pump.json
FZekF8EVFYANK1b4Qnv6MsikpvrDgqG9X56er7RRpump,2026-05-20T17:16:19Z,True,Gbb6BaCgbeHk9DuKJvxCSkWrBu18BFBPCeTA7HC27a7j,,,https://x.com/CoinMarketCap/status/2057148400504655898,,783c911,Shilin/artifacts/external_validation/raw_coin_metadata/FZekF8EVFYANK1b4Qnv6MsikpvrDgqG9X56er7RRpump.json
FZjWvDtpNDgnCQuncBQ7HsHKqnHPJHwNxzUPWi6Xpump,2026-06-10T17:04:52Z,True,9ztSkQVaD4uNCnqxdem3tcXUFNars9EADHQeSiSPGgLu,,,https://x.com/nexta_tv/status/2064753205863764288,,783c911,Shilin/artifacts/external_validation/raw_coin_metadata/FZjWvDtpNDgnCQuncBQ7HsHKqnHPJHwNxzUPWi6Xpump.json
FaDjiiUSuEhEGBYv7sttYTTqnhoVLQ1VZVvdtzRHpump,2026-05-14T13:25:36Z,True,4WXaTgQtks52z5krbihacic7amLMMPePTMrn5z9TiBrH,https://t.me/ChinaFartDust,ChinaFartDust,,,783c911,Shilin/artifacts/external_validation/raw_coin_metadata/FaDjiiUSuEhEGBYv7sttYTTqnhoVLQ1VZVvdtzRHpump.json
FadjXFzVukYwxEXFURzdXZBXntziXfamnPdvUb6Ypump,2026-06-05T19:21:30Z,True,3f2vsxfSr419W99FShoXhbgUzyoyFwFmazudwi3QxwHR,,,https://x.com/dropPINfl,https://droppinsol.com/,783c911,Shilin/artifacts/external_validation/raw_coin_metadata/FadjXFzVukYwxEXFURzdXZBXntziXfamnPdvUb6Ypump.json
FbgHTZLaQVPaCPT5taH3NtqkbUnZy2x5pLG61MSwpump,2026-05-14T20:13:26Z,True,5r42oEmaKZ963KyYH75FhmcJbL6T5DjXAkcioLqcEm26,,,https://x.com/Advyth/status/2055018644283826557?s=20,https://www.abilityis.org/,783c911,Shilin/artifacts/external_validation/raw_coin_metadata/FbgHTZLaQVPaCPT5taH3NtqkbUnZy2x5pLG61MSwpump.json
Fc3H6Sw8owBWNcXwSoNB6Juh1bz5sigq2xHBkTEqpump,2026-05-29T13:47:35Z,True,GDY7JdFeYUxyCcWRVgyoKL5L1bSP42MQQijQeWW1PHV8,,,https://x.com/BhallaviMahendr/status/2060356035723030607,https://x.com/Channel4News/status/2060309643402891498,783c911,Shilin/artifacts/external_validation/raw_coin_metadata/Fc3H6Sw8owBWNcXwSoNB6Juh1bz5sigq2xHBkTEqpump.json
FcnSHzUc1oyGwyMqhPTH76Fo7KfybX1QMx4MiL18pump,2026-05-28T19:34:01Z,True,Ana1askt1VxsheYX2DEUoEGcVTsKRDiSgFkqQ7UCXkVb,,,https://x.com/0xAmiii_/status/2060081665150513632,https://tradition.fun,783c911,Shilin/artifacts/external_validation/raw_coin_metadata/FcnSHzUc1oyGwyMqhPTH76Fo7KfybX1QMx4MiL18pump.json
Fd7tLFSD7hK23scUrtJSFuc79JqMd1tLGtGiuAcZpump,2026-05-25T00:15:34Z,True,CBGrtBvPX2JncVrkm74qbsJqjvLtcNjkG1Ri24C2jMQq,,,https://x.com/simtown,https://simtown.sh,783c911,Shilin/artifacts/external_validation/raw_coin_metadata/Fd7tLFSD7hK23scUrtJSFuc79JqMd1tLGtGiuAcZpump.json
Fe7KA6uVpYMpZWhuKTgesmPd1RGKdEM6V9qwSea3pump,2026-05-12T19:26:37Z,True,E3TJvoGeb2Kzr1DHt1nEHceMkhMM9xUwxpcJ2dBHCrEF,,,https://x.com/abc7newsbayarea/status/2054280486751502715,https://nypost.com/2026/04/28/us-news/5-bald-eagles-mysteriously-found-dead-in-michigan-not-due-to-natural-causes/,783c911,Shilin/artifacts/external_validation/raw_coin_metadata/Fe7KA6uVpYMpZWhuKTgesmPd1RGKdEM6V9qwSea3pump.json
FeMrhDeddUvuzo25RZriZD6Te8xy3tdyKLLXBhEEpump,2026-05-29T10:07:33Z,True,EYsDErowTsFTm1X5ABW5hWUhrvmv88goZSVDeCPar38f,https://t.me/DOGEUSMAXIMUSPL,DOGEUSMAXIMUSPL,https://x.com/dogeusmaximuspl,,783c911,Shilin/artifacts/external_validation/raw_coin_metadata/FeMrhDeddUvuzo25RZriZD6Te8xy3tdyKLLXBhEEpump.json
FeW492davYyi568S9yxSVjHyqFs2tCEJyEQn7FeFpump,2026-05-25T15:52:36Z,True,232zNwJveYRyxpcFx3kwa8CTwrfpJAjLUprDNLjwb3ws,https://t.me/WASTEDWORLDCUP,WASTEDWORLDCUP,,,783c911,Shilin/artifacts/external_validation/raw_coin_metadata/FeW492davYyi568S9yxSVjHyqFs2tCEJyEQn7FeFpump.json
FeXBAJJ9KRX2qoRzW4v6tRYLLAt8JGr2rKYRLq5Lpump,2026-05-24T11:01:39Z,True,2B1u8dLBAaUmtWsE1Nx8UHCZaqKHpVVuVuf5qutXvwQN,,,https://x.com/Chubsters0x/status/2058503594161447354?s=20,https://x.com/animaltanpopo/status/2058428541751140403,783c911,Shilin/artifacts/external_validation/raw_coin_metadata/FeXBAJJ9KRX2qoRzW4v6tRYLLAt8JGr2rKYRLq5Lpump.json
FgrKmRhwkuoKyEMxkbpCBhqSF5nU1ACaZfSDSdTopump,2026-05-11T04:29:28Z,True,B2ph1MfxkUee4HYF3vpd16UbmK5RSFJed5ATpZTcQZXX,,,,,783c911,Shilin/artifacts/external_validation/raw_coin_metadata/FgrKmRhwkuoKyEMxkbpCBhqSF5nU1ACaZfSDSdTopump.json
Fh5357XgGRG4iTc8Q1HjPqdh8gWdQgBhyKLGaGXRpump,2026-05-19T05:48:36Z,True,63SKYvAxpPsVZ5xDBtCWKfDYxSyi8r57i3jjM2BU5NKF,,,,,783c911,Shilin/artifacts/external_validation/raw_coin_metadata/Fh5357XgGRG4iTc8Q1HjPqdh8gWdQgBhyKLGaGXRpump.json
FhxuJ4YvcfyEBMswyDKquvS1QVDpkPj3VmRJzViKpump,2026-05-12T16:11:48Z,True,3e4HhWaa6fT9Kitx1mJUfLSA9wSyJP2WL6cubeUXPEFj,https://t.me/yenjicoin,yenjicoin,https://x.com/yenperps,,783c911,Shilin/artifacts/external_validation/raw_coin_metadata/FhxuJ4YvcfyEBMswyDKquvS1QVDpkPj3VmRJzViKpump.json
Fhzz4AdTNNs3bR9heh3N981wuNvmmeCLXB5cm5uXpump,2026-05-21T03:14:09Z,True,BHQ9yfMZAbfcvfmtG3cLAXZy72Dp5KshNjkPsgvziDFB,,,,,783c911,Shilin/artifacts/external_validation/raw_coin_metadata/Fhzz4AdTNNs3bR9heh3N981wuNvmmeCLXB5cm5uXpump.json
Fi573z2FVwZ8tv5y4TBub5oTwXpaEDnbKymePgc8pump,2026-05-28T13:50:22Z,True,BrCMERUXP8DHwxYfYZ7cXgUgTDnawAkgShrxatDUzXjr,,,https://x.com/NYCMayor/status/2059995253550002361,,783c911,Shilin/artifacts/external_validation/raw_coin_metadata/Fi573z2FVwZ8tv5y4TBub5oTwXpaEDnbKymePgc8pump.json
Fie34Anowx8fnFsKgAr3qtsnzu5qcRM8Y8xmFvjYpump,2026-05-13T03:50:36Z,True,4e5nQde57akMY4y9WwVPiYsijmd1TsyfeNA4i47tnY9x,,,,https://whaletroll.fun/,783c911,Shilin/artifacts/external_validation/raw_coin_metadata/Fie34Anowx8fnFsKgAr3qtsnzu5qcRM8Y8xmFvjYpump.json
FjLfywWucrbTLXqpakqvAizaNtLdeyMtH6vSLvrepump,2026-05-21T02:42:01Z,True,GzJT1WrKp72JgaTKytLegSGwaPuH83LotTgjSzUsCgzi,,,,,783c911,Shilin/artifacts/external_validation/raw_coin_metadata/FjLfywWucrbTLXqpakqvAizaNtLdeyMtH6vSLvrepump.json
FjPz2G6tpe8bUNKc74tTvLdYd91GD97pxsCYEjPdpump,2026-05-16T18:07:48Z,True,7ZHGyaDnFRxxZHb27En6fbbGrqiyZC2JRRNexhynMVFy,https://t.me/BabyChud_sol,BabyChud_sol,,,783c911,Shilin/artifacts/external_validation/raw_coin_metadata/FjPz2G6tpe8bUNKc74tTvLdYd91GD97pxsCYEjPdpump.json
FjforqRQg4SY3rUh9fwYGiNmttn6reJ5eAhFbsafpump,2026-05-17T09:46:32Z,True,Fo1bytdmMGtFcsxiNaXjc8yQnmJnxNg76LRngy2oW6oH,https://t.me/WOOLEY_SOL,WOOLEY_SOL,https://x.com/wooley_sol,https://wooley.fun/,783c911,Shilin/artifacts/external_validation/raw_coin_metadata/FjforqRQg4SY3rUh9fwYGiNmttn6reJ5eAhFbsafpump.json
FjgXCL8ov5BkvZGoY2QthvhUmx82mVkSmhni6nCJpump,2026-05-16T21:46:28.991000Z,True,,,,,,783c911,Shilin/artifacts/external_validation/raw_coin_metadata/FjgXCL8ov5BkvZGoY2QthvhUmx82mVkSmhni6nCJpump.json
Fk2Pi8w3c9ZFqgv59V7wDibD4yDsEsaECqM5jDP4pump,2026-06-04T06:28:47Z,True,42aoi7KVFjLA2A1fMeoNbVhGQ3yLyQqmpqQmjmWQ3P1W,,,,,783c911,Shilin/artifacts/external_validation/raw_coin_metadata/Fk2Pi8w3c9ZFqgv59V7wDibD4yDsEsaECqM5jDP4pump.json
FkmMm2s6RxbagJg3y14xshjCEXbfP8vrMNgWtxmpump,2026-06-10T12:34:45Z,True,Ha6amCfDoYmb7Ve48NahskeakmfB9a6tAPjaLvdtp8f5,,,https://x.com/ChrissGPT/status/2064188719721001127,,783c911,Shilin/artifacts/external_validation/raw_coin_metadata/FkmMm2s6RxbagJg3y14xshjCEXbfP8vrMNgWtxmpump.json
Fkttz5QhPbg86YgghPjcm2mpGHAfVUAPxfwMChmDpump,2026-05-20T11:14:54Z,True,96Fq5uz9yCYKFKZMSgkRDfPUyDHfRiheGUML5ZXaEs53,,,https://x.com/s0vali/status/2057057469843505570,https://youtu.be/ehzYLbsVMkE?si=UB6rv-_ohheiKUC6&t=94,783c911,Shilin/artifacts/external_validation/raw_coin_metadata/Fkttz5QhPbg86YgghPjcm2mpGHAfVUAPxfwMChmDpump.json
FmjijgwEHpe32VPvHy1s7u7TLthh9yu1j75djVbWpump,2026-05-18T13:14:23Z,True,G4s53aDUjuKYZ5HiKyrcTbgfNsroixPp12yXy8qM4tJc,,,,,783c911,Shilin/artifacts/external_validation/raw_coin_metadata/FmjijgwEHpe32VPvHy1s7u7TLthh9yu1j75djVbWpump.json
FnSmTrec3HSqP1tHzrpM1pXr3DjYw5tTtCKkQ1NHpump,2026-06-05T19:47:37Z,True,FG8m6kybkVLEZk4qCqoB2GLeWDSrCRU8BzTs6yyz6U3d,,,,,783c911,Shilin/artifacts/external_validation/raw_coin_metadata/FnSmTrec3HSqP1tHzrpM1pXr3DjYw5tTtCKkQ1NHpump.json
FnvzjE5EgapJcdWg5Cpk2SWQzsTLzAS8tiCHNfdFpump,2026-05-31T05:27:52Z,True,2ebbzG9JK1x6eBoN3DZHS5TWBr32hKB4ipgU3ZEDpjr6,https://t.me/Baks_sol,Baks_sol,https://x.com/Baksolfun,https://baksol.fun/,783c911,Shilin/artifacts/external_validation/raw_coin_metadata/FnvzjE5EgapJcdWg5Cpk2SWQzsTLzAS8tiCHNfdFpump.json
Fo1vtb8ZVEesV3tJ3Aeukjfy4sgB9n7YQsg2xnBUpump,2026-05-22T19:51:57Z,True,9cowfYoHSBPQoNRA7h9ZCvdzMhnbyb4srshkrASbyqKp,https://t.me/NONEonsolana,NONEonsolana,https://x.com/nonesolana,https://nonefun.fun/,783c911,Shilin/artifacts/external_validation/raw_coin_metadata/Fo1vtb8ZVEesV3tJ3Aeukjfy4sgB9n7YQsg2xnBUpump.json
FoJ7dQ8vWwgCST6Wvqx7LYscJnvo9acm1ZFqxGT2pump,2026-05-14T22:53:11Z,True,H5vuNkkNh6wQzFUjoFhwxQXA55Ch8nN5s2S2yzPKsuMK,,,https://x.com/Humanevolvd/status/2055058644836757633?s=20,https://bristolzoo.org.uk/news/remembering-jock-a-celebrated-silverback-and-gentle-giant#:~:text=We%20are%20deeply%20saddened%20to%20share%20the%20news%20that%20Jock%2C%20our%20much%2Dloved%20silverback%20western%20lowland%20gorilla%2C%20has%20died%20at%20the%20age%20of%2042.,783c911,Shilin/artifacts/external_validation/raw_coin_metadata/FoJ7dQ8vWwgCST6Wvqx7LYscJnvo9acm1ZFqxGT2pump.json
FoePfchN3A6LeJ2jvN8uVe4No9pK7zHYhhgD3Qidpump,2026-05-17T03:54:00Z,True,Gm1nLERgq3Djw8tNHURPtCm6ijHAnyM4aVTX3CW3P9NZ,,,https://x.com/SPCTROLL,https://www.spacetroll.lol,783c911,Shilin/artifacts/external_validation/raw_coin_metadata/FoePfchN3A6LeJ2jvN8uVe4No9pK7zHYhhgD3Qidpump.json
Fp3YkxDM5DqWzZFVsyU7P48HTMXbQsAMPQ4usLKepump,2026-06-05T20:27:43Z,True,Bx6H8CbWWnRp5Ea4kRgBEx4rjPGANAGWEqHHtTA6U4XN,,,,,783c911,Shilin/artifacts/external_validation/raw_coin_metadata/Fp3YkxDM5DqWzZFVsyU7P48HTMXbQsAMPQ4usLKepump.json
FpqZVLmf7REoPGgs16MNattnyUJLGMKM1B64sUAgpump,2026-05-19T17:47:12Z,True,33Xum3bpcPSq5xP6bSz6EhMumLroNeLX5nwUUFedegk8,https://t.me/whalecupspl,whalecupspl,,,783c911,Shilin/artifacts/external_validation/raw_coin_metadata/FpqZVLmf7REoPGgs16MNattnyUJLGMKM1B64sUAgpump.json
FpwYXk7kBiSyiYBeLEAiXE3c9F32iTzQz6NCFhtjpump,2026-06-03T06:43:05Z,True,FsqGCTDW8n5VD4rhFuTqBgF3ooSASwExEd95X4hk9apF,https://t.me/trolleuscoin,trolleuscoin,https://x.com/trolleuscoin,https://trolleus.lol,783c911,Shilin/artifacts/external_validation/raw_coin_metadata/FpwYXk7kBiSyiYBeLEAiXE3c9F32iTzQz6NCFhtjpump.json
FqEUhyh7JBWnkYGESx3jWuUDny1bU2X3RGudarSDpump,2026-06-06T22:33:57Z,True,4DXg3g4oPwM1TxE89NjzvvsYtbkZUH5icE5kVf7WSxC8,,,,,783c911,Shilin/artifacts/external_validation/raw_coin_metadata/FqEUhyh7JBWnkYGESx3jWuUDny1bU2X3RGudarSDpump.json
FqFYY41P8G4x3VxkwqZQ3NW7GFTXcmsqm1e8ioauaBHp,2026-05-17T20:40:22Z,True,8ZanM3bui37TH6YxsaJnHTCJFNUZbspQGdU8YdDZbejk,,,https://x.com/larswindhaugg/status/2056112578967834793,https://www.louvre.fr/en/loan-and-long-term-loan-requests,783c911,Shilin/artifacts/external_validation/raw_coin_metadata/FqFYY41P8G4x3VxkwqZQ3NW7GFTXcmsqm1e8ioauaBHp.json
FqJWzb1nrVHWikfApiMbKJpP2mdpLpu6VameapPcpump,2026-05-19T04:36:39Z,True,95nqpcuaLxCxvXafbDPmWNECixL9UtLfe6f3D7h4Bzs4,,,https://x.com/cooldevisback/status/2056594777353671022?s=20,https://capcat.io/,783c911,Shilin/artifacts/external_validation/raw_coin_metadata/FqJWzb1nrVHWikfApiMbKJpP2mdpLpu6VameapPcpump.json
FqLuGTW3mF6w6hNPGLCueMoxdBHrNAJr83Mozdyhp5sS,2026-05-15T17:51:01Z,True,7fzMGySLccVAy4UsvAxrFfXGV5am5ycnQUQ8ySpJH4qB,,,https://x.com/BubaTheRedPanda/status/2055345031561744654,https://www.instagram.com/p/DYXXcV7CCJz/,783c911,Shilin/artifacts/external_validation/raw_coin_metadata/FqLuGTW3mF6w6hNPGLCueMoxdBHrNAJr83Mozdyhp5sS.json
FqVwXPbaBpweja1uRQoyRbwbhfgdEe8bFAWoN2GZpump,2026-06-03T11:16:36Z,True,4BK7FLfStpBaVkUUY8Ef5koUAgqd98HB21ypATizNpHW,,,,,783c911,Shilin/artifacts/external_validation/raw_coin_metadata/FqVwXPbaBpweja1uRQoyRbwbhfgdEe8bFAWoN2GZpump.json
Fr4kd1mrb3fACcn3gKVhAL6B9mVuCqon1HoT5TGUpump,2026-05-17T23:36:37Z,True,hXmVALx13aekYqRpjdXrYnnonWyC9aYBVRd3uC4SdH7,,,https://x.com/cb_doge/status/2056088064376946771,https://x.com/woke_vaccinesol,783c911,Shilin/artifacts/external_validation/raw_coin_metadata/Fr4kd1mrb3fACcn3gKVhAL6B9mVuCqon1HoT5TGUpump.json
FrXWa62SJc3NYX3yhGtdcVFw4RJ6UQ4FAN3N1iVcpump,2026-05-09T11:29:41Z,True,7XGxpdtwBMY55GBjiFBvrJWRnXosRsj3NHymTG8d7fr,,,https://x.com/mark_k/status/2053074711089696945,,783c911,Shilin/artifacts/external_validation/raw_coin_metadata/FrXWa62SJc3NYX3yhGtdcVFw4RJ6UQ4FAN3N1iVcpump.json
Frf8RzjdqpkNAb1oWCV3pKc8f8XvhKVFXCmX3fXnpump,2026-05-13T15:35:44Z,True,5ArWf69mNq7gKnc4h6tysm3Dkoe9ivYZZdPMbj4pW8nv,,,https://x.com/lebombjam/status/2054583361243406582,https://x.com/toly/status/2054581717139128472,783c911,Shilin/artifacts/external_validation/raw_coin_metadata/Frf8RzjdqpkNAb1oWCV3pKc8f8XvhKVFXCmX3fXnpump.json
FsJiajF1JAvwMp25RtUwxt7nRbXzqmK7Jghw9k2bpump,2026-05-25T14:04:49Z,True,BpnNTXD1HxcF7dZmyEgNuJDzWo82rv6wVaxTDGLvdFFQ,,,https://x.com/voice_meme/status/2058906044139507892,https://www.voicememe.lol/,783c911,Shilin/artifacts/external_validation/raw_coin_metadata/FsJiajF1JAvwMp25RtUwxt7nRbXzqmK7Jghw9k2bpump.json
Fsnx8Y4zrx7AaD5aPX6M6NJJ4PECWGvHETK5PUHMpump,2026-06-08T22:03:28Z,True,J3WfaJMXn595icDzVHxFADj8PzMXF6redkB7gktV29g4,,,https://x.com/WCJotchua,,783c911,Shilin/artifacts/external_validation/raw_coin_metadata/Fsnx8Y4zrx7AaD5aPX6M6NJJ4PECWGvHETK5PUHMpump.json
Ftfx1waBdtd4F6brKkJWQxAutgr6LB7v435kyLWpump,2026-05-25T12:16:22Z,True,AmB3kAgUTmwYyTEvoHKHMhmB2pkGBnhzA9HbqhgYYXTG,,,,,783c911,Shilin/artifacts/external_validation/raw_coin_metadata/Ftfx1waBdtd4F6brKkJWQxAutgr6LB7v435kyLWpump.json
FyeEvQDySz7kHQNCvMaf4uzSUzQVgk7jtiQ2bgvqpump,2026-05-29T03:06:04Z,True,8DcDiXHSxXS3nbjSF8EKyNv7Gptzt3AW8MpG8chxXqmK,,,,,783c911,Shilin/artifacts/external_validation/raw_coin_metadata/FyeEvQDySz7kHQNCvMaf4uzSUzQVgk7jtiQ2bgvqpump.json
Fz3Gw5ShxzGka1ejEGxNszhVBWYvzobCDDxt24cHpump,2026-05-28T21:52:53Z,True,EDUcYyuCLgskz45ezs1SuZSy9X58YYBT3pcpgdf6i2dz,,,https://x.com/trealmeme,https://treal.meme,783c911,Shilin/artifacts/external_validation/raw_coin_metadata/Fz3Gw5ShxzGka1ejEGxNszhVBWYvzobCDDxt24cHpump.json
Fz3x8zFFUBHb2qMQHL5QapVKuvbSKquoacpvaUxpump,2026-05-12T02:26:36Z,True,8FHMJk8Fkr3FCXPHfgRYXdhqmgy6mhRNehN1RJWHfPyy,,,https://x.com/cryptorover/status/2053830239076200826,,783c911,Shilin/artifacts/external_validation/raw_coin_metadata/Fz3x8zFFUBHb2qMQHL5QapVKuvbSKquoacpvaUxpump.json
Fzwt9Svx9KaKaQUbKpiUhnSU94wSiuGbj7dmVSpxpump,2026-06-07T22:33:39Z,True,8BgdoNSsAErpdtgBQEyUNxEZb1skRdEghHgj653PEZCY,,,https://x.com/libsoftiktok/status/2063751215532396874,,783c911,Shilin/artifacts/external_validation/raw_coin_metadata/Fzwt9Svx9KaKaQUbKpiUhnSU94wSiuGbj7dmVSpxpump.json
G1LifZpLRcfn3o9xW5GkP1j47HGQRH6SCjiMiMRmpump,2026-05-18T11:59:03Z,True,HfVVrpmeGajsb6Sp4kWnXDcvqGt2vCb3c2FSGo35ywgF,,,https://x.com/sharkalpacaboi/status/2056343692877943098?s=20,https://x.com/CookerFlips/status/2056163921254621532?s=20,783c911,Shilin/artifacts/external_validation/raw_coin_metadata/G1LifZpLRcfn3o9xW5GkP1j47HGQRH6SCjiMiMRmpump.json
G3ZSEeiQ3Weuwxv1kULe513kA8E7un8st7Uiuswipump,2026-05-14T08:22:21Z,True,FcXXVpAh3mqfsJ6YDTHSMkWAdFqvUGcZ9kyMuJBLfZYs,,,https://twitter.com/cb_doge/status/2054839707977298395,,783c911,Shilin/artifacts/external_validation/raw_coin_metadata/G3ZSEeiQ3Weuwxv1kULe513kA8E7un8st7Uiuswipump.json
G3xfBvLrsnmuZH3BNPJqGeDmswdgmRtbHyMaDNud7NPP,2026-05-26T19:00:04Z,True,F5NYEP4ahE9jwfFLJsY9g8GWU6Ygs2ePzFg5ji5Teq3W,,,https://x.com/Israel/status/2059348849961980056,https://x.com/trusts909/status/2059348349468512706,783c911,Shilin/artifacts/external_validation/raw_coin_metadata/G3xfBvLrsnmuZH3BNPJqGeDmswdgmRtbHyMaDNud7NPP.json
G4Bqa83bJrHMjJU94JyjH2ZVSXBdYHDm53hR3r9mpump,2026-05-27T08:18:04Z,True,4SysjqjDN38J9RrAyhFRgLGv25o7bMcsTBWvG9g26ZPP,,,,,783c911,Shilin/artifacts/external_validation/raw_coin_metadata/G4Bqa83bJrHMjJU94JyjH2ZVSXBdYHDm53hR3r9mpump.json
G5dUeWUFABoTaCCa4xtimGLnB4DfaRjipDF7ZsXLpump,2026-05-27T05:43:18Z,True,6Aot8PZtTtPjX23eGP75tz5e7SUGMT9MeDXNKurpEaHo,,,,https://playtictactoe.lol/,783c911,Shilin/artifacts/external_validation/raw_coin_metadata/G5dUeWUFABoTaCCa4xtimGLnB4DfaRjipDF7ZsXLpump.json
G62Mp2YXExu36NMUQcMquHQF7d5C9ADrnBCnymHBpump,2026-05-29T03:11:42Z,True,Bq8N8Ne8rMqvVcPHKhuXAzcFDDkhYjAtfosN4kvQh1C2,,,,,783c911,Shilin/artifacts/external_validation/raw_coin_metadata/G62Mp2YXExu36NMUQcMquHQF7d5C9ADrnBCnymHBpump.json
G73g9NsYGA55Dq78jqVuLZenfEPKdQP14gd3atuqpump,2026-05-12T19:48:21Z,True,BvCMsJXESWVrRfSqPHeToG8sdY7jUdxZjjXgUMHkSY4V,,,https://x.com/PVEcoinPump/status/2054287542053118047?s=20,https://www.pvecoin.io/,783c911,Shilin/artifacts/external_validation/raw_coin_metadata/G73g9NsYGA55Dq78jqVuLZenfEPKdQP14gd3atuqpump.json
G7UqQCmgS7FRsTmirLVuUA1q8sfBhnGBuN2ps3ufpump,2026-05-14T19:52:10Z,True,P2X3oqP89gXpBn3pUDddCHJAR9L5f7TgUou56LqPLsF,https://t.me/TrollismOnSol,TrollismOnSol,https://x.com/daddyriskbets/status/2055013231010390516?s=20,https://www.trollism.fun/,783c911,Shilin/artifacts/external_validation/raw_coin_metadata/G7UqQCmgS7FRsTmirLVuUA1q8sfBhnGBuN2ps3ufpump.json
G8LwcZnqcGkfwFUad4Qhc3B3ygQ9uaJACfhRKmyLVHhS,2026-06-05T15:33:47Z,True,96ifXxgTSKrErLeg8ocDEvTLWKavJud6K9PwkxVN9Mmm,,,https://x.com/DefuseSec/status/2062920625954664555,,783c911,Shilin/artifacts/external_validation/raw_coin_metadata/G8LwcZnqcGkfwFUad4Qhc3B3ygQ9uaJACfhRKmyLVHhS.json
G9pTKKqZqBU89LL38QvBvtmCrzZrhe3M4Ba1xZ7qpump,2026-06-01T13:40:50Z,True,55TgutA6iraTPocpRyDPvMeTAJ3DX9MgLBw2jmJAWL2c,,,https://x.com/WCChamipons,https://www.youtube.com/watch?v=vrY1THC_NQE,783c911,Shilin/artifacts/external_validation/raw_coin_metadata/G9pTKKqZqBU89LL38QvBvtmCrzZrhe3M4Ba1xZ7qpump.json
GA5HpgMukGNuxhgbkj5eHuBXbfVMKAzBhHdz8F4Fq6ML,2026-05-16T22:11:26Z,True,3Rk1SqaUWVLDXALh4DoD69zKTsrE3LAJoKtXYFnVk5cf,,,https://x.com/rebeccaperrotto/status/2055772759377240407,https://maps.app.goo.gl/BLCPbXiqb2F32AXT8,783c911,Shilin/artifacts/external_validation/raw_coin_metadata/GA5HpgMukGNuxhgbkj5eHuBXbfVMKAzBhHdz8F4Fq6ML.json
GA5dbWfEd4QpFfpDAhuyhatCavGqq4m8MoaCskxhpump,2026-06-05T13:50:24Z,True,GgoNvsgJWFLu1ZeABvr8AGUU26vkj47jAsoRVEs64sLU,https://t.me/wannyspl,wannyspl,https://x.com/wanny_sol,https://wanny.sbs/,783c911,Shilin/artifacts/external_validation/raw_coin_metadata/GA5dbWfEd4QpFfpDAhuyhatCavGqq4m8MoaCskxhpump.json
GBBvaHQeYQyB92knu77VaSpeD4TYYhZH8e6sL4sNpump,2026-05-12T12:08:47Z,True,BrG7M2Ud1X8x3a3FEz66Fb5SqMBJHTiRe9ejnjFg5vT1,,,,,783c911,Shilin/artifacts/external_validation/raw_coin_metadata/GBBvaHQeYQyB92knu77VaSpeD4TYYhZH8e6sL4sNpump.json
GC6arSDxXPkcuwdzmGpxKKnV66Qfzh4vWtt3Xbcppump,2026-05-18T10:28:21Z,True,5x2riKySiDikc1gaCXRquvGstBBJbSSCdeSYpJpX5KS1,,,https://x.com/SecDuffy/status/2056155348898087364?s=20,https://x.com/SecDuffy/status/2056155348898087364?s=20,783c911,Shilin/artifacts/external_validation/raw_coin_metadata/GC6arSDxXPkcuwdzmGpxKKnV66Qfzh4vWtt3Xbcppump.json
GCp3CN4KCppR72qWvPiva5P2BnJBrn39DHPcQTYfpump,2026-05-19T15:09:29Z,True,FGahe7se9twpNcfM3L4hzLkb9YYdV6gT38fj6PZDJrq7,https://t.me/PnutCoin_Sol,PnutCoin_Sol,,,783c911,Shilin/artifacts/external_validation/raw_coin_metadata/GCp3CN4KCppR72qWvPiva5P2BnJBrn39DHPcQTYfpump.json
GDpPr9vjHCTDQFwAi8Dj3GgB42ZVSyKJBYRpRucjpump,2026-05-30T17:32:43Z,True,3gR22RjdiR5DmRaw7giHXDTFQ2A1w7apqB8fjkSZgh42,,,https://x.com/spyboxapp,,783c911,Shilin/artifacts/external_validation/raw_coin_metadata/GDpPr9vjHCTDQFwAi8Dj3GgB42ZVSyKJBYRpRucjpump.json
GEeJ4hSyQVCZv4TJnM4QZCevEiTn1QBXrCRkDM7Qpump,2026-05-20T12:18:04Z,True,DyYPN3FsuUjbXspisF4HszHswsuVMV3BxWZ8ALmXAKiF,,,https://x.com/ShabbatMonster/status/2057073360501149774,https://youtu.be/zFslvuvYifQ?t=493,783c911,Shilin/artifacts/external_validation/raw_coin_metadata/GEeJ4hSyQVCZv4TJnM4QZCevEiTn1QBXrCRkDM7Qpump.json
GFKNuUKCDP3kQtTAjaV5VVMJFtNvMGG62xKP3XGXpump,2026-05-14T02:37:44Z,True,EALmcrS9wc3qCJ8FvcgyfiwgsPYQ8ahWyCGtEuu3FaFZ,,,,,783c911,Shilin/artifacts/external_validation/raw_coin_metadata/GFKNuUKCDP3kQtTAjaV5VVMJFtNvMGG62xKP3XGXpump.json
GGAAiSpC6LHXE4KujuYG47a1sGy66ThTQ1gzxf5zpump,2026-05-25T09:19:56Z,True,HeHuwLpPrY6KyphLmVzZvt3BGehMpY7rGLJ3iAkEjtZj,,,,,783c911,Shilin/artifacts/external_validation/raw_coin_metadata/GGAAiSpC6LHXE4KujuYG47a1sGy66ThTQ1gzxf5zpump.json
GGFEckSUT3GWdTfJbAgAXsD4FySbvPEriCPrDc3Wpump,2026-05-14T00:11:02Z,True,FqFmiXKNhDTZti36DPpTBHWdv9KdxUzVn5GA2AXC6ZhZ,,,https://x.com/toly/status/2054715972599067005,,783c911,Shilin/artifacts/external_validation/raw_coin_metadata/GGFEckSUT3GWdTfJbAgAXsD4FySbvPEriCPrDc3Wpump.json
GGk3YAaT3AZwyZyJytGtnzPXv1j2YPMmffqzZgQbpump,2026-05-16T15:00:34Z,True,HdKeCyaTn3cJ2jptgPXQLwf7KsyjedtvSR522nmqaSg1,,,https://x.com/bitcointrollX,https://www.btctroll.meme,783c911,Shilin/artifacts/external_validation/raw_coin_metadata/GGk3YAaT3AZwyZyJytGtnzPXv1j2YPMmffqzZgQbpump.json
GKnKFDq4Cx89KjepzUE7QxJU6okjkRazVfQwfxs2pump,2026-06-05T12:55:31Z,True,ANW6pYnmogqhzA35HfzS9ztjqgg9KhcKNnCrAyyBx6po,https://t.me/MORIsolana,MORIsolana,https://x.com/MORIonSOLANA,https://mori.lol,783c911,Shilin/artifacts/external_validation/raw_coin_metadata/GKnKFDq4Cx89KjepzUE7QxJU6okjkRazVfQwfxs2pump.json
GLh3qMUr7U454v7d4U2zEfwPcSZzBnjmqwj1HCjepump,2026-05-31T03:20:01Z,True,AVp8p4jNtGsdVNZh8DQFoRdwhvGArHd74b8dWM3jvok2,,,https://x.com/SpaceX_Moonbase,,783c911,Shilin/artifacts/external_validation/raw_coin_metadata/GLh3qMUr7U454v7d4U2zEfwPcSZzBnjmqwj1HCjepump.json
GPYUFhDv764mAbSBVub93xJpn34nwQUJKCeUqfHqpump,2026-05-22T03:28:01Z,True,7WkBUJE4xBbBffrBAnUw7EURYPqbsh8QZZkEwCig58nu,,,,https://colibro.lol/,783c911,Shilin/artifacts/external_validation/raw_coin_metadata/GPYUFhDv764mAbSBVub93xJpn34nwQUJKCeUqfHqpump.json
GPoBBRuQno3ysHP1FVojZtYxhEbP9z1bZdF8YeTEpump,2026-05-21T16:48:42Z,True,Fm9eVT1NnhkK6XB7dQRQEUyCbAHgJ48macvx4Kjo4VnH,,,,,783c911,Shilin/artifacts/external_validation/raw_coin_metadata/GPoBBRuQno3ysHP1FVojZtYxhEbP9z1bZdF8YeTEpump.json
GPwNPaPYYbbAkL1FfnZSm35M9ZAY5hc2xzuwvdA5pump,2026-05-15T00:05:53Z,True,FJqhdB4gY9tQgfPpKGFHKPpvgiGhKJGvXF43weGGiCQE,,,https://x.com/pdashpeg,https://p-peg.io/,783c911,Shilin/artifacts/external_validation/raw_coin_metadata/GPwNPaPYYbbAkL1FfnZSm35M9ZAY5hc2xzuwvdA5pump.json
GQM8tG2z4hDrRw9o7QasnQtAeX1xYSoVNCcw6eCFpump,2026-06-09T23:33:24Z,True,3HysM27ncgaDfQMPJmwx1ENCZiqmofYrMYUcxGRQbnvK,,,https://x.com/PumpFun711/status/2064490819076202676,,783c911,Shilin/artifacts/external_validation/raw_coin_metadata/GQM8tG2z4hDrRw9o7QasnQtAeX1xYSoVNCcw6eCFpump.json
GQTWNeEqM7mb1AaMdEMeDNuq9eWDthbsCCXGnLszpump,2026-06-01T08:25:04Z,True,br4zFQ7LKMjxgirZmdW742bz4mxfp5C7dqcqniZmDW1,,,,https://doodleart.fun/,783c911,Shilin/artifacts/external_validation/raw_coin_metadata/GQTWNeEqM7mb1AaMdEMeDNuq9eWDthbsCCXGnLszpump.json
GQr6kV2GRUj82gA6WQ96eQCRSebsry6d2jvSQDtepump,2026-05-20T18:08:40Z,True,etXrzWsV4Kw2A4vfyqyu2RZmNdGrek1KY3Gpk37KmeX,,,https://x.com/xStocksPF,https://xstockscoins.xyz/,783c911,Shilin/artifacts/external_validation/raw_coin_metadata/GQr6kV2GRUj82gA6WQ96eQCRSebsry6d2jvSQDtepump.json
GRhPKnWsWEhLf67FkiAJooq6MbRBcx9RyFYPAasLpump,2026-05-30T17:17:48Z,True,DXLGrt3NdgbtfkQdy3a4ve3YTyPvppwXVrb2T3KFD7i1,,,https://x.com/MichaelTrumpSOL,https://truthsocial.com/@realdonaldtrump/posts/116664536700150219,783c911,Shilin/artifacts/external_validation/raw_coin_metadata/GRhPKnWsWEhLf67FkiAJooq6MbRBcx9RyFYPAasLpump.json
GRqi6Si9jYEqQ3JJv5t4sSUGz4pFbQZb3nc4TciTpump,2026-05-13T15:59:52Z,True,7Jesn2amms1DbV22WS5J7vGSrLstdjZWLqCKSYBCWGWB,,,https://x.com/2devvy/status/2054592403483299913,https://x.com/doganuraldesign/status/2052316296029622463,783c911,Shilin/artifacts/external_validation/raw_coin_metadata/GRqi6Si9jYEqQ3JJv5t4sSUGz4pFbQZb3nc4TciTpump.json
GSdnhGvZWEeGA2LyAggbU79vZBnouyMuKXyerqdpump,2026-06-09T13:08:36Z,True,2Qrv41oH5iGcGYz7KkAHdRaZB7X43enxrjsPEjVhR1B5,,,https://x.com/ChrissGPT/status/2064188719721001127,,783c911,Shilin/artifacts/external_validation/raw_coin_metadata/GSdnhGvZWEeGA2LyAggbU79vZBnouyMuKXyerqdpump.json
GTDtXgR3XTR7ZxaACtA9L1irjB35oY3EQsiFJjnhpump,2026-05-28T12:14:00Z,True,FeNzqKNXqg8nB9CFh2fVCBCrzh3uijCvKieen6gRW2WA,,,https://x.com/Solmireworld,,783c911,Shilin/artifacts/external_validation/raw_coin_metadata/GTDtXgR3XTR7ZxaACtA9L1irjB35oY3EQsiFJjnhpump.json
GTTq2GSM6LQwfymUzrBLMsPi3fLD2qvcH7DL3qbCpump,2026-06-05T19:04:34Z,True,8JUjnXHHzuAu1MzX1826tuxQYtqdj22W71BdE7TAyDU4,,,,,783c911,Shilin/artifacts/external_validation/raw_coin_metadata/GTTq2GSM6LQwfymUzrBLMsPi3fLD2qvcH7DL3qbCpump.json
GTcpMd2QirQAq1ex1cMngr5M7j9rLoB2f39KJivEpump,2026-05-15T18:07:28Z,True,HcbX1VVE8rF8qj4sjhazRmJ1TQzuHaw3NyWLt4ZNJNj4,,,https://x.com/i/communities/1946871185276338247,https://x.com/perps/status/2055155607389508043,783c911,Shilin/artifacts/external_validation/raw_coin_metadata/GTcpMd2QirQAq1ex1cMngr5M7j9rLoB2f39KJivEpump.json
GUvvVMrH9Vh8SKGDWnz4yjmFcFux2yPxvG116v2Qpump,2026-05-11T08:42:35Z,True,8xNRUXpkmNG9UH8Dnttj75N4PMzmjas1LEbwDWyphipP,https://t.me/KandloSOL,KandloSOL,https://x.com/KandloSOL,https://kandlo.site/,783c911,Shilin/artifacts/external_validation/raw_coin_metadata/GUvvVMrH9Vh8SKGDWnz4yjmFcFux2yPxvG116v2Qpump.json
GVKmAHJkWeqCWv6AbF7FHnQoT5tQ6jPCXBN4jEm1pump,2026-05-23T03:08:31Z,True,2Rhha7G9EXYBSYjjLE5CZgNrZZmxo7phxYVfqfK4axcu,,,,https://dotonsol.fun/,783c911,Shilin/artifacts/external_validation/raw_coin_metadata/GVKmAHJkWeqCWv6AbF7FHnQoT5tQ6jPCXBN4jEm1pump.json
GX91AjdrZGnEecv6AkudvyqMK9waRkjNdeBVjdG4pump,2026-06-03T17:30:00Z,True,8SFqTZiJ5QVqhAjTGGhdF6aeDmW6BM2QA9kwrfbzWY5S,,,https://x.com/DHSgov/status/2062223353700602155,https://x.com/USBPChief/status/2062157568374448612,783c911,Shilin/artifacts/external_validation/raw_coin_metadata/GX91AjdrZGnEecv6AkudvyqMK9waRkjNdeBVjdG4pump.json
GXSHrKGonkk1LiX2JKqZMUFN3jNFYueshx1he38Epump,2026-05-30T06:37:12Z,True,8c4J5RLYQeBSXtiRUdKzfMveXm1qpJeZrDp4ZktU9uzp,,,,,783c911,Shilin/artifacts/external_validation/raw_coin_metadata/GXSHrKGonkk1LiX2JKqZMUFN3jNFYueshx1he38Epump.json
GYhpKAhRGi9wX5gBdEwaip4BcfSKNdU7Tqp3CaBjpump,2026-05-14T14:28:59Z,True,BbYZB8uUYePKNNiuZRwoHProrgbRYBKjn7b5ZuBLa1bY,https://t.me/tygercoinsol,tygercoinsol,https://x.com/TygerCoinSOL,https://nypost.com/2026/03/28/us-news/megan-thee-stallion-adopts-new-pup-rushes-to-save-him-from-being-put-down-i-said-no-way/,783c911,Shilin/artifacts/external_validation/raw_coin_metadata/GYhpKAhRGi9wX5gBdEwaip4BcfSKNdU7Tqp3CaBjpump.json
GYzTE3tkF8bbFG51UUnYejEJe2kLzP5GHVJmng3wpump,2026-06-08T07:14:36Z,True,8WwDadLkYJ4uZP63K1CN1EroQoH3ZhsRFRaGs3iG6EHi,,,,,783c911,Shilin/artifacts/external_validation/raw_coin_metadata/GYzTE3tkF8bbFG51UUnYejEJe2kLzP5GHVJmng3wpump.json
GaiDXC88iuugb7TiDdP9hZwN2Qp8xnoq46gagQ8Npump,2026-06-09T08:04:19Z,True,EKJeHixEhVHs5KjVdx3NFQig29AS2QnTBWm2Yv2vpq19,https://t.me/josamafriendsol,josamafriendsol,https://x.com/josamafriendsol,https://josamafriendsol.fun,783c911,Shilin/artifacts/external_validation/raw_coin_metadata/GaiDXC88iuugb7TiDdP9hZwN2Qp8xnoq46gagQ8Npump.json
GbXjncknLzwtRyuik9FGsJNHA14fiG1bQkcaBFXvpump,2026-06-02T00:13:32Z,True,DN9qBChpGXjSMFVmhkxaK7X7G1TUJJo6JzKKgJ2GdriG,,,,,783c911,Shilin/artifacts/external_validation/raw_coin_metadata/GbXjncknLzwtRyuik9FGsJNHA14fiG1bQkcaBFXvpump.json
Gc6rNxGnoQt6vCfhNzn5iJnPBu1V38GZfdYERfnXpump,2026-05-26T17:51:56Z,True,4mBLRPUyfE7CvxmXiGJx5WA51isanbxpdbdPjFuuBzmY,,,https://x.com/elonmusk/status/2059331536512545068,,783c911,Shilin/artifacts/external_validation/raw_coin_metadata/Gc6rNxGnoQt6vCfhNzn5iJnPBu1V38GZfdYERfnXpump.json
GcfcCJvzjPLgaXKEaz1Bvn96u7v8PF8fCBiKY8q4pump,2026-05-14T20:10:58Z,True,Deo3pt1dpkPfBa5agaGcZf3VUnh1C6Wei9DEfkAjYG6d,,,https://x.com/solradio_fun,https://solradio.fun/,783c911,Shilin/artifacts/external_validation/raw_coin_metadata/GcfcCJvzjPLgaXKEaz1Bvn96u7v8PF8fCBiKY8q4pump.json
GdyKJvmvuzCxGfPtt3hnJuQGqnAVzvbb4qMFJJsepump,2026-06-01T07:37:34Z,True,AvSB594MXTqDRiVCMc3DL7mG5Hp4EShoK7cEdjmvWEjN,,,,,783c911,Shilin/artifacts/external_validation/raw_coin_metadata/GdyKJvmvuzCxGfPtt3hnJuQGqnAVzvbb4qMFJJsepump.json
GeyBkcbACjAQJVwh3M5odiVBmJZpqJ5g8AGKbMHmpump,2026-06-08T04:29:10Z,True,EW7Kheue4aH2iCAZDPxPxfNARKKbXzHeKtNi4PYmsVAb,,,,,783c911,Shilin/artifacts/external_validation/raw_coin_metadata/GeyBkcbACjAQJVwh3M5odiVBmJZpqJ5g8AGKbMHmpump.json
Gfyf5KN9c7Sn3amTFvLJLXKzXT2NgHmf7eRW3vZ1pump,2026-05-16T18:43:21Z,True,3n9LZUdAR9VAZ4muijVGfXVWm3BEptfrAV2vZPEWKMao,https://t.me/truncsol,truncsol,https://x.com/truncSol,https://trunc.cfd,783c911,Shilin/artifacts/external_validation/raw_coin_metadata/Gfyf5KN9c7Sn3amTFvLJLXKzXT2NgHmf7eRW3vZ1pump.json
Gh6QpjCsWtVNwpBJ6S9Nh4EreFwv1CE4WRziwGLtpump,2026-05-14T16:05:40Z,True,AG3ugSAkwXxG7ymWTDmgKpov9LsRUC2P5KZHAAL6No8c,,,https://x.com/Faczwblq,https://jorkidev.com/,783c911,Shilin/artifacts/external_validation/raw_coin_metadata/Gh6QpjCsWtVNwpBJ6S9Nh4EreFwv1CE4WRziwGLtpump.json
GhFuVwnn2hp5nSMEcADgLG3qDvNwsDwsgDJX3RRmpump,2026-05-16T12:31:20Z,True,3qDT4PNDyycnZiA2bbHv61T6SZAcVLqx4QYoMUGHKWw6,,,,https://www.moneymeme.fun/,783c911,Shilin/artifacts/external_validation/raw_coin_metadata/GhFuVwnn2hp5nSMEcADgLG3qDvNwsDwsgDJX3RRmpump.json
GhiG2FH5KRvznZbYUpRPuL3oRvYwg7vdA7YMgsXTpump,2026-06-05T15:42:56Z,True,HFeXvoGixi8FL7BigJ12PSFZHHdbh8RmBLCLNfhxYHLk,,,https://x.com/boden4pres/status/2062923048433390047?s=20,,783c911,Shilin/artifacts/external_validation/raw_coin_metadata/GhiG2FH5KRvznZbYUpRPuL3oRvYwg7vdA7YMgsXTpump.json
GhrTH8tWDTmodEsatV3WoN3q7YqnG7fHYbr4d4MYpump,2026-06-03T01:28:32Z,True,5BFX4KrvabqViZoDEPyb1q9AU2mQ1WD34NYyiUCHFETq,,,https://x.com/SolitherOnSol,https://solither.xyz,783c911,Shilin/artifacts/external_validation/raw_coin_metadata/GhrTH8tWDTmodEsatV3WoN3q7YqnG7fHYbr4d4MYpump.json
GiqWmoKqZxFYbYNuzHUVB7pxtNTawShgixssgfpypump,2026-05-14T01:44:49Z,True,8R7F5s2NkLihGtNYBmzTLbG6Kv91BoxunJ7EVt6AwK9z,,,https://twitter.com/business/status/2054739029225083319,,783c911,Shilin/artifacts/external_validation/raw_coin_metadata/GiqWmoKqZxFYbYNuzHUVB7pxtNTawShgixssgfpypump.json
Gj4fdESfdX5AvcpoSNzgWxqL3VwoC9LVWyAFpL96pump,2026-05-16T21:58:02Z,True,FUhnrtsFBbjp5cLDeNawgH4Se5AbkwuwJ4tJc8pAgDT1,,,https://x.com/HodlYourBTC,https://www.btchodl.cc ,783c911,Shilin/artifacts/external_validation/raw_coin_metadata/Gj4fdESfdX5AvcpoSNzgWxqL3VwoC9LVWyAFpL96pump.json
GkEnykrJXaEUZy992srjrjRVLbYjY9e3uP3vJAydpump,2026-05-20T09:09:06Z,True,GPnpfTL1mzCbZAz2hM7cAYs4suEZNYVhjVJzhH5akaZy,https://t.me/MIZUSOLANAA,MIZUSOLANAA,https://x.com/mizu_sol,https://mizusol.one,783c911,Shilin/artifacts/external_validation/raw_coin_metadata/GkEnykrJXaEUZy992srjrjRVLbYjY9e3uP3vJAydpump.json
GkNScR9gBLCVkhPBWPVG7co8MVs3AiYxrh7Eb1AHpump,2026-05-12T09:45:12Z,True,CxQT4kt95kuVVpVqfpBXYh5uEWj4W8DcAE8mdWADTtyS,,,https://x.com/notveloxcity/status/2054135651457528315,,783c911,Shilin/artifacts/external_validation/raw_coin_metadata/GkNScR9gBLCVkhPBWPVG7co8MVs3AiYxrh7Eb1AHpump.json
GkTqVrzUKtio8uyQDJySY16mbjRL53A4bJNazgT8xEho,2026-06-08T17:36:32Z,True,Ftu4UzjfPFYcaCcXi2WAPbzg3KKrqVJfgFND43RU8vy5,,,,https://www.youtube.com/watch?v=hF8swzNR1-o,783c911,Shilin/artifacts/external_validation/raw_coin_metadata/GkTqVrzUKtio8uyQDJySY16mbjRL53A4bJNazgT8xEho.json
GkdEyBF3wi56jChbfEzJcsfXNPhj9u77sv5hDdePpump,2026-05-25T08:57:02Z,True,7dnchZHPLDCAmfAQ6EXbS5b2Qqyiee3V4o4CcS5ShYRV,,,,,783c911,Shilin/artifacts/external_validation/raw_coin_metadata/GkdEyBF3wi56jChbfEzJcsfXNPhj9u77sv5hDdePpump.json
GmP6YKgq9cMJxiFh2LocAZo9S7rFiiZKpMS8iVfdpump,2026-05-19T18:54:08Z,True,FXgtrfDMuHgq5ZoL4Mhm6jmudRhFYPzD4fz8t88Yk4PW,,,https://x.com/livewithoscar,https://www.livewithoscar.com,783c911,Shilin/artifacts/external_validation/raw_coin_metadata/GmP6YKgq9cMJxiFh2LocAZo9S7rFiiZKpMS8iVfdpump.json
Gmgem3UjCACkZuaVVgceVRhDHYNWbiJrcMPGsyz2pump,2026-06-08T19:31:07Z,True,HCgMHHWXeR6R5VdWRb1kNM2sjofPRSjXpN8REfyPDi7f,,,https://x.com/elonmusk/status/2064061331418828888,https://x.com/AdamLowisz/status/2064062568096788901,783c911,Shilin/artifacts/external_validation/raw_coin_metadata/Gmgem3UjCACkZuaVVgceVRhDHYNWbiJrcMPGsyz2pump.json
GnRUCdsL8chtkbgtPSju1v6fapbor6QryzZ62rBipump,2026-06-04T15:35:57Z,True,7vxkwbcQGGRkY25dDfiK4PntNmZWKZCGBXxvY6ssu5Ki,https://t.me/ZixiNoSignal,ZixiNoSignal,https://x.com/ZixiNoSignal,https://www.zixi.one,783c911,Shilin/artifacts/external_validation/raw_coin_metadata/GnRUCdsL8chtkbgtPSju1v6fapbor6QryzZ62rBipump.json
GoULE1XiZHQqfTApZ35bpJLRBjQT6Tv4X5rohawApump,2026-05-16T03:03:11Z,True,BFokYT3QfRNk2Ud5YzGGQ3Sqm4Td25V27H4XM1G88HtM,,,https://x.com/MemeBabyTrump,,783c911,Shilin/artifacts/external_validation/raw_coin_metadata/GoULE1XiZHQqfTApZ35bpJLRBjQT6Tv4X5rohawApump.json
Gq5iDCw2CPZwAGy142EYJzwnLdjqa19f6LTwToDXpump,2026-06-02T06:33:10Z,True,EAYytFyAyFUuAbS2rpHTwQHnuvWAzkB2P5c484ApoPmt,,,,,783c911,Shilin/artifacts/external_validation/raw_coin_metadata/Gq5iDCw2CPZwAGy142EYJzwnLdjqa19f6LTwToDXpump.json
Gs9hFQw8mZW7rhNL1dL3QuRjaiWgWypoCidPJkeepump,2026-05-18T07:32:18Z,True,HdqUS7eBZLNWZbq9VKKztVsGcpALTyuiDuCHNwGLHGCn,,,https://twitter.com/elonmusk/status/2056276603122962925,,783c911,Shilin/artifacts/external_validation/raw_coin_metadata/Gs9hFQw8mZW7rhNL1dL3QuRjaiWgWypoCidPJkeepump.json
Gs9jrpuoE7G8ShHkjkTgZsKkYPAAudEQrZ7QzJx5pump,2026-05-16T15:36:29Z,True,3cHp65g6fvNn7GujfPQySd52nRrteQ1x929MWRsUUopy,,,https://www.thestar.com.my/aseanplus/aseanplus-news/2026/05/16/yume-the-akita-dog-gifted-by-japan-to-putin-dies,https://www.thestar.com.my/aseanplus/aseanplus-news/2026/05/16/yume-the-akita-dog-gifted-by-japan-to-putin-dies,783c911,Shilin/artifacts/external_validation/raw_coin_metadata/Gs9jrpuoE7G8ShHkjkTgZsKkYPAAudEQrZ7QzJx5pump.json
GsQcvgHCPTRQLYLqsNW59KzSKjmtqKhbmTZCJBFFpump,2026-06-03T13:49:14Z,True,4czkjzh2e2VtYGY993wSfyP3KvxbaeaMSMjajwomPmD1,,,https://x.com/devmaxxxxing/status/2062169521331581282,,783c911,Shilin/artifacts/external_validation/raw_coin_metadata/GsQcvgHCPTRQLYLqsNW59KzSKjmtqKhbmTZCJBFFpump.json
GuXhfMgX3HpKLGaWQdTuPdonxJyiiDGNWXonNrTApump,2026-06-09T22:31:41Z,True,AbMbVToZomCSxprq7HjrUuwQspT526bQc5dYHZ617kge,,,https://x.com/DaveDropsGemss/status/2064475423753523245,,783c911,Shilin/artifacts/external_validation/raw_coin_metadata/GuXhfMgX3HpKLGaWQdTuPdonxJyiiDGNWXonNrTApump.json
Gxuaw5WppY4qM6xbMaGp7yzVo7HXqHfATr1A72DUpump,2026-06-07T17:14:36Z,True,DjhsdhngmjR5rAW9urmL62JLqiwy9Q3LxNfNCn8mSmLz,,,,,783c911,Shilin/artifacts/external_validation/raw_coin_metadata/Gxuaw5WppY4qM6xbMaGp7yzVo7HXqHfATr1A72DUpump.json
GyAQzu4k8PZjowtgWoppkCgZipyCWGHV28NbSMJpump,2026-05-19T00:27:07Z,True,GcMC4y2q443u6T9roDP24TvJKhbhGYtrs63ragcJ4GuK,,,https://x.com/WhiteHouse/status/2056441450124943475,,783c911,Shilin/artifacts/external_validation/raw_coin_metadata/GyAQzu4k8PZjowtgWoppkCgZipyCWGHV28NbSMJpump.json
GyCpoCsToMYLCQZS3PHv7vHVbwQtDSg3Fjdd5fx7pump,2026-05-19T17:32:07Z,True,7LbusDBvn5fWJLT1rzVGSJyffoQUGwwgfZY2zvM2sDrN,,,https://x.com/SOLX402_up/status/2056788887473893618,https://x.com/Polymarket/status/2056785662280425810,783c911,Shilin/artifacts/external_validation/raw_coin_metadata/GyCpoCsToMYLCQZS3PHv7vHVbwQtDSg3Fjdd5fx7pump.json
GyNThEeLEvnrUJu62nct1TErb33nE2gUiyM6tuGNpump,2026-05-17T15:26:55Z,True,BqANfDS6RCqKEUvftAnH8DGY94EjbhKTME5riD1JP85n,,,,,783c911,Shilin/artifacts/external_validation/raw_coin_metadata/GyNThEeLEvnrUJu62nct1TErb33nE2gUiyM6tuGNpump.json
GyZjddMX3Ru3ZfXSTf7E4Jf51qhPzYSUFUpE1Bezpump,2026-05-15T16:15:55Z,True,4xEiGE2t6rDRotRn27vE4Z97vtBo9wXdyphwaooNBpPV,https://t.me/THE_SPIKE_SOL,THE_SPIKE_SOL,https://x.com/SPIKE_HEDGSOL,https://thespikehedgehog.com/,783c911,Shilin/artifacts/external_validation/raw_coin_metadata/GyZjddMX3Ru3ZfXSTf7E4Jf51qhPzYSUFUpE1Bezpump.json
H1Mmk6HN457HtZmKKZDdafJ9vuTuN3zv5FDU7zihpump,2026-05-31T18:18:06Z,True,4YdLGsDiVSV4jSZkyGCpttYkE9t4yMQsMeJbZZzD5Dvu,,,https://x.com/RT_com/status/2061149820673274286,https://www.atlantanewsfirst.com/2026/05/31/marta-riders-concerned-after-fatal-stabbing-train/,783c911,Shilin/artifacts/external_validation/raw_coin_metadata/H1Mmk6HN457HtZmKKZDdafJ9vuTuN3zv5FDU7zihpump.json
H1QUbpder6HXsNwhJd6QyEWb2Y6NasXmRBVK1zxdpump,2026-06-08T01:23:00Z,True,2TvmSFKtjNZgUAxkQrxdGo3G3VgzSxy77bfLanJS2uZJ,,,https://x.com/BountyCupMeme,,783c911,Shilin/artifacts/external_validation/raw_coin_metadata/H1QUbpder6HXsNwhJd6QyEWb2Y6NasXmRBVK1zxdpump.json
H1XZrirRujcmDkAq5tMRRAKJVoK2gSTu1HM8v54pump,2026-05-14T13:59:03Z,True,9Hh1c4NUz8vCtHhL7RmPDq1yGkgc57qS3XF6WtebCUkS,,,https://x.com/cb_doge/status/2054922615798857763,,783c911,Shilin/artifacts/external_validation/raw_coin_metadata/H1XZrirRujcmDkAq5tMRRAKJVoK2gSTu1HM8v54pump.json
H217hGvQreFqjuaL8EBf1LUwC8asAyvxTn96vM14pump,2026-05-24T14:46:23Z,True,Cyrxp9z2kng7LRMGkKsSUBHqJzraAwxC7kFtiXxrCEW1,https://t.me/ERMO_SOL,ERMO_SOL,https://x.com/ermoonsol,https://ermo.lol,783c911,Shilin/artifacts/external_validation/raw_coin_metadata/H217hGvQreFqjuaL8EBf1LUwC8asAyvxTn96vM14pump.json
H2AbhrnKmGcMMXDdaqrxRxzUwRxZN54MUaq4ydYwpump,2026-05-17T06:39:27Z,True,5hioZjYW2woJs6GfqzhzV1yFFfDTGp27XfBBRXrAMZR8,https://truthsocial.com/@realDonaldTrump,,https://x.com/realDonaldTrump,https://www.donaldjtrump.com/,783c911,Shilin/artifacts/external_validation/raw_coin_metadata/H2AbhrnKmGcMMXDdaqrxRxzUwRxZN54MUaq4ydYwpump.json
H3VTG1ed8JH8K6q7A1Zk6NRJgksWfBs3q7peYUoxpump,2026-05-21T09:08:18Z,True,AYjwFh8RAFmDQDaCMhv8GK9FBfNTbWoMSpn146puwsDa,,,https://x.com/spcxcup,,783c911,Shilin/artifacts/external_validation/raw_coin_metadata/H3VTG1ed8JH8K6q7A1Zk6NRJgksWfBs3q7peYUoxpump.json
H3npCXj3sbMn4MGQWus4rRT5EpjyxniJnFGEYY4dpump,2026-06-06T14:23:54Z,True,4s6zN8jy5UNEaEAxsmRWEiPMCrergzTYzfCgwmQh69L3,,,https://x.com/DJTrump2028US,,783c911,Shilin/artifacts/external_validation/raw_coin_metadata/H3npCXj3sbMn4MGQWus4rRT5EpjyxniJnFGEYY4dpump.json
H412t7CczYLwsjx5u51eEuDXNYfNVxEA5LFxgxtLpump,2026-05-15T07:38:54Z,True,14TMvFfwB2uNBheHupqRsjd3LCAeQBbdU13WAUbAwgq9,,,,https://www.scarymaze.click/,783c911,Shilin/artifacts/external_validation/raw_coin_metadata/H412t7CczYLwsjx5u51eEuDXNYfNVxEA5LFxgxtLpump.json
H47FVigdZuw7caF5um8wcu9dBstYgfVKxiMZ4koRpt8S,2026-05-22T20:10:15Z,True,7B48XvA2yu2R8XoSLJnRkGekq5wWXh5W1mpPfJQu1L28,,,https://x.com/elonmusk/status/2057916962848624793,,783c911,Shilin/artifacts/external_validation/raw_coin_metadata/H47FVigdZuw7caF5um8wcu9dBstYgfVKxiMZ4koRpt8S.json
H499Q6ajscLGcv9ZU5hGsKvhsojjcgTZc9X6kA9Hpump,2026-05-14T14:56:08Z,True,GZ45SR8teKVJE17pmc1AP14xUR6RHr3jrkCcSouKuiRD,,,,,783c911,Shilin/artifacts/external_validation/raw_coin_metadata/H499Q6ajscLGcv9ZU5hGsKvhsojjcgTZc9X6kA9Hpump.json
H4fEjB2yKZPyoT5hvfKNHo2xtLtJjywu5nsJqVaKpump,2026-06-08T05:38:05Z,True,6sk4n5TtBk84FRsgekDzNoWkj8Gz8ZDqan4QuPVnUAUY,,,,,783c911,Shilin/artifacts/external_validation/raw_coin_metadata/H4fEjB2yKZPyoT5hvfKNHo2xtLtJjywu5nsJqVaKpump.json
H4wiFTC1XB8B6VUz366T5JVf1T7eSzNp4o4vqLuGpump,2026-05-22T00:10:00Z,True,68SE62MWeKc2gy6xYSEhNfQPvgfMJtEJTeu9LrLWusBQ,,,,,783c911,Shilin/artifacts/external_validation/raw_coin_metadata/H4wiFTC1XB8B6VUz366T5JVf1T7eSzNp4o4vqLuGpump.json
H58iGucz1atKdKNLs1vnsNmLcPDQa9acMgQsaceLpump,2026-05-10T04:44:14Z,True,Ern9rb9aKrZrBcesiUGD3Ko5DmKDQmC5KTtSD2w2PekD,https://t.me/PIKO_SOLANA,PIKO_SOLANA,https://x.com/PIKO_HELL,https://pikocoin.click/,783c911,Shilin/artifacts/external_validation/raw_coin_metadata/H58iGucz1atKdKNLs1vnsNmLcPDQa9acMgQsaceLpump.json
H5G84AxUv57uFqKEMHVr39CZV2GdhHS8BgJARUn7pump,2026-06-07T15:22:36Z,True,37TP63QdoVEtu6ite2hMXGa7RnX6W1VsMMZmBjKod9Sx,https://t.me/ravatar_channel,ravatar_channel,https://x.com/RavatarOfficial,https://ravatar.online/,783c911,Shilin/artifacts/external_validation/raw_coin_metadata/H5G84AxUv57uFqKEMHVr39CZV2GdhHS8BgJARUn7pump.json
H5uGeBgjzju8k9nyfDxcyvnk2MxKmewW8TPZnJfHpump,2026-05-12T03:29:00Z,True,81rANXFXrCuo8pCWF8zXx7PftxggLt2jTurF8LetZ4b6,,,,https://badtroll.xyz/,783c911,Shilin/artifacts/external_validation/raw_coin_metadata/H5uGeBgjzju8k9nyfDxcyvnk2MxKmewW8TPZnJfHpump.json
H6ghB9YXmKj35KxkUitHMWVcusL1zs6y1NFAAhBJpump,2026-05-19T04:49:11Z,True,GS48mAnqKLkYaGvwiHrjL2VT7QUnGuoZGfmWZGREMTdP,,,,,783c911,Shilin/artifacts/external_validation/raw_coin_metadata/H6ghB9YXmKj35KxkUitHMWVcusL1zs6y1NFAAhBJpump.json
H71QvxBZVuD2yjgBF1QiZdpTc1pNddFxXNbaJu8apump,2026-06-03T13:18:09Z,True,Gi4CnosrUfHV5c4k2o9YJDJzXUpS7vr4LTXosfJuLMaW,,,https://x.com/BitcoinMagazine/status/2062157803507130736,,783c911,Shilin/artifacts/external_validation/raw_coin_metadata/H71QvxBZVuD2yjgBF1QiZdpTc1pNddFxXNbaJu8apump.json
H7Lqge81aWxxgL9SZXGasj4P4wTW2amivr8U6uHapump,2026-05-17T17:45:48Z,True,4GX26RbJVzryqgPbMdvWEJgGBtFfSKHvE1MRSqWuqkXo,https://t.me/StickoSPL,StickoSPL,https://x.com/StickoSOLANA,https://stickosol.com,783c911,Shilin/artifacts/external_validation/raw_coin_metadata/H7Lqge81aWxxgL9SZXGasj4P4wTW2amivr8U6uHapump.json
H8Gp6dswgq6kwuYq1WZB7maNkPgCiGiErSdj6Dvzpump,2026-06-10T08:20:51Z,True,7LvLNHFnvLrPkF7BpyCJD4yZtiS6hasN9gUfU3PQzo7c,,,,,783c911,Shilin/artifacts/external_validation/raw_coin_metadata/H8Gp6dswgq6kwuYq1WZB7maNkPgCiGiErSdj6Dvzpump.json
H8PMferewKT6Ycs4QXw5KMzNYeNPyZNRB75nA2r7pump,2026-06-02T18:54:17Z,True,CtFeXSfaibPmfnJR7mNN5vLzWnZoCsL1fhaTmrGiP3cv,,,https://x.com/thedevrrrrrrr/status/2061884106150179029,https://www.reddit.com/r/antiai/comments/1turti6/statue_of_a_girl_opposing_grok_in_front_of_the/,783c911,Shilin/artifacts/external_validation/raw_coin_metadata/H8PMferewKT6Ycs4QXw5KMzNYeNPyZNRB75nA2r7pump.json
H8Q3W7bXXb4JELohU8YViQb8ZtJp5zXoxgPXr5Lcpump,2026-05-20T03:52:59Z,True,26Gq7gJWrmrskZn649EpmyExiUNGLGp3p24vSwPntVnz,,,https://x.com/DonaldBotCoin,,783c911,Shilin/artifacts/external_validation/raw_coin_metadata/H8Q3W7bXXb4JELohU8YViQb8ZtJp5zXoxgPXr5Lcpump.json
H8zUgUsdQrKEaLrMexeGpw2L3zYqbUj847kt7vouamo2,2026-05-30T19:25:12Z,True,BkfuMrBBzJQmeN8Qz1KPCZ7LjGPi37qsKRPpUhDrkmLy,,,https://x.com/RealGrumpyCat,,783c911,Shilin/artifacts/external_validation/raw_coin_metadata/H8zUgUsdQrKEaLrMexeGpw2L3zYqbUj847kt7vouamo2.json
H9Q2jGkdCve8PzWgBN64c99FiJrGWernvUZGGzkepump,2026-05-20T21:33:30Z,True,gFUEasheSe5ebdWqNFVCT8a1cbz51zt4uEvrYgbhHTo,,,https://x.com/tradevibhu,https://x.com/toly/status/2057184319442162032?s=46,783c911,Shilin/artifacts/external_validation/raw_coin_metadata/H9Q2jGkdCve8PzWgBN64c99FiJrGWernvUZGGzkepump.json
H9WS1NoXeVMBmL37R5XxAdmFn2uMT8S6y84TDCnUpump,2026-06-05T17:57:39Z,True,2rARb7j6USQMf7EvpMC8Zf6UE5aBsEuVN6v7i9K62jfk,,,https://x.com/pump_commerce,https://pumpdotcommerce.lovable.app/,783c911,Shilin/artifacts/external_validation/raw_coin_metadata/H9WS1NoXeVMBmL37R5XxAdmFn2uMT8S6y84TDCnUpump.json
H9nrHLjxrWPzA4N6YDiCAoSD5aXMJ3APnfJuEfSbpump,2026-05-14T13:46:25Z,True,7VdneEjs1Q1Whpi2KkaH3WV6dzcaJGeU3QjEFcLJ1D4x,,,https://x.com/ns_cwj/status/2054920160512016735,https://x.com/binancezh/status/2054917956627542427,783c911,Shilin/artifacts/external_validation/raw_coin_metadata/H9nrHLjxrWPzA4N6YDiCAoSD5aXMJ3APnfJuEfSbpump.json
HBX62NcaHM6Bc94CyxUABJBGMBtHD9jrHYqDCaSopump,2026-05-15T18:21:27Z,True,2zmsB4GbAcz5EWYEzyvEU5G2TLEKoLXBwu9MXkJMEBwu,,,https://x.com/RockySolanaCoin/status/2055352807541104663?s=20,,783c911,Shilin/artifacts/external_validation/raw_coin_metadata/HBX62NcaHM6Bc94CyxUABJBGMBtHD9jrHYqDCaSopump.json
HCCHD4aLZUz3X3s8yoJmodTYT7zDV7bo7F5RzGD4pump,2026-05-22T14:41:34Z,True,Ewp4aAACtCT4bqEmPwnZYpAXwL63Y4k5kvS9kwEeF172,,,,,783c911,Shilin/artifacts/external_validation/raw_coin_metadata/HCCHD4aLZUz3X3s8yoJmodTYT7zDV7bo7F5RzGD4pump.json
HCGxR1t2QfAAo8GmcyUwNBVuvjzCw7rnP2kbP6FCpump,2026-05-14T05:35:17Z,True,9pnFW2mQW1rSGN88ezfhpD76waW2vWLoE1m9G5wxeZtc,,,,,783c911,Shilin/artifacts/external_validation/raw_coin_metadata/HCGxR1t2QfAAo8GmcyUwNBVuvjzCw7rnP2kbP6FCpump.json
HFTf4Tpr9Xja1XfnfEZUe7viPRvdiHYMjMR9DQYKpump,2026-05-26T11:14:24Z,True,7oUZkCugpPEqVF4bAaUrFdnSQs37wbDD3pmyeJvPxKz2,,,,,783c911,Shilin/artifacts/external_validation/raw_coin_metadata/HFTf4Tpr9Xja1XfnfEZUe7viPRvdiHYMjMR9DQYKpump.json
HFUvD7ndvzfLuwygP3mZeVLK6Mh8hPa3YYWCY6zmpump,2026-05-18T13:42:10Z,True,9qzxqaGi4waH84oKhV2rgZf6pnmA1NvHXSvaYBJBi78X,,,https://x.com/risto240484/status/2056369572425371731,,783c911,Shilin/artifacts/external_validation/raw_coin_metadata/HFUvD7ndvzfLuwygP3mZeVLK6Mh8hPa3YYWCY6zmpump.json
HGbySBARfjzX7b8P7BGjPvhZaHKfu3Gwx1F9Yn2pump,2026-06-04T11:14:31Z,True,BiUgxo4QEaJE8soVix77pDJx7cXBPUPrVTEVidUM2nrh,,,https://x.com/WhiteHouse/status/2062318641542988097,,783c911,Shilin/artifacts/external_validation/raw_coin_metadata/HGbySBARfjzX7b8P7BGjPvhZaHKfu3Gwx1F9Yn2pump.json
HGfr9sBFLS4w9wEnzoQd8EcQYrw1mvqEzxA4K7wTpump,2026-05-17T02:54:18Z,True,3CEohTgV5kgo2kEyCEBNLyAxiJhtwV72G1hMgPDr3p5J,,,,,783c911,Shilin/artifacts/external_validation/raw_coin_metadata/HGfr9sBFLS4w9wEnzoQd8EcQYrw1mvqEzxA4K7wTpump.json
HHkBcNjodLJHSzbVsWZ9VbMe79qpt8T6nsmn35nxpump,2026-06-06T15:36:45Z,True,B3TmuuMues5Uz7VciLwetXjpGTXwEYJPsFgxFNsAqnGM,,,https://x.com/worldkupcoin,https://www.worldkup.lol,783c911,Shilin/artifacts/external_validation/raw_coin_metadata/HHkBcNjodLJHSzbVsWZ9VbMe79qpt8T6nsmn35nxpump.json
HJaD3V6BWCZHSQ7FJuz1Y9pwy8Rd1YRG2FGafMvVpump,2026-05-21T16:45:41Z,True,H15bFjEayGboRAo4zW3i55MsBziPKuyzQWc4kPgBrnoM,,,,,783c911,Shilin/artifacts/external_validation/raw_coin_metadata/HJaD3V6BWCZHSQ7FJuz1Y9pwy8Rd1YRG2FGafMvVpump.json
HKYUTVKDpQnJPbEjkdR3bKmdbYw3jgMM6jBGfoRNpump,2026-06-04T15:14:30Z,True,DB17aMEKARMjuR6CbQoGRkwCQTBQKgX5AnJj2dBpivQb,,,https://x.com/PumpFun711/status/2062553520755142972,https://x.com/EricBalchunas/status/2062551560723234938,783c911,Shilin/artifacts/external_validation/raw_coin_metadata/HKYUTVKDpQnJPbEjkdR3bKmdbYw3jgMM6jBGfoRNpump.json
HKhUF3a1w2qVKCBvGQh1Q3CkHcSbL2X2mJKf47Yrpump,2026-05-28T13:22:10Z,True,5DWSeevDv89enuQ7V4KGhDjnRuWsg954o8HBsqJLh4Ba,,,,https://www.instagram.com/stories/mayemusk/,783c911,Shilin/artifacts/external_validation/raw_coin_metadata/HKhUF3a1w2qVKCBvGQh1Q3CkHcSbL2X2mJKf47Yrpump.json
HL37ZcXo6s1271RgB9xZxi3XXdMsYe6Wco6DYZCvpump,2026-06-02T14:19:49Z,True,Fi9FZHcL1H3nHUPTdfacsmY2Vo2VTK3wkxf8mKay74sf,,,https://x.com/elonmusk/status/2061808027666415902,https://www.konstantinkisin.com/p/henry-nowak-how-anti-racism-gave,783c911,Shilin/artifacts/external_validation/raw_coin_metadata/HL37ZcXo6s1271RgB9xZxi3XXdMsYe6Wco6DYZCvpump.json
HLrmwfYoru7hKEudzjce5hjxYJLwjGUha9ptUQfVpump,2026-06-03T22:38:52Z,True,zwEjxHaEKYDVz2KRGs3AL4A8XcWLFTn1pQn6ig4VBFY,https://t.me/BeachBaddies,BeachBaddies,https://x.com/beachbaddiesol,https://beachbaddies.art/,783c911,Shilin/artifacts/external_validation/raw_coin_metadata/HLrmwfYoru7hKEudzjce5hjxYJLwjGUha9ptUQfVpump.json
HMTfy74SrjYu2keQi6v2qXiZffAVK8PM7PSYjmShpump,2026-05-29T20:26:29Z,True,4UpW4rKWsq2Qz6fLhVeZEJsFMcWFXGrJcULsCECdasXv,,,https://x.com/Theduvepump,,783c911,Shilin/artifacts/external_validation/raw_coin_metadata/HMTfy74SrjYu2keQi6v2qXiZffAVK8PM7PSYjmShpump.json
HMZSts7CN5NMJ7fThXZYaQ43Wqf7nR1uK397fn7Cpump,2026-05-22T00:36:50Z,True,9p3oD7qKs8SbTk94FE1wSYoLtGAyuxjDX2YJpFVP615x,,,https://x.com/KemisoMo/status/2057621600833601963,https://mindshare-protocol.lovable.app/,783c911,Shilin/artifacts/external_validation/raw_coin_metadata/HMZSts7CN5NMJ7fThXZYaQ43Wqf7nR1uK397fn7Cpump.json
HMuohNo6VLCnU1xVZUMdDW4XMTHLFpvb19bC1mQHpump,2026-05-31T03:37:53Z,True,Ac8MdtAiT1GKU9Myog4Q24uKD9e5X2Qd3mcNELE4mHzV,,,,https://thepickle.lol/,783c911,Shilin/artifacts/external_validation/raw_coin_metadata/HMuohNo6VLCnU1xVZUMdDW4XMTHLFpvb19bC1mQHpump.json
HNGbVJjridwgmM4ivWjjHirWfiDtrTP5zcwS3uxTpump,2026-06-05T12:40:25Z,True,84YPLzwzQK7bDCYNDQYsp6Dw1jSfXCmebmhmN8cPN7oW,https://t.me/BIBOPCOIN,BIBOPCOIN,https://x.com/BIBOPCOIN,https://bibop.lol/,783c911,Shilin/artifacts/external_validation/raw_coin_metadata/HNGbVJjridwgmM4ivWjjHirWfiDtrTP5zcwS3uxTpump.json
HPuHMhrLM8AQXsX61ovoVVph4d4bkF41HzkE1tUcSPCX,2026-05-15T19:35:43Z,True,ANLsBQbrhrnqnkZYjoQDrEAKWWpWxoSwi2Hsy2qMT7r8,,,https://x.com/IlllIII1233321/status/2055371429323939975,,783c911,Shilin/artifacts/external_validation/raw_coin_metadata/HPuHMhrLM8AQXsX61ovoVVph4d4bkF41HzkE1tUcSPCX.json
HQ2pB7CyDZoCTUhXHpWFG8qvcC4sSsyBYMAjDT66pump,2026-05-19T15:29:16Z,True,Vh7RsGYX75Srfts58mSr8roz74AxZJXKXi74rtCqGsa,https://t.me/RATTLO,RATTLO,https://x.com/Rattlo_sol,https://rattlo.top/,783c911,Shilin/artifacts/external_validation/raw_coin_metadata/HQ2pB7CyDZoCTUhXHpWFG8qvcC4sSsyBYMAjDT66pump.json
HQiomCWWd2DnLDEJkaE8jcA8nUKk9u5Vji3NSpAEUSac,2026-06-08T21:50:15Z,True,BXH1vA9DhjpzngRJPZU13d9suiLPJ5VM9vwfC7ir63fL,,,https://x.com/plainwhiteblank,,783c911,Shilin/artifacts/external_validation/raw_coin_metadata/HQiomCWWd2DnLDEJkaE8jcA8nUKk9u5Vji3NSpAEUSac.json
HRZLeKN1w66nEZZJbPjN62cwHxHPj8mymJ6KLLVGpump,2026-05-12T22:12:54Z,True,4K7vNYk6RCJtbTzLWC2gyCWv5Jvk7ion3R99tuBaTrhK,,,https://x.com/taxxind/status/2054323949660488006,https://www.instagram.com/p/DYHthk3pYxs/,783c911,Shilin/artifacts/external_validation/raw_coin_metadata/HRZLeKN1w66nEZZJbPjN62cwHxHPj8mymJ6KLLVGpump.json
HRvvpMNazPB2aExFzU4EH1mKF2sp6XqbPUWvA43tpump,2026-06-01T05:53:11Z,True,4rvT8cL1qFjZPhAPhd5k24S5maw9YikWJ5WhUuwrGZ1P,,,https://x.com/1twelvexyz/status/2061325043020239113,,783c911,Shilin/artifacts/external_validation/raw_coin_metadata/HRvvpMNazPB2aExFzU4EH1mKF2sp6XqbPUWvA43tpump.json
HSKhxnPq4d14P9obNeYauDp7hn11dDjzfhvUBbuLpump,2026-06-05T16:00:47Z,True,D8hbghwLCRuf23SjPUNiJir3XwQzXgqM9FZSbTk3vubs,https://t.me/CCIportal,CCIportal,https://x.com/cci3200,https://cci3200.xyz/,783c911,Shilin/artifacts/external_validation/raw_coin_metadata/HSKhxnPq4d14P9obNeYauDp7hn11dDjzfhvUBbuLpump.json
HUD6ZZcqLcJyeZ7aKV2kfNJHirsqoUJwGDSfxKgQpump,2026-05-14T18:35:13Z,True,Aasvtz9azGHWxxzvnzG6DJJ7g11wErHJtma4PYBARMDT,,,https://x.com/perps/status/2054992478231822400,,783c911,Shilin/artifacts/external_validation/raw_coin_metadata/HUD6ZZcqLcJyeZ7aKV2kfNJHirsqoUJwGDSfxKgQpump.json
HVzLqjLpUjoo7cE7JZC8MeVzmQUyMVwkNZthv1z3pump,2026-05-14T20:06:02Z,True,7AdUUBKrj6JS5b72ag18trvDqzPSuwtT7PYdrVdegSQT,,,https://x.com/keiths_pencil/status/2055012516086874172,,783c911,Shilin/artifacts/external_validation/raw_coin_metadata/HVzLqjLpUjoo7cE7JZC8MeVzmQUyMVwkNZthv1z3pump.json
HW7THdpmE8yjVz3SZJ6tGh2q84kH3Z5NUHSpVajKpump,2026-05-25T17:53:14Z,True,73VNLDMkCUL86JPCHb6Qi9xH7s4hXtLF6EH9sm9McaFG,,,https://x.com/AscensionAcc/status/2058969459927445992?s=20,,783c911,Shilin/artifacts/external_validation/raw_coin_metadata/HW7THdpmE8yjVz3SZJ6tGh2q84kH3Z5NUHSpVajKpump.json
HWVjM9EtJMPKJYaGuP2YcLdGL2njRoiM3kwfzqZqpump,2026-05-16T16:22:22Z,True,J3wrF6Dfe8SjGhC1cxuRN9ncLyvnHuaaWMfaarM9ynwN,,,https://x.com/BenDrillinaros/status/2055685280259072298,,783c911,Shilin/artifacts/external_validation/raw_coin_metadata/HWVjM9EtJMPKJYaGuP2YcLdGL2njRoiM3kwfzqZqpump.json
HXbGaopsPJX8jgP12ZcTk38ujNf2GP4rMiFjALPBpump,2026-06-08T16:57:28Z,True,C2aKjzNCeeMLkyf11q5MFWNvjy89RLLWepwrQF8z3BCc,https://t.me/worldcup48teams,worldcup48teams,https://x.com/worldcup48teams,https://worldcup48teams.lol,783c911,Shilin/artifacts/external_validation/raw_coin_metadata/HXbGaopsPJX8jgP12ZcTk38ujNf2GP4rMiFjALPBpump.json
HXy6HPamU86qemCiTyx1ePTdsebuM1renEEiNt8Apump,2026-06-04T03:43:00Z,True,DAMRJfMZFouemipAjBdgGLSPTaAyR2hidZsFo37MqwKB,,,,,783c911,Shilin/artifacts/external_validation/raw_coin_metadata/HXy6HPamU86qemCiTyx1ePTdsebuM1renEEiNt8Apump.json
HYoMirye3VjqMi4gogCueZcvdJCUAoeXuLdmBUMFpump,2026-06-03T19:12:44Z,True,HtnRELpBCBotT6X71gSQK2MnhKkG5NYSt4N5tvk7x7b3,,,https://x.com/norenewableland,https://landsol.land,783c911,Shilin/artifacts/external_validation/raw_coin_metadata/HYoMirye3VjqMi4gogCueZcvdJCUAoeXuLdmBUMFpump.json
HZNeVcaHE8UrUeJkRNnSHkxQhJfxMs9pH1CK1nQzpump,2026-05-20T10:00:07Z,True,Akmz4kB31sfYcrRsCvCX8PEt5PCU8qsC9qiSqUAPv9Au,,,,,783c911,Shilin/artifacts/external_validation/raw_coin_metadata/HZNeVcaHE8UrUeJkRNnSHkxQhJfxMs9pH1CK1nQzpump.json
HZSTNn7wLWqPmvhgcPiX327ax5DmWHJ8d4UANWHkpump,2026-05-21T20:13:20Z,True,DZSdEaR6Wm59jUNy2SJfiZ6TGSaKbHDHUAwEQY5yJpac,,,https://x.com/DonaldBullSol,,783c911,Shilin/artifacts/external_validation/raw_coin_metadata/HZSTNn7wLWqPmvhgcPiX327ax5DmWHJ8d4UANWHkpump.json
HZijY5b3G5hXcR5kt4stSszhFFUzXM8QQmVhY77Ypump,2026-05-31T08:40:25Z,True,AbTSPa56xEcg9dMGsmwRZJcYTdiu4smSEug39sAuYcA,,,,,783c911,Shilin/artifacts/external_validation/raw_coin_metadata/HZijY5b3G5hXcR5kt4stSszhFFUzXM8QQmVhY77Ypump.json
HZuGFSuJKSSxzNPPtEpNXaQf5vog1zta5dWHtURjpump,2026-05-19T14:13:05Z,True,8mDQp3kJMaFx1hr5u8XA3KYQunv4HeQCyVybNEo6EsvM,,,https://x.com/thesquadtard,https://squadtard.icu/,783c911,Shilin/artifacts/external_validation/raw_coin_metadata/HZuGFSuJKSSxzNPPtEpNXaQf5vog1zta5dWHtURjpump.json
Ha1Ast1X6NrzHYiDHvehjY7ui1iL9t5DLcJnfBsApump,2026-05-22T14:48:35Z,True,7uuYjgycf3soyiL38Mj2yAoezCHmfTajAa3gYAA1JHz,,,,,783c911,Shilin/artifacts/external_validation/raw_coin_metadata/Ha1Ast1X6NrzHYiDHvehjY7ui1iL9t5DLcJnfBsApump.json
HaJJ6K2eKD2QX1XbZVFnS762K158oGfmbKrSRSMPpump,2026-05-22T23:16:11Z,True,BQxnZ3qGEmN93K5Ghi3BkU61az7VPVkpBcq94MM6uTBK,,,https://x.com/meechie/status/2057963763018461265,https://www.youtube.com/watch?v=IOYyCHGWJq4,783c911,Shilin/artifacts/external_validation/raw_coin_metadata/HaJJ6K2eKD2QX1XbZVFnS762K158oGfmbKrSRSMPpump.json
HacxkKvctUzgryZBi7g27RULqm98tH4se39dPeQepump,2026-05-16T14:59:22Z,True,BhBDxSh74dUgVbDZ78866o9UiPfjcX6n7zBSGPC97ttz,,,https://x.com/taxxind/status/2055664371863318663,"https://www.congress.gov/congressional-record/volume-172/issue-83/house-section/article/H3547-1?hl=memecoin&s=3&r=1#:~:text=Of%20course%2C%20the-,cryptocrats,-%2C%20whether%20wittingly%20or",783c911,Shilin/artifacts/external_validation/raw_coin_metadata/HacxkKvctUzgryZBi7g27RULqm98tH4se39dPeQepump.json
HbDRvWCPjvxfZJ5BoyQoE5r2nUBrhbnZ3Qqrj8impump,2026-06-06T08:58:27Z,True,8PGXvwbiAahZaRiYcyjSoZY7vc96bUA2ve7MATNhA4PS,https://t.me/certbag_sol,certbag_sol,https://x.com/certbag_sol,https://certifiedbagholderterminal.site,783c911,Shilin/artifacts/external_validation/raw_coin_metadata/HbDRvWCPjvxfZJ5BoyQoE5r2nUBrhbnZ3Qqrj8impump.json
HbhM64pkyFhET1q1m41mg6fhS3QxVDFqy8w2H5eApump,2026-05-28T00:02:49Z,True,ARh4Rp6PpDcESs7M7HtyNK4zHKKQYThbPitduEPUJ15Q,,,https://x.com/UMFTV,https://github.com/alexndrabarnes/boo-cli,783c911,Shilin/artifacts/external_validation/raw_coin_metadata/HbhM64pkyFhET1q1m41mg6fhS3QxVDFqy8w2H5eApump.json
HcAHgtPyuUVn8AN5cwpaFGQqxGHg28NtDGJKh22zpump,2026-05-13T04:11:30Z,True,3dgEfkE7wCxZQWmzzgjwy9mMAtDAq9jM4Faqikh8p2bN,,,,https://whaletroll.fun/,783c911,Shilin/artifacts/external_validation/raw_coin_metadata/HcAHgtPyuUVn8AN5cwpaFGQqxGHg28NtDGJKh22zpump.json
HcVvKbSQWh3D487kfWsaPEDKHwJ4RQ7SHpg387wgpump,2026-05-12T21:32:29Z,True,8DquFCdpYtdH1arMEgiuUcAxa9tXK6SP727Lnibw59Cm,,,https://x.com/wallstreetbets/status/2054309139237503323,,783c911,Shilin/artifacts/external_validation/raw_coin_metadata/HcVvKbSQWh3D487kfWsaPEDKHwJ4RQ7SHpg387wgpump.json
HcjdrshYtDzLux7tugu2iwFEU4A5HRXBmUTM84vDpump,2026-05-25T03:02:20Z,True,21ah9sXWbx8qeGm1cNyGVijZazAbUnqwmcdb7XMYk4rz,,,https://x.com/WorldCup_Bank,https://worldcupbank.world,783c911,Shilin/artifacts/external_validation/raw_coin_metadata/HcjdrshYtDzLux7tugu2iwFEU4A5HRXBmUTM84vDpump.json
HckX9ypCLdWkGTVUZ7h28fUFeqLSywRF2xcVRTRnpump,2026-05-25T17:31:28Z,True,AfKTw3dD4XHHiKgHY8taxFCz6t2qv5SVr9iMn98x5Gfv,,,https://x.com/MonyyFN/status/2058964029503361109,,783c911,Shilin/artifacts/external_validation/raw_coin_metadata/HckX9ypCLdWkGTVUZ7h28fUFeqLSywRF2xcVRTRnpump.json
Hd4HQWi4SaikqWkJ3wNawdYcZYznaQSKsmPnDrn8pump,2026-06-07T21:08:15Z,True,CahdKTnYPzsSSHtW63wNnTSJu19hDcuktFFVFtoEcCZU,,,https://x.com/America_Bounty,https://americabounty.site,783c911,Shilin/artifacts/external_validation/raw_coin_metadata/Hd4HQWi4SaikqWkJ3wNawdYcZYznaQSKsmPnDrn8pump.json
HdtMbxQrWHZ8VkSMtLpme9CwKeJoL7roEkxikHgpump,2026-05-18T15:17:37Z,True,CWYESmWustLn9NKBaCELM3N8fVN7fdigbfC4bmRUsQr2,,,https://x.com/cryptorover/status/2055879278596874465,,783c911,Shilin/artifacts/external_validation/raw_coin_metadata/HdtMbxQrWHZ8VkSMtLpme9CwKeJoL7roEkxikHgpump.json
HeYjBDJGcHwYRqufaLmTp9e9ccxVj4La9kKx6pTPpump,2026-06-01T22:04:50Z,True,AjH9aeGfSWLdWmUEbV4ZHMTzqhYe6wRE1mYadGtubM23,,,,,783c911,Shilin/artifacts/external_validation/raw_coin_metadata/HeYjBDJGcHwYRqufaLmTp9e9ccxVj4La9kKx6pTPpump.json
HfPNJM1i6JQsnMwu222LbLph6UpU21sATuksMuiQpump,2026-05-19T03:07:55Z,True,BscfpGRHXd1PE82KMh56QKHCy81vuNYTqaC6yvQzfsX,,,,https://wearefriends.xyz/,783c911,Shilin/artifacts/external_validation/raw_coin_metadata/HfPNJM1i6JQsnMwu222LbLph6UpU21sATuksMuiQpump.json
HfQK7KmKJcwqKNixnAmmuVWdPQXEt7HASQherzd8pump,2026-05-24T15:19:06Z,True,3VJSwnALLFYHAn7oYb94zL5TzfcSxAW6vSLg7pssXVNr,,,https://x.com/nvidia/status/2058568447844634694,https://x.com/bread440417/status/2058564946326073662,783c911,Shilin/artifacts/external_validation/raw_coin_metadata/HfQK7KmKJcwqKNixnAmmuVWdPQXEt7HASQherzd8pump.json
HgXjuxyMkyamWYLmVVQwChaaoC7QPBqo6Xp3iXqhpump,2026-06-02T03:20:26Z,True,Ed6FFnY48vf751TLqYqz757V2mLHm8s38xKCv2bHZuwn,,,https://x.com/NikolaiHauckx/status/2061649094544666682?s=20,https://www.trumpstore.com/collections/new-arrivals/djt-plush,783c911,Shilin/artifacts/external_validation/raw_coin_metadata/HgXjuxyMkyamWYLmVVQwChaaoC7QPBqo6Xp3iXqhpump.json
HiMwga11ca5UnswZVUveru46mp5xQ1TpsJXVeEK6pump,2026-06-02T12:25:45Z,True,8287bHT33E6JfWv85EoNHEW8XU76RdJfzboNX5h6hYX2,,,https://x.com/SolTrumpBucks,https://trumpbucks.site,783c911,Shilin/artifacts/external_validation/raw_coin_metadata/HiMwga11ca5UnswZVUveru46mp5xQ1TpsJXVeEK6pump.json
Hkpi2SkNWm5LogyY1Bz4zYTq5REVvco2aYWd1tYppump,2026-05-26T17:03:30Z,True,rxFKDunvinPubDZdYN68Rtm3bh2T9S5JYTpai8E4ZBi,,,https://x.com/fcm.fun,https://fcm.fun,783c911,Shilin/artifacts/external_validation/raw_coin_metadata/Hkpi2SkNWm5LogyY1Bz4zYTq5REVvco2aYWd1tYppump.json
Hkx9MFeDoz6vLtgZPF6BQdzZt7AihVKuW1Wsj4U7pump,2026-05-12T11:54:56Z,True,FuLMvQq7jCA6VuzSg82SXgWzL1e7pDZU1RWzYH93nQzx,,,,https://truthsocial.com/@realDonaldTrump/116561470464754421,783c911,Shilin/artifacts/external_validation/raw_coin_metadata/Hkx9MFeDoz6vLtgZPF6BQdzZt7AihVKuW1Wsj4U7pump.json
HmKaxgNsnoHgZuTBnLwASPsyzf34pEjfjGamybAspump,2026-06-09T21:35:10Z,True,6QdTKAapNYoRME2YL7azxcLbdt1a69JDmDZR2ryuhFJU,https://t.me/aurafarmingdev,aurafarmingdev,https://x.com/aurafarmingdev,https://aurafarming.wiki/,783c911,Shilin/artifacts/external_validation/raw_coin_metadata/HmKaxgNsnoHgZuTBnLwASPsyzf34pEjfjGamybAspump.json
HmqANGiqQdoSxabqzBMGkbmRxR3PaCzes5c2vTvapump,2026-05-27T15:58:02Z,True,8bLsMUhCM2pP1vA36Wc4HyiAcG5BFFSvsDYhbqnDETVz,,,https://x.com/twousdstable,,783c911,Shilin/artifacts/external_validation/raw_coin_metadata/HmqANGiqQdoSxabqzBMGkbmRxR3PaCzes5c2vTvapump.json
Hmz5CNxNFn6KfvLeARHZVq6BvxZ39ALU9piecAUpump,2026-05-28T02:15:18Z,True,GFC6JbGeNff3zk3GyjUuDQ9fh6HUuxeiVNaamJdVVvsD,,,https://x.com/WhiteHouse/status/2059779450275864710,,783c911,Shilin/artifacts/external_validation/raw_coin_metadata/Hmz5CNxNFn6KfvLeARHZVq6BvxZ39ALU9piecAUpump.json
Hn2UPhLR1X3n3yrdS1aKiNs71SuphbpwSq49Q5ywpump,2026-05-13T20:52:31Z,True,2twJ64H1PV87nqi5VvdHUtUpdQSWtaA9AKWi3PAQt4cT,,,,,783c911,Shilin/artifacts/external_validation/raw_coin_metadata/Hn2UPhLR1X3n3yrdS1aKiNs71SuphbpwSq49Q5ywpump.json
HorfHa5B6Lg2ukovUSCz9cqTEhsvK5atzADvvCK5pump,2026-06-10T17:37:14Z,True,9KQLQFzSLBgzGJemiz6Nnw1hLfHu7mN94iiPo87Up8mo,,,https://x.com/rajagopal79/status/2064763819910414383,,783c911,Shilin/artifacts/external_validation/raw_coin_metadata/HorfHa5B6Lg2ukovUSCz9cqTEhsvK5atzADvvCK5pump.json
Hp7K6trZFmCHFudXhVnwsFrZAaAEiJ6D2i27J1GVsLt8,2026-06-07T20:13:24Z,True,6wAdBpjPkDvG4wEEdSvRZXKFK2MXBX6su2EDvr3j7VhN,,,https://x.com/coinbureau/status/2063674851433517105,,783c911,Shilin/artifacts/external_validation/raw_coin_metadata/Hp7K6trZFmCHFudXhVnwsFrZAaAEiJ6D2i27J1GVsLt8.json
HrFXk7njd9oskCXonJ72mA2nxpWbyXZA8tPSmMENpump,2026-05-17T21:57:53Z,True,8QM184LLNnRnKxzm2SWk839JTZ8tL1qhmapCsk5CJEga,https://t.me/pumperssquad,pumperssquad,https://x.com/realdogwifxrp,https://www.dogwifxrp.com/,783c911,Shilin/artifacts/external_validation/raw_coin_metadata/HrFXk7njd9oskCXonJ72mA2nxpWbyXZA8tPSmMENpump.json
HrXJJfi6xo7FrRpETVP6y1gbiP6DnZbFW7vfNCoJpump,2026-05-30T04:05:51Z,True,QjsVz4DEPdg1x8nPG1CKq2ihR5jGrZQiqfk7yp7dMLV,,,,https://hellokero.fun/,783c911,Shilin/artifacts/external_validation/raw_coin_metadata/HrXJJfi6xo7FrRpETVP6y1gbiP6DnZbFW7vfNCoJpump.json
HrkUao5JcWxQ6888vymJT23VzR8mUaedvEMMKmpZpump,2026-05-15T12:31:27Z,True,96wpp8D3R2vkE6CndqjsT57t3HJrULb8n2LdVCdbbP73,,,https://x.com/ChimericaX,https://www.chimericasol.cc,783c911,Shilin/artifacts/external_validation/raw_coin_metadata/HrkUao5JcWxQ6888vymJT23VzR8mUaedvEMMKmpZpump.json
HtBcJLkHiF6xZoxRve5CHThAk6Pr62Zq9YmwXgRXpump,2026-06-09T04:38:49Z,True,UkH7sk65S5gW2K7LNNXNdRfqdAZgZqhbE6M5Ssetxy3,https://t.me/Banjo_SOL,Banjo_SOL,https://x.com/dev_banjo,https://banjo.surf/,783c911,Shilin/artifacts/external_validation/raw_coin_metadata/HtBcJLkHiF6xZoxRve5CHThAk6Pr62Zq9YmwXgRXpump.json
HtUhz4Cs9GC7qDvSC1tDvRfPU854KjWKexVV95bQpump,2026-05-10T12:24:35Z,True,Ez3NDpJpBmkYyLRC3Ge6pLxopSYmTwpn4i5qEqwE7Nkw,,,,,783c911,Shilin/artifacts/external_validation/raw_coin_metadata/HtUhz4Cs9GC7qDvSC1tDvRfPU854KjWKexVV95bQpump.json
HtXC2MRa8bwQG2T5QWwMMVeoetcPCuF8p1vqa2Jupump,2026-05-26T02:49:19Z,True,EZUVUoAcDZfJMX1Wyjf3QTD7HFG99nKGSwQg6ZDaJ1gC,,,,https://blue-sky.lol/,783c911,Shilin/artifacts/external_validation/raw_coin_metadata/HtXC2MRa8bwQG2T5QWwMMVeoetcPCuF8p1vqa2Jupump.json
HupAv3syZp7ymMCER5N5rMmGsDFEqvPLEPaEWP7spump,2026-05-16T12:15:34Z,True,2JmueibjS9SCoqaGib5f8NtWXqtTsrd8cPKes6fLNfLh,,,,https://www.moneymeme.fun/,783c911,Shilin/artifacts/external_validation/raw_coin_metadata/HupAv3syZp7ymMCER5N5rMmGsDFEqvPLEPaEWP7spump.json
Hv5VeYc3Bh9ycG8nBNhwsnaj7q9obKQLk2xzvwjBYNgL,2026-05-20T17:37:41Z,True,AZaifBQ5wXwY5w5aw9KedqZywnCRLwmnmuUqEVXEA6Ap,,,https://x.com/TJOHNSIII/status/2057153747046867458?s=20,,783c911,Shilin/artifacts/external_validation/raw_coin_metadata/Hv5VeYc3Bh9ycG8nBNhwsnaj7q9obKQLk2xzvwjBYNgL.json
HwYUCfRTdRa2YJMYAJ8WSokZscdx5Vwx81NX5uvmpump,2026-05-28T13:48:44Z,True,BQsUd3Rb2uSuKhfXgyp2nm6SL2Dc4Z7XZeyN8w74y6HQ,,,https://x.com/NYCMayor/status/2059995253550002361,,783c911,Shilin/artifacts/external_validation/raw_coin_metadata/HwYUCfRTdRa2YJMYAJ8WSokZscdx5Vwx81NX5uvmpump.json
Hx6iXtyWXexeiCQmWNdKjppCpN88BiDEHKD8n2Dzpump,2026-05-14T18:19:47Z,True,EELsTcM1mQ8PNMTFWmM2CJ7uAadUpXAykAn339FALUHW,https://t.me/CHINAPPLESOL,CHINAPPLESOL,,,783c911,Shilin/artifacts/external_validation/raw_coin_metadata/Hx6iXtyWXexeiCQmWNdKjppCpN88BiDEHKD8n2Dzpump.json
HxP7JrxQaBriaGTJ6PRWRnNfwEt7vzFmh5XmQY8Qpump,2026-06-04T01:31:44Z,True,2USRe8a82jo5fw5W1YBWK2xVZ8P4CHfugnxetdt4PVed,,,,,783c911,Shilin/artifacts/external_validation/raw_coin_metadata/HxP7JrxQaBriaGTJ6PRWRnNfwEt7vzFmh5XmQY8Qpump.json
HxPcU4D11Vn63sTBGr45s9mRZGu5CcbNjy3u1fVBpump,2026-06-08T09:26:14Z,True,HP6sKbzLHCFwYwvp4d4sq8qgCswVgJHiQY3v3Gz1WCyt,,,,,783c911,Shilin/artifacts/external_validation/raw_coin_metadata/HxPcU4D11Vn63sTBGr45s9mRZGu5CcbNjy3u1fVBpump.json
HxUzRfoHpDDgm3eN5mTFjhv2fRrDEFfyuC6ddPsspump,2026-06-04T21:34:26Z,True,9KRxQDvY4nqdcsxtQ6Vv2ojiD3RWYqMS3SwN3vsf8J9z,,,,,783c911,Shilin/artifacts/external_validation/raw_coin_metadata/HxUzRfoHpDDgm3eN5mTFjhv2fRrDEFfyuC6ddPsspump.json
HyFMvd8c1EgGSZrogSkB5MUq9X2otSqkNvhESe3mpump,2026-05-28T15:33:16Z,True,B2sXj71QhCyqDxddFiT1cvf9r7hE9rkbqDekTEAajG2F,,,https://x.com/BullTrumps,https://www.bulltrump.cc,783c911,Shilin/artifacts/external_validation/raw_coin_metadata/HyFMvd8c1EgGSZrogSkB5MUq9X2otSqkNvhESe3mpump.json
Hyjs7eiXEGVTrj3gFgqJoWTgNbp2137GQPiQLVLmpump,2026-05-31T11:09:30Z,True,CQMBoSpsWZzm9x9kufCxAa2raBwQz6MnNC2Ckh1uu7BD,,,https://x.com/pridecoingay,https://pridecoin.xyz,783c911,Shilin/artifacts/external_validation/raw_coin_metadata/Hyjs7eiXEGVTrj3gFgqJoWTgNbp2137GQPiQLVLmpump.json
HzAAGqDNZ6iCmHma6Yf2HSUQtXMxnpNwNptdoDLppump,2026-05-15T13:24:00Z,True,3yiPvgftmNeVJWfL7PPyMEsNQ64ez8Yz9svem6zPWjTy,,,https://x.com/elonmusk/status/2055277918633562153,https://github.com/xai-org/x-algorithm,783c911,Shilin/artifacts/external_validation/raw_coin_metadata/HzAAGqDNZ6iCmHma6Yf2HSUQtXMxnpNwNptdoDLppump.json
HzCxUhYHmtrpfR9B4dcMNdojTvhKNBueY4SG1cd6pump,2026-05-11T09:44:38Z,True,CEwv4hscRniGYZYzLjvKB6qW5ici7Rqk4X5NrwVZX1hC,https://t.me/MACOSOLANA,MACOSOLANA,https://x.com/MACO_SOLANA,https://MACOSOL.FUN,783c911,Shilin/artifacts/external_validation/raw_coin_metadata/HzCxUhYHmtrpfR9B4dcMNdojTvhKNBueY4SG1cd6pump.json
J1QALFVpJt3HRnXBrrjqASQTx5y4HpBh9gdh5TNapump,2026-05-28T16:14:39Z,True,CTThjcqeHEzDYWE1T35gRDXn862fRnQAw6UFHak4ZK1k,,,https://x.com/RichTrumpX,https://richtrump.fun/,783c911,Shilin/artifacts/external_validation/raw_coin_metadata/J1QALFVpJt3HRnXBrrjqASQTx5y4HpBh9gdh5TNapump.json
J1dhFo6jJ5APNuaZvzs14ixRKwU3LWU4Yf226PCSpump,2026-05-16T14:53:58Z,True,Dsk83RYEterwH6dHjhaKmpjbt5pxbejSTrbE35pMdfpG,https://t.me/bitcoin6900_sol,bitcoin6900_sol,https://x.com/Bitcoin6900SolX,https://btc6900sol.xyz/,783c911,Shilin/artifacts/external_validation/raw_coin_metadata/J1dhFo6jJ5APNuaZvzs14ixRKwU3LWU4Yf226PCSpump.json
J1g1Lquz9TtNjXRJeE36geHEaCqKqgf58qT3hvBKpump,2026-05-20T02:56:38Z,True,7rZ45PM2C1AcFg9Y8Z4hXayXuzGAYJBW2kpQVBe5ah8w,,,,https://thenox.fun/,783c911,Shilin/artifacts/external_validation/raw_coin_metadata/J1g1Lquz9TtNjXRJeE36geHEaCqKqgf58qT3hvBKpump.json
J2bx2NiDzxFgKFqHgf7rgoksSGZ6V2RaJrQoeNfMpump,2026-05-17T20:03:02Z,True,Gox9JRxVfnvbLNwSuPr8q5G8243cSyMauFYhNiiYHBeE,https://t.me/spacexdoge_community,spacexdoge_community,https://x.com/SpaceXDogeSOL,https://spacexdoge.xyz/,783c911,Shilin/artifacts/external_validation/raw_coin_metadata/J2bx2NiDzxFgKFqHgf7rgoksSGZ6V2RaJrQoeNfMpump.json
J2pRPRc3VbZG8N4heb45eqojVFR4i4BqNDagkEEipump,2026-05-24T09:39:44Z,True,BaazP7WoENa9EfRHrD5ZzMnFTFqnAuXYB14CY7iGDfRK,,,,,783c911,Shilin/artifacts/external_validation/raw_coin_metadata/J2pRPRc3VbZG8N4heb45eqojVFR4i4BqNDagkEEipump.json
J3UojqFT5JCYQHLTWWcumvBuEcWDpaRRmEGYMjfppump,2026-06-02T20:26:47Z,True,RNto6js1ik4xFQwE2xwwkneABvYK6NzqcDqbXngntLm,,,https://x.com/pokedexmarkets,https://pokedex.markets,783c911,Shilin/artifacts/external_validation/raw_coin_metadata/J3UojqFT5JCYQHLTWWcumvBuEcWDpaRRmEGYMjfppump.json
J3adA2GDRecL5w5C1GdrgWPVhE4mvGJgjsFbKEF8pump,2026-05-29T10:57:47Z,True,9rM2La9e82c9S75MSKYtvBghDNsmKhLuWPuhgccs6NVP,https://t.me/JustBuy67Worth,JustBuy67Worth,,https://,783c911,Shilin/artifacts/external_validation/raw_coin_metadata/J3adA2GDRecL5w5C1GdrgWPVhE4mvGJgjsFbKEF8pump.json
J3endecf6w8iMaux1SaakS3pvmPqhy8R7C8MNGPapump,2026-05-29T06:35:00Z,True,GGLbDSkrmier9DioiiZ8m8gD7gkWF35iEgPvXbkVNhw2,,,https://x.com/memothetrader/status/2060248470636958070?s=20,https://techcrunch.com/2026/05/28/just-like-gold-and-oil-well-soon-be-able-to-trade-ai-token-futures/,783c911,Shilin/artifacts/external_validation/raw_coin_metadata/J3endecf6w8iMaux1SaakS3pvmPqhy8R7C8MNGPapump.json
J45BdF9VoGqheQD8MBCJede6bnVVtGURz1KaNLNepump,2026-05-16T01:43:00Z,True,FscowgQ1pQaYWTarKmKxhGpzVThL4cNWMDY31soDchSK,,,,https://cannibaltech.app/,783c911,Shilin/artifacts/external_validation/raw_coin_metadata/J45BdF9VoGqheQD8MBCJede6bnVVtGURz1KaNLNepump.json
J4E3yYu2fUPAgwgCG7nLQTNVhKeQvYxw6unjwvUbpump,2026-06-06T15:59:53Z,True,Fx3hi6NjNMLCzRCxxYuHNrb9FUkCDnPwbaTHwaS6zN3m,,,,,783c911,Shilin/artifacts/external_validation/raw_coin_metadata/J4E3yYu2fUPAgwgCG7nLQTNVhKeQvYxw6unjwvUbpump.json
J4Gyibny4ktoAH9tfAUGy3dQYcuQNH3SjdTxhiGpump,2026-06-04T11:37:05Z,True,GBorJ2SGXHZHdu48B7bJwkZPVcqFNwU2bEj1FFaUqvj4,,,https://x.com/WhiteHouse/status/2062318641542988097,,783c911,Shilin/artifacts/external_validation/raw_coin_metadata/J4Gyibny4ktoAH9tfAUGy3dQYcuQNH3SjdTxhiGpump.json
J58dxQ34MeUbnFv3UJ9S25v6upXMS8R1coje59Vpump,2026-05-18T15:52:19Z,True,A9zkw2T4TkZiKat5JoyXA1XNyhB2oQZb2zB5iH2M26yN,,,https://x.com/cryptorover/status/2055879278596874465,,783c911,Shilin/artifacts/external_validation/raw_coin_metadata/J58dxQ34MeUbnFv3UJ9S25v6upXMS8R1coje59Vpump.json
J7hNrYVmM7SBK1DdMR5mtyb3JUADW372PH1vjQhBpump,2026-05-22T17:58:04Z,True,CxNvD3Ci2w8sNHaaNqK3QabopABS6FGqC8gcrgfk5XbQ,https://t.me/BANKCUPcoin,BANKCUPcoin,,,783c911,Shilin/artifacts/external_validation/raw_coin_metadata/J7hNrYVmM7SBK1DdMR5mtyb3JUADW372PH1vjQhBpump.json
J7of7SQS9qM1iKgUKVudaq4au2ZUVoxHfSr9H321pump,2026-06-04T04:37:09Z,True,AdR6kKgQSjgRNyPK3QKuLM8Hdub8G8i8XtVyPLND3625,,,,,783c911,Shilin/artifacts/external_validation/raw_coin_metadata/J7of7SQS9qM1iKgUKVudaq4au2ZUVoxHfSr9H321pump.json
J7u16oaULSy6DYgbmWDr7qDynT7hLWTMpLVzcpN1hand,2026-05-16T21:05:50Z,True,G5TaaFpXZ5dDF2C7iD9r4iz7Q6hxvkSgXHuNiQfhxVds,,,https://x.com/handlrfun,https://handlr.fun/,783c911,Shilin/artifacts/external_validation/raw_coin_metadata/J7u16oaULSy6DYgbmWDr7qDynT7hLWTMpLVzcpN1hand.json
J8wfxsZuSqkyGrXBXqMcDk8yk64Hdywj5db2yM8fpump,2026-06-04T19:42:23Z,True,HbhPPx5X6uM3wijpAoh99FHsxbq9q94q3pZUk6XAcVtn,,,https://x.com/sev35x/status/2062620999841976650,https://coincommunities.org/communities/7Rn2mEujnetMyLibwqZkatBio29TyUM3PnZs534cpump,783c911,Shilin/artifacts/external_validation/raw_coin_metadata/J8wfxsZuSqkyGrXBXqMcDk8yk64Hdywj5db2yM8fpump.json
JB8RkYzp4ZLCHXZ6cBqKas1gV7qcjgczu2XTSibGpump,2026-05-19T00:04:26Z,True,F8iUfob18Zs2PgWZQsTJ1qKcyJTfrCZoaJMToGbZyDyv,,,https://x.com/GOOOOAL26,,783c911,Shilin/artifacts/external_validation/raw_coin_metadata/JB8RkYzp4ZLCHXZ6cBqKas1gV7qcjgczu2XTSibGpump.json
JBDYQyh2vswcptFrs6XPtyJg6m7e7P66rhaYRCaZpump,2026-05-12T15:20:57Z,True,D3bpRCuYMgYuwpENVLW6RmgbxmSfSVSmsUd5b24Wqem9,,,https://x.com/somewheresy/status/2053896881869058542,,783c911,Shilin/artifacts/external_validation/raw_coin_metadata/JBDYQyh2vswcptFrs6XPtyJg6m7e7P66rhaYRCaZpump.json
JBvYQqjZPKm4DuK7UFkkCRz8qwdrs9a3g5xjkPZspump,2026-06-10T16:40:56Z,True,FQs2PbdSzH58du7L5WZpimpyMdcVAQuX7VJFmcJMTzdc,,,https://x.com/clanker_chronic,https://github.com/BrianRoemmele,783c911,Shilin/artifacts/external_validation/raw_coin_metadata/JBvYQqjZPKm4DuK7UFkkCRz8qwdrs9a3g5xjkPZspump.json
JCKwsT8UAbygnFkZ7u3amDUM7BXRtwUhCsHQv2khpump,2026-06-10T02:17:05Z,True,2cz2GC3UkwKaFomL8uHAcSgRW6gLHBDx5viRMPVykics,,,https://x.com/Chancecoin_sol,https://chancecoin.now/,783c911,Shilin/artifacts/external_validation/raw_coin_metadata/JCKwsT8UAbygnFkZ7u3amDUM7BXRtwUhCsHQv2khpump.json
JCaQwEx5oq98xNgKSYWNjdnbosRFz7JQdLc4v7TQpump,2026-06-09T14:25:58Z,True,HhwpjAd4hFGm3wX7Q7q5dMJWwaveEWJYSeLsrwwo3EmV,https://t.me/cojotonsol,cojotonsol,https://x.com/cojotonsol,https://jotchuacousin.fun,783c911,Shilin/artifacts/external_validation/raw_coin_metadata/JCaQwEx5oq98xNgKSYWNjdnbosRFz7JQdLc4v7TQpump.json
JCeibekvryvCzfN9eK7WKgRZ7dSg15UacL7fUspZpump,2026-05-29T11:55:16Z,True,2pTr8mCzK1P7LLnHVeYRXJZXpaBH2Soo27FPXxntDSta,,,,https://,783c911,Shilin/artifacts/external_validation/raw_coin_metadata/JCeibekvryvCzfN9eK7WKgRZ7dSg15UacL7fUspZpump.json
JDNsQVp6xpY7u8ZSaKK7hoDdCTdqM88SqVvhJXoXpump,2026-06-04T03:07:18Z,True,EFdi2d3RqC5KkzpJqp4ZEAYjvuqEtkCsW1EbK5iK8t5a,,,,,783c911,Shilin/artifacts/external_validation/raw_coin_metadata/JDNsQVp6xpY7u8ZSaKK7hoDdCTdqM88SqVvhJXoXpump.json
JDweLsZNLrjPKhgqXEirLykMH5o77wk1bBKD6jSYpump,2026-05-29T19:15:07Z,True,3FdEc6J9TEok4hZtLrYQDQNN1E9DwnHyrCc3dWoGaBdm,,,https://x.com/tcmfun,https://tcmcoin.fun/,783c911,Shilin/artifacts/external_validation/raw_coin_metadata/JDweLsZNLrjPKhgqXEirLykMH5o77wk1bBKD6jSYpump.json
JZa31Xo9eQJ2KnRYRxVQisWYzjt7w5x3LTvqpqbpump,2026-05-22T20:02:42Z,True,HBPibSfqCGL9Keqk55hku8QECdhWQ7mSZvWSgwGGMr8a,,,https://x.com/icons_solana,https://iconssolana.tech/,783c911,Shilin/artifacts/external_validation/raw_coin_metadata/JZa31Xo9eQJ2KnRYRxVQisWYzjt7w5x3LTvqpqbpump.json
JiDKAcgeXMW5t4LznyCkbEZSAU1KqC29ZKyy4dQpump,2026-05-28T15:35:08Z,True,5n8d5MSj4bv78HYGg8WtDoJrdz2CaphwZYpumUtuqkru,,,https://x.com/enterthefoid,,783c911,Shilin/artifacts/external_validation/raw_coin_metadata/JiDKAcgeXMW5t4LznyCkbEZSAU1KqC29ZKyy4dQpump.json
K5tSJfo4aBMJj7Jacdm9QZnxDWfotTyVoxVNnAzpump,2026-06-05T00:27:38Z,True,2E6Gt4CADYSDBud8VTJtstYJL7oVF42CfBREUM238t4j,,,https://x.com/TaraBull/status/2061825163012751367,,783c911,Shilin/artifacts/external_validation/raw_coin_metadata/K5tSJfo4aBMJj7Jacdm9QZnxDWfotTyVoxVNnAzpump.json
KE67ptZmVXwwNkiinQc7GBY9bLTg3bAwd52Wubcpump,2026-06-10T16:15:35Z,True,8sMjhRz7rr6gDJfvgn7RjTHma97KgGqkcbHZTVXYvTXe,https://t.me/poopcoin_community,poopcoin_community,https://x.com/poopcoinxfun,https://poopcoinsol.online,783c911,Shilin/artifacts/external_validation/raw_coin_metadata/KE67ptZmVXwwNkiinQc7GBY9bLTg3bAwd52Wubcpump.json
KLu59T8tCpWGvtg34T6sngpczBrsRpoBKRLdai5pump,2026-05-18T04:11:18Z,True,F6ykKBLXhku4c338ziGNKjxi2mYyNk9RWKcXPrUX9JTU,,,https://x.com/AmericanEthical/status/2056045039202242574,,783c911,Shilin/artifacts/external_validation/raw_coin_metadata/KLu59T8tCpWGvtg34T6sngpczBrsRpoBKRLdai5pump.json
KNDwwV7jf5W6MeeXzfMzULgkMZu4bdJUBugmB3epump,2026-05-21T09:25:46Z,True,DJqnQEatCZCamEbyiPZUvNG581iyr2Srz8RYdnBDYvua,,,https://x.com/elonmusk/status/2057337929589039126,,783c911,Shilin/artifacts/external_validation/raw_coin_metadata/KNDwwV7jf5W6MeeXzfMzULgkMZu4bdJUBugmB3epump.json
KudJbGXMoNrc3cAjRDWawvHMAtyZvsgrc95fxJapump,2026-05-23T11:41:38Z,True,BvJBng4u3yPTb3pGWy4YKn7an37VFa7EUkHoqYFL6yo1,,,https://x.com/gemhormone/status/2058151062993776836,https://www.hgh.wtf/,783c911,Shilin/artifacts/external_validation/raw_coin_metadata/KudJbGXMoNrc3cAjRDWawvHMAtyZvsgrc95fxJapump.json
KvCi2FN3dFcUknwiXdtuP7XwLYQdJgNUkurt7pGpump,2026-05-19T14:29:06Z,True,Dqjqwbz1N3VDcyaZzVMgrvTbu8wQtLx3g6m34cqGWBGG,https://t.me/debyonsol,debyonsol,https://x.com/debyonsol,https://deby.lol/,783c911,Shilin/artifacts/external_validation/raw_coin_metadata/KvCi2FN3dFcUknwiXdtuP7XwLYQdJgNUkurt7pGpump.json
LASTmWddRBj3N9fWB3ozdVDi7p1cK2P95ripHHcdDSc,2026-05-18T11:55:40Z,True,4y1bM7qHqqMaskCznQW8Shn9jwZo2FHAQ5vAzxQr1uY1,https://t.me/reversalonsol,reversalonsol,,,783c911,Shilin/artifacts/external_validation/raw_coin_metadata/LASTmWddRBj3N9fWB3ozdVDi7p1cK2P95ripHHcdDSc.json
LSmt6jPHPzz53C7SsCvqq2E9x86ewhQi6j3h75wpump,2026-06-04T11:21:34Z,True,GC5ZfCdUeKTyx8tg74yZ41V3WFBsv1fV3QLY6TMuBF1d,,,https://x.com/WhiteHouse/status/2062318641542988097,,783c911,Shilin/artifacts/external_validation/raw_coin_metadata/LSmt6jPHPzz53C7SsCvqq2E9x86ewhQi6j3h75wpump.json
LbDZhH23oVN4jrkJcaHCHFcKAYz5mkHFHwrYrofpump,2026-06-07T23:24:35Z,True,2sHsCDhpAqKp7oGEKroBVSeNev69xQYH8tyjkGWSnFJy,,,https://x.com/beeple/status/2063456312143331661,,783c911,Shilin/artifacts/external_validation/raw_coin_metadata/LbDZhH23oVN4jrkJcaHCHFcKAYz5mkHFHwrYrofpump.json
LeMqEbuv6gUs2D9MTWs824ZLsXvKarkm7T9PRL8pump,2026-05-21T02:17:30Z,True,Ewtb8xxWeQ3q7s6oJUtaLtyooxWv68UdVgCJuU4choXQ,,,https://x.com/elonmusk/status/2057261488256303134,,783c911,Shilin/artifacts/external_validation/raw_coin_metadata/LeMqEbuv6gUs2D9MTWs824ZLsXvKarkm7T9PRL8pump.json
Lepb4NLosNLzt6pZdQEWY2vnKueEPhqkify1etHpump,2026-05-12T13:35:42Z,True,13Cm2czn1V9Q6FgZSy6P7xvKSgoEb3n5Ni4veVvhPeHY,,,https://x.com/WhiteHouse/status/2054187989887037809,,783c911,Shilin/artifacts/external_validation/raw_coin_metadata/Lepb4NLosNLzt6pZdQEWY2vnKueEPhqkify1etHpump.json
LptKxgvu4hzZYfEmszGgSViWpNqayJ7KRi6Z9K6pump,2026-06-05T02:09:59Z,True,2i1ZNYibuiABGxFkVu9A9Uahjzo42XKsQX1yAqmjz28p,,,,https://ttyl.vercel.app,783c911,Shilin/artifacts/external_validation/raw_coin_metadata/LptKxgvu4hzZYfEmszGgSViWpNqayJ7KRi6Z9K6pump.json
MZtGk4ZE44u8m2m4mJe5SEnsoAtN43JGuVqPwhbpump,2026-05-27T01:24:18Z,True,N4zN8q8WDeocKT3UfbnTugxCZC7Uyu3BGGwgDbYk3h2,,,https://x.com/SoundDobad/status/2059278740660584534,,783c911,Shilin/artifacts/external_validation/raw_coin_metadata/MZtGk4ZE44u8m2m4mJe5SEnsoAtN43JGuVqPwhbpump.json
MiaSdsG5q4tic2FhcMKs3ySTLsy5cvoueeWZZWPpump,2026-05-22T11:06:09Z,True,GUKnMKNoXvX9f1G77dBb4MvQRBUKCCpeT7W6g6Z5Uc9k,,,https://x.com/MrSausageGet/status/2057470198169346552,,783c911,Shilin/artifacts/external_validation/raw_coin_metadata/MiaSdsG5q4tic2FhcMKs3ySTLsy5cvoueeWZZWPpump.json
NWjAR3ceS2da9RaJchWqNyL5P7eW1BU5xUznSkBpump,2026-05-14T09:06:35Z,True,2CBqZYpSnC7TC9uUuNz1E6rEFpWRJVN7KRvBCSsPer2a,,,https://x.com/AutismCapital/status/2054768597495664766,,783c911,Shilin/artifacts/external_validation/raw_coin_metadata/NWjAR3ceS2da9RaJchWqNyL5P7eW1BU5xUznSkBpump.json
NXvfhfrg21evABxse8D8v4kQLhxDCqbPonP5GtGpump,2026-05-28T14:06:53Z,True,9BQGSCc3VQdYdfFAersge7Bwv2JC4Mwak7jRxFDmW4fU,,,https://x.com/daddyriskbets/status/2059999794379341889?s=20,,783c911,Shilin/artifacts/external_validation/raw_coin_metadata/NXvfhfrg21evABxse8D8v4kQLhxDCqbPonP5GtGpump.json
Ne2FCaEgcZFRLKeWAaa2nC34JxMmok2UsGjo4Ytpump,2026-05-13T20:43:23Z,True,2JRFc969YBUJ1b7A2HDxZXxdEW5QQYhemhtz9DRr5WMo,,,https://x.com/jaystackss7/status/2054663795918733615,,783c911,Shilin/artifacts/external_validation/raw_coin_metadata/Ne2FCaEgcZFRLKeWAaa2nC34JxMmok2UsGjo4Ytpump.json
NoARAB3pVF6PWhPiKKjxPxfqvZ8n127xuG5xsjmLWz9,2026-05-22T17:22:44Z,True,HgaMT7FJa5grJNr3HoGXCPyWyHU1crxgsbW4xE1nh8V7,,,,,783c911,Shilin/artifacts/external_validation/raw_coin_metadata/NoARAB3pVF6PWhPiKKjxPxfqvZ8n127xuG5xsjmLWz9.json
P2hx8rgkC3MwSc2EXSMvMFTd25PAtrUcHpjPnfopump,2026-06-10T13:15:24Z,True,5RiDRzrgutRFpYR3Tfcruy1G32ko3AKyssdXvmabFZBe,,,https://x.com/Polymarket/status/2064014384070889968,,783c911,Shilin/artifacts/external_validation/raw_coin_metadata/P2hx8rgkC3MwSc2EXSMvMFTd25PAtrUcHpjPnfopump.json
PBVTktwEQVBWEwzSNYuGg7ptfaYceK4PiNX5qcxpump,2026-05-30T01:47:16Z,True,2ZKwuNmFaahGDyZxWMoX1MaDiAUVhvhHJdpTNrAyJbNN,,,https://x.com/Polymarket/status/2060034216906068131,,783c911,Shilin/artifacts/external_validation/raw_coin_metadata/PBVTktwEQVBWEwzSNYuGg7ptfaYceK4PiNX5qcxpump.json
PS2iMs4pmmu7SrjUbEVdnoyJJgLHE7T3SuwGgJWpump,2026-05-15T08:20:25Z,True,sNPht5vSKrMsvMRWpjbbTsY3UMQ7nuwmWJgdAFEDZnp,,,https://x.com/elonmusk/status/2055155618055635364,,783c911,Shilin/artifacts/external_validation/raw_coin_metadata/PS2iMs4pmmu7SrjUbEVdnoyJJgLHE7T3SuwGgJWpump.json
PSUBuUoTkjAthfjdh3eLhyaR5hSqgssioM2fguHpump,2026-05-26T02:34:48Z,True,8L3L6xt8U5R5iSANqoPxy94aMgdvW6fmSAaFJnQ4Srv8,,,https://x.com/beeple/status/2059078502318530890,,783c911,Shilin/artifacts/external_validation/raw_coin_metadata/PSUBuUoTkjAthfjdh3eLhyaR5hSqgssioM2fguHpump.json
PYFxQ24uYWaj7AScUfQZC12qvow7S8qBJ4sjYfopump,2026-05-12T02:10:43Z,True,aUPkczsuDV1i3y9KkCB17Ao56JoWfZPJCKGYEWYE6zR,,,https://x.com/cryptorover/status/2053830239076200826,,783c911,Shilin/artifacts/external_validation/raw_coin_metadata/PYFxQ24uYWaj7AScUfQZC12qvow7S8qBJ4sjYfopump.json
PoPGUYiYjb79CR2Z5XwGpGkuL5G2gApYktbhAN4Tzhh,2026-05-14T22:19:00Z,True,5CoWrczUB7e8hXCVn1NWHyBuXGUCu6w49quyBpZSqoGZ,,,x.com/RoyalPopGuy,,783c911,Shilin/artifacts/external_validation/raw_coin_metadata/PoPGUYiYjb79CR2Z5XwGpGkuL5G2gApYktbhAN4Tzhh.json
PzBoAMytriSUP1s5VD3cA1KmoADGwGfDikSu3Egpump,2026-05-15T14:20:56Z,True,AU8cm76LP7Qvx4hF71k18PpEduRjyF83GxS5EyggAFnM,,,https://x.com/elonmusk/status/2055292203166216399,https://github.com/xai-org/x-algorithm/blob/aaa167b3de8a674587c53545a43c90eaad360010/CODE_OF_CONDUCT.md,783c911,Shilin/artifacts/external_validation/raw_coin_metadata/PzBoAMytriSUP1s5VD3cA1KmoADGwGfDikSu3Egpump.json
Qf5jJUeQaowkuaNJqPjAyKhM1PuwJwLCjmA8KmHpump,2026-05-11T12:30:27Z,True,7cx4A6PjRReuL5WwgRPgJrz7BQMCPf6SGWBZDcC92ayA,,,https://x.com/safaricheung/status/2050746779143196887,,783c911,Shilin/artifacts/external_validation/raw_coin_metadata/Qf5jJUeQaowkuaNJqPjAyKhM1PuwJwLCjmA8KmHpump.json
QyRLdtPWTJ9kmZFk1Mbngm2kswU12QoxVG4Ub8Wpump,2026-05-20T14:02:32Z,True,EtaLQvWVy69BTCUNzNyoYbn4d4bfT2cnmQCDLBWoKokv,,,https://x.com/TrumpTruthOnX/status/2056116435261473058?s=20,,783c911,Shilin/artifacts/external_validation/raw_coin_metadata/QyRLdtPWTJ9kmZFk1Mbngm2kswU12QoxVG4Ub8Wpump.json
RWAugceLdai3JoURuxSkSJ1H4vqS3x7Fm8YSfUtWLaT,2026-05-19T11:43:57Z,True,CZTQsFdxX6r2YKCAKvPSydhkkihe2Aqt4kHR11YmFcEr,,,https://x.com/catalyst100x/status/2056702370852298989,https://rwacoin.fun,783c911,Shilin/artifacts/external_validation/raw_coin_metadata/RWAugceLdai3JoURuxSkSJ1H4vqS3x7Fm8YSfUtWLaT.json
ReQtaWWiDJ7d6UyMRSax5D2CtGqGq7nbuTtFornpump,2026-05-12T14:07:26Z,True,3fiJSaekspKe5q4sj3UQ2KQinaa75KovKnNBtRkLYkoC,,,https://x.com/WhiteHouse/status/2054187989887037809,,783c911,Shilin/artifacts/external_validation/raw_coin_metadata/ReQtaWWiDJ7d6UyMRSax5D2CtGqGq7nbuTtFornpump.json
SAoSScgqHPW9UFfeEa5SW3tRdUAosD2XGVRAdHiEAL7,2026-05-12T20:51:12Z,True,7BZCpBdkAjJ1Tz9La1YpZg7Sbzgg7XwjrSoya9LVqVDw,,,,,783c911,Shilin/artifacts/external_validation/raw_coin_metadata/SAoSScgqHPW9UFfeEa5SW3tRdUAosD2XGVRAdHiEAL7.json
SAoSgCZNc1CPEVaybHMAoEE27NNhWTG6yiLZLSAgGEU,2026-05-24T15:09:05Z,True,2TzfonTotwfiJCq24ZyUNmLUTiJXMZc75fQCXiACifGo,,,,,783c911,Shilin/artifacts/external_validation/raw_coin_metadata/SAoSgCZNc1CPEVaybHMAoEE27NNhWTG6yiLZLSAgGEU.json
SdpiAcK4gZZnbzigLc5d1Q5wVGensx7iQwfMbvppump,2026-05-18T09:19:47Z,True,82QFhJiKcH5N5VKh59CkEkqZby37bPi3bKLmpXtzQpNG,,,https://x.com/search?q=from%3Aelonmusk%20true&src=typed_query,,783c911,Shilin/artifacts/external_validation/raw_coin_metadata/SdpiAcK4gZZnbzigLc5d1Q5wVGensx7iQwfMbvppump.json
SjuJDYnNQFN9rukzWmbBz8kyf5ZzdCPD8JVbAuRpump,2026-05-24T14:37:27Z,True,9W1LELbSVYRA17PWrPcfdS9GSnVpbNAJDYGmgK6JKVVL,,,https://x.com/alifarhat79/status/2058541477970468927,,783c911,Shilin/artifacts/external_validation/raw_coin_metadata/SjuJDYnNQFN9rukzWmbBz8kyf5ZzdCPD8JVbAuRpump.json
Sn25MAFkg9gRg4H2fXo2pNNnAonuC9JsZsMvZexpump,2026-05-22T12:29:45Z,True,6c21g2eqJ7Bf4hBZ6LKbJFx5ggsGGNrdBkDAtfVv1Du8,,,https://x.com/elonmusk/status/2057327547411570907?s=20,,783c911,Shilin/artifacts/external_validation/raw_coin_metadata/Sn25MAFkg9gRg4H2fXo2pNNnAonuC9JsZsMvZexpump.json
Sw7srpM7t2pcGAtLDe98Hi6DHpkRcTZ6fx1tvKipump,2026-05-31T00:22:41Z,True,5GKwXECtuhLHkGkoCUXZ97L9VnF9iZxA4C4bzWmsuCTW,,,https://x.com/EricLDaugh/status/2060781840953139413,,783c911,Shilin/artifacts/external_validation/raw_coin_metadata/Sw7srpM7t2pcGAtLDe98Hi6DHpkRcTZ6fx1tvKipump.json
SwfMpAZENbCpeE4dYRBCRTVr4CWJGUuAtTpZSuLpump,2026-05-22T04:23:42Z,True,CSMUGx9JAqzRYaAQzcwvZ4TVPhp6yxAfCPEU3oBWDHsd,,,https://x.com/SawyerMerritt/status/2057201539735785746?s=20,,783c911,Shilin/artifacts/external_validation/raw_coin_metadata/SwfMpAZENbCpeE4dYRBCRTVr4CWJGUuAtTpZSuLpump.json
T75g96vBUojsem9WYnJ9NjGhrQHPttW4FYRJD2Jpump,2026-06-04T16:51:25Z,True,FWhM8y71x7B7UuFKxGfWvokS27NapKmUovfJBetZnwYr,,,https://x.com/memamot0/status/2062577956476653639,https://pump.fun/go/bounties,783c911,Shilin/artifacts/external_validation/raw_coin_metadata/T75g96vBUojsem9WYnJ9NjGhrQHPttW4FYRJD2Jpump.json
THGtcGMm9mJtJDM9CDAkpo6fvpMGFJjPgLcEXmQpump,2026-05-28T00:47:08Z,True,H1uDtMzRpaTLGViFjiNyYB3gmVozwTcnbN3M5cUBRu6Y,,,https://x.com/Polymarket/status/2059262151957631220,,783c911,Shilin/artifacts/external_validation/raw_coin_metadata/THGtcGMm9mJtJDM9CDAkpo6fvpMGFJjPgLcEXmQpump.json
TS7AEkB8psxmMExtLJsQb6PovzFNHgVxtgn7XR5pump,2026-05-22T16:31:02Z,True,H3DSSiAh3KvtLVUA5gGKuP1Y6FcbhBhekjxaHdzovhQA,,,https://x.com/arcta,https://arcta.run,783c911,Shilin/artifacts/external_validation/raw_coin_metadata/TS7AEkB8psxmMExtLJsQb6PovzFNHgVxtgn7XR5pump.json
TbN8udoYNMnjsSiR14dXRPn2wiJVhDEwcNipiampump,2026-05-18T09:14:31Z,True,9mNdW693Uupz74p7zdqdF82XaMxsgBRBqnUVPNpcKiWQ,,,https://x.com/AmericanEthical/status/2056045039202242574,,783c911,Shilin/artifacts/external_validation/raw_coin_metadata/TbN8udoYNMnjsSiR14dXRPn2wiJVhDEwcNipiampump.json
TzPgB2XXyUKtrPYpwWsyi5kcn1NMkk9BZzmmYmVpump,2026-06-03T13:11:34Z,True,2ULzUvC9NwPD76kbhZxRAjHghUm7Fa786Kuw9EMR7xsz,,,https://x.com/Polymarket/status/2061783664745193776,,783c911,Shilin/artifacts/external_validation/raw_coin_metadata/TzPgB2XXyUKtrPYpwWsyi5kcn1NMkk9BZzmmYmVpump.json
UATFJFow7bh3iuHr9f6PKKKmLiu6XGz8EM6fhszk5Vq,2026-06-06T22:49:26Z,True,Dz8945ZhJNtVXhFkf2yWmhi2S8bXw7D97R2RAFPRtDnd,,,,,783c911,Shilin/artifacts/external_validation/raw_coin_metadata/UATFJFow7bh3iuHr9f6PKKKmLiu6XGz8EM6fhszk5Vq.json
UATFsvbSirc8qsVn65mEQsJkEDS8x3QhRd7Zu52goRE,2026-06-07T00:19:13Z,True,Gg9nBDwyDQy5MtUduaSeaoFwiQiqnB684Uoqsb1CRwdB,,,,,783c911,Shilin/artifacts/external_validation/raw_coin_metadata/UATFsvbSirc8qsVn65mEQsJkEDS8x3QhRd7Zu52goRE.json
UATFvJr2f2LxryeViMHECL9jmXtMZqYEjtu1ppV3oEQ,2026-06-06T22:16:55Z,True,Ab4v5P47A4PVTcdYnD8KoNnAA4BhBCV2DYrq42NP1V5Z,,,,,783c911,Shilin/artifacts/external_validation/raw_coin_metadata/UATFvJr2f2LxryeViMHECL9jmXtMZqYEjtu1ppV3oEQ.json
USWRCo6WuhugejDear9KWrgi3SnGqtgfnBcQ1CUzGSj,2026-06-05T17:47:06Z,True,GseE1BjpHj4nNssXfCVvE7pzYySMYb2GSX2LWLM6UE7r,,,,,783c911,Shilin/artifacts/external_validation/raw_coin_metadata/USWRCo6WuhugejDear9KWrgi3SnGqtgfnBcQ1CUzGSj.json
UWUy7J86LUiBv5SjAUZ53LMGhtnqvbQ7QNSSkyupump,2026-05-22T18:15:39Z,True,7v2KMgkqKTt4xU9dPzkJFmtNgQbBwBvXY4uBXTt1ZfnG,https://t.me/UnicornItsInTheName,UnicornItsInTheName,https://x.com/unicornandmemes,https://unicorn.meme/,783c911,Shilin/artifacts/external_validation/raw_coin_metadata/UWUy7J86LUiBv5SjAUZ53LMGhtnqvbQ7QNSSkyupump.json
Uq9Uxj2DgVv5BkmrXcTFYDhNtfMy8y2r7EfPjn55MHw,2026-05-28T00:54:04Z,True,HURitpzHEbsT7fArbNK9364ERF7zUzNiBm7ZowKSWpS,,,,https://truthsocial.com/@realDonaldTrump/116649465703521507,783c911,Shilin/artifacts/external_validation/raw_coin_metadata/Uq9Uxj2DgVv5BkmrXcTFYDhNtfMy8y2r7EfPjn55MHw.json
V3E7W2bzHYzdLGtx9S1ySx1wwcqd1yNPt8mVsWTpump,2026-05-19T14:20:56Z,True,AN2zgKTtgkXYQY8buCQX4VyqxgDEGjdUUyDDhZKJtJBf,,,,https://rot-site.vercel.app/,783c911,Shilin/artifacts/external_validation/raw_coin_metadata/V3E7W2bzHYzdLGtx9S1ySx1wwcqd1yNPt8mVsWTpump.json
VGY9ixA5HYTaBCCPDYGAkoWdxgReKh3hzSvStiWpump,2026-05-14T20:45:20Z,True,3aFTpW92BP9iz3MeFAmWxA4EoSTvM5pFwCqEowpLVfmV,,,https://x.com/pghzoos/status/2055026523430694938,https://x.com/explore/tabs/trending,783c911,Shilin/artifacts/external_validation/raw_coin_metadata/VGY9ixA5HYTaBCCPDYGAkoWdxgReKh3hzSvStiWpump.json
VPS68M15ybPH5GwCorCkAHVtsWVZSLTRSuJxNZzpump,2026-05-28T22:35:14Z,True,ArUh9xWLsRBe3X6JV5ZadNHPBkpBDTKZhNwnM6zcBzEY,,,,,783c911,Shilin/artifacts/external_validation/raw_coin_metadata/VPS68M15ybPH5GwCorCkAHVtsWVZSLTRSuJxNZzpump.json
VfNoebNgtVgQtyezdtfTVdSDH6Duxpe9swsnbeupump,2026-06-06T20:31:56Z,True,UUNVKDbFzhybeq5owwudKpLpMDVH9XSRtEitVMqDToU,,,https://x.com/abrawlerj/status/2063358155459788963,https://x.com/abrawlerj/status/2063358155459788963,783c911,Shilin/artifacts/external_validation/raw_coin_metadata/VfNoebNgtVgQtyezdtfTVdSDH6Duxpe9swsnbeupump.json
VoAFpyu4ae9tn2NAfAzhMugeY5jFTTx5xPoHDPXAKpt,2026-06-08T19:01:36Z,True,BdUkHcd2PCVMkVWFfFaUWfthcefh1ekKQHeQZgoduZmK,,,,,783c911,Shilin/artifacts/external_validation/raw_coin_metadata/VoAFpyu4ae9tn2NAfAzhMugeY5jFTTx5xPoHDPXAKpt.json
VqbpZr9XVYGZELHxdkh1WemkmiGjgdgCz4zVZxwpump,2026-05-27T15:51:11Z,True,HpRiWfdkq96DDkfbxDsevWppxndQ419YfxGwi5dDxeZt,,,https://x.com/enterthefoid,,783c911,Shilin/artifacts/external_validation/raw_coin_metadata/VqbpZr9XVYGZELHxdkh1WemkmiGjgdgCz4zVZxwpump.json
W1fPD7gVyDxbfH5CXQMq2qrA6i4XAf8SHx4um4Lpump,2026-05-21T10:57:13Z,True,HYf64CfAPMBV5KN8L5dn7bL5zJXfU7XXNH2rwv5YuU6h,,,https://x.com/PMToSOL,https://pmt.bolt.host,783c911,Shilin/artifacts/external_validation/raw_coin_metadata/W1fPD7gVyDxbfH5CXQMq2qrA6i4XAf8SHx4um4Lpump.json
WSvoZd9cRYVxcto9Wm38uF3iY5sm2Zne6zpBGSKpump,2026-05-13T01:12:04Z,True,9a3pquGbdrsdn2Aoh7SeqyD33M4xaM1Yc6QSytiYsJji,,,https://x.com/WhiteHouse/status/2054335002796576940,,783c911,Shilin/artifacts/external_validation/raw_coin_metadata/WSvoZd9cRYVxcto9Wm38uF3iY5sm2Zne6zpBGSKpump.json
WjccU8jq3coZtHQ78WQd7vxeSKpWnnaTC989xbkpump,2026-06-03T09:34:31Z,True,DWk4ucQc68a8dqrut7Ve1tgJdjtvC6p8nvDgPsc3Dzc5,,,https://x.com/elonmusk/status/2061884676688826729,,783c911,Shilin/artifacts/external_validation/raw_coin_metadata/WjccU8jq3coZtHQ78WQd7vxeSKpWnnaTC989xbkpump.json
Wo3KRbB2qjoJUyyqVufcCkfeCj8AMFBzqU2FnAcpump,2026-06-09T12:54:59Z,True,9CqBM3mhqLJkaD1DpLsURB15kjAXoKdUmSEaPLBdbzJN,,,https://x.com/WhiteHouse/status/2064077792908542116,,783c911,Shilin/artifacts/external_validation/raw_coin_metadata/Wo3KRbB2qjoJUyyqVufcCkfeCj8AMFBzqU2FnAcpump.json
Wy6xag9Lf88Egeo6ca6SpGUGHR5r7rKKbF3CMi8pump,2026-05-16T04:51:03Z,True,24pv8NFEPernifaR5tRMqFZZecGzMuFxTKDqnqFyDEsY,https://t.me/drake_community,drake_community,https://x.com/DrakeBTC_sol,https://btcdrakesol.fun/,783c911,Shilin/artifacts/external_validation/raw_coin_metadata/Wy6xag9Lf88Egeo6ca6SpGUGHR5r7rKKbF3CMi8pump.json
X12XGAJt5VXPkJTLtavBeB5ajsbUNx5BBbr4VAJpump,2026-05-24T04:56:16Z,True,BmqryNNR6tkCogyvid3a2fkUJp8jacKweDDAHYy4jucg,,,https://www.fifa.com/en/match-centre/match/17/285023/289273/400021443,,783c911,Shilin/artifacts/external_validation/raw_coin_metadata/X12XGAJt5VXPkJTLtavBeB5ajsbUNx5BBbr4VAJpump.json
X7uPVHeoGMbtsDYPCq722fk46HpLHLNHx64jdNApump,2026-05-28T06:18:24Z,True,AmDZooJ4pdV4wShRDYtyY5JF8egDaPTT6JKQcD79pXpi,,,https://x.com/duanwangye66/status/2059571765970624542?s=20,https://degenweather.vercel.app/,783c911,Shilin/artifacts/external_validation/raw_coin_metadata/X7uPVHeoGMbtsDYPCq722fk46HpLHLNHx64jdNApump.json
XAGjSzHBtT4j3fkZsrbwKZNdWCuzyv69z8wvK4Npump,2026-05-24T14:48:21Z,True,HpnfA9TQva3JzQyEivMBo4zYhhbmgYykWbvFg4oytnwq,,,https://x.com/Badhombre/status/2058341145357263249,,783c911,Shilin/artifacts/external_validation/raw_coin_metadata/XAGjSzHBtT4j3fkZsrbwKZNdWCuzyv69z8wvK4Npump.json
XBFMvGrxV8QGMBhEjkgxgm7goxHfhZwqCkvNkH9pump,2026-05-23T02:25:45Z,True,2p36riVAoSd8QtY1e1Tg1ayi2XRBAc9JzHfWo79N4axJ,,,https://x.com/XFreeze/status/2057533817783509496,,783c911,Shilin/artifacts/external_validation/raw_coin_metadata/XBFMvGrxV8QGMBhEjkgxgm7goxHfhZwqCkvNkH9pump.json
XGFMP2Q438MCGma1PDLthBEZ8FqA2SkhGqmha8Kpump,2026-05-18T04:03:04Z,True,6SgwiFZp4H4eu5Uh9EmbcXvPSq6xNwzk2zzffFKmdUsB,,,https://x.com/AmericanEthical/status/2056045039202242574,,783c911,Shilin/artifacts/external_validation/raw_coin_metadata/XGFMP2Q438MCGma1PDLthBEZ8FqA2SkhGqmha8Kpump.json
XUuqffce1wPzFkixHN6P5zAVhaLoKCQkrqgqvEGpump,2026-06-10T10:44:17Z,True,8MCb3WVxGaY6qpviD7n556mMKZHjw3Xz1FfiqBywjVrD,https://t.me/ihatecryptomeme,ihatecryptomeme,https://x.com/ihatecryptomeme,https://hatecrypto.xyz,783c911,Shilin/artifacts/external_validation/raw_coin_metadata/XUuqffce1wPzFkixHN6P5zAVhaLoKCQkrqgqvEGpump.json
YBWrKHgjAazRdjYMapiAuQPjjrdmAbCef43nJeLpump,2026-06-06T14:16:31Z,True,CaiLVdwjM3KRbYTLyTBFfhKUWVh9LUrMp26ux1kevGVc,,,https://twitter.com/cryptodotnews/status/2063263640929935575,,783c911,Shilin/artifacts/external_validation/raw_coin_metadata/YBWrKHgjAazRdjYMapiAuQPjjrdmAbCef43nJeLpump.json
YULC3xf5juYrKV1Q2XnWMBB5LaDDRY2y5tJC1wQpump,2026-05-14T09:04:15Z,True,EV8iyh9KMtLnKFt7RDAk3nRE7Y881ncSnXx5MRMNcigg,,,https://x.com/cb_doge/status/2054839707977298395,,783c911,Shilin/artifacts/external_validation/raw_coin_metadata/YULC3xf5juYrKV1Q2XnWMBB5LaDDRY2y5tJC1wQpump.json
YoUJjb3vLuwpQWPTcuFuu232S3C1YsQgAnqfNBWpump,2026-05-30T02:43:53Z,True,4bxMDAHogq8tK1bG1y2BecdLXPmsGPHr2aSQoB6RhLhz,,,https://x.com/SnazzyLabs/status/2060157313760350426,,783c911,Shilin/artifacts/external_validation/raw_coin_metadata/YoUJjb3vLuwpQWPTcuFuu232S3C1YsQgAnqfNBWpump.json
YyZcoaA7Umdk4HQxXayzzhaz46w8TKV1yRAYTbkpump,2026-05-14T07:54:00Z,True,J1CpFFngfdytNBUASMM8FvzeZifNMj5Dmq25ZqMPnKV2,,,https://x.com/search?q=jensen%20leather%20jack&src=typed_query,,783c911,Shilin/artifacts/external_validation/raw_coin_metadata/YyZcoaA7Umdk4HQxXayzzhaz46w8TKV1yRAYTbkpump.json
Z3g4bpqbnvRArZjXYkEVNUH2DmK3H1gNqtPjdQypump,2026-05-15T02:28:18Z,True,C6g8hJwMRRjmLjDYyZP95cdiH69ctzGevV2rqHYCydTa,,,https://x.com/SenLummis/status/2054981054524440721,,783c911,Shilin/artifacts/external_validation/raw_coin_metadata/Z3g4bpqbnvRArZjXYkEVNUH2DmK3H1gNqtPjdQypump.json
Ze5WDdRr7sUQ8EewXD5bSm16zBkEEcGqSzUV6E8pump,2026-05-22T14:24:24Z,True,B2UqrZ6QaQgv5WKYg2DQSUejW6yW1uua65g1SB9pVd7U,,,https://x.com/snoopyb047/status/2057587067111047427,,783c911,Shilin/artifacts/external_validation/raw_coin_metadata/Ze5WDdRr7sUQ8EewXD5bSm16zBkEEcGqSzUV6E8pump.json
ZhxebfqGgPBj6vsLrz4KkTt41KxjMeJPzkiZVnWpump,2026-05-19T03:03:17Z,True,9EeqazukMHKmiovAs9TETsmyc2AQs6hkMKUa4kfCaN5Z,,,https://x.com/PGSA_IRAN/status/2056295623276495262,,783c911,Shilin/artifacts/external_validation/raw_coin_metadata/ZhxebfqGgPBj6vsLrz4KkTt41KxjMeJPzkiZVnWpump.json
ZmPUjZohXfvENtxHERrNFrmWKjT8DhGx2VEX3Ptpump,2026-05-12T03:08:05Z,True,98QAgxbiNdf7PVxvNMwRMiop8ACX9UbP4LnVHYbm38jH,,,https://x.com/TheDefiApe/status/2053968097510330609,,783c911,Shilin/artifacts/external_validation/raw_coin_metadata/ZmPUjZohXfvENtxHERrNFrmWKjT8DhGx2VEX3Ptpump.json
Zr8bD2HCLFCRzV1p12unqqmUJYcCKSs649Qvtjhpump,2026-06-01T06:51:30Z,True,GxzqTEjAKrRKHrGpW89Nv1Rti5TRAXKVAuPyhQzPFp83,,,https://x.com/Polymarket/status/2061086853403447400,,783c911,Shilin/artifacts/external_validation/raw_coin_metadata/Zr8bD2HCLFCRzV1p12unqqmUJYcCKSs649Qvtjhpump.json
ZwVKT5bPq9eXxUwvddvhMgWrHbBu5QaGKDbgjAppump,2026-05-31T02:02:58Z,True,4Q6i7sZJ5GXwHC6bXVfw9kuNGWDfeP2YELZiXK9yrfT7,,,https://x.com/EricLDaugh/status/2060780782600253930,,783c911,Shilin/artifacts/external_validation/raw_coin_metadata/ZwVKT5bPq9eXxUwvddvhMgWrHbBu5QaGKDbgjAppump.json
a2n7ACbL5m3Adf6WxwBw7KzShM3jd99YDV4zNGHpump,2026-05-29T12:10:44Z,True,GrbSFm6CGUe6wPUWzGshT6FemG2Pi6dAm65gkBcfBW2V,,,https://x.com/thedevrrrrrrr/status/2060332993420648553,https://x.com/AIHegemonyMemes/status/2060332301184282860?t=18,783c911,Shilin/artifacts/external_validation/raw_coin_metadata/a2n7ACbL5m3Adf6WxwBw7KzShM3jd99YDV4zNGHpump.json
aXEkwkjPbqYFhV9aaBQbLXE8RphdnTdbGn2iUg8pump,2026-05-27T22:43:14Z,True,5gzHDZKHcaNQ9k7mV3qMrETNv7ReEvThYq9XiwPJ7pie,,,https://truthsocial.com/@realDonaldTrump/116648950505497613,,783c911,Shilin/artifacts/external_validation/raw_coin_metadata/aXEkwkjPbqYFhV9aaBQbLXE8RphdnTdbGn2iUg8pump.json
ajdbhktbcP3uq1Gjt1rxpDZHJYmxMewzt3nwRnGpump,2026-05-18T23:59:56Z,True,77iMyQztDMNfTtYFLrzuj2hEHFUynLrfN7iVDNrXbQ4r,,,https://x.com/doganuraldesign/status/2056287374481498172,,783c911,Shilin/artifacts/external_validation/raw_coin_metadata/ajdbhktbcP3uq1Gjt1rxpDZHJYmxMewzt3nwRnGpump.json
azkUVWSMKxSVxYq8R7oHZmidboNEjVQ2RYev4dSpump,2026-05-17T15:00:51Z,True,9hGEUGbd9f7C7TVpXv45z7GHaF2q7vVm8eWNUA95NRxy,,,https://x.com/Forbes/status/2056027121441734958,,783c911,Shilin/artifacts/external_validation/raw_coin_metadata/azkUVWSMKxSVxYq8R7oHZmidboNEjVQ2RYev4dSpump.json
b5i2xzFMQTxXvq2kK3fsqwyopGcJWprAMrh3965pump,2026-06-04T15:15:18Z,True,D7MZisYyeBdzKGi7dFbzLpqYrchg7Cf1c24DkMuYuCNL,,,https://x.com/THETRENCHERYA/status/2062553737785168384?s=20,https://pump.fun/go,783c911,Shilin/artifacts/external_validation/raw_coin_metadata/b5i2xzFMQTxXvq2kK3fsqwyopGcJWprAMrh3965pump.json
b77PRZ39rF5tWL89aARgsaCsC84K5M4Bq41mq7xpump,2026-05-15T10:07:39Z,True,DyQr36mqCpTJVhsiQ2CNFqH9GGiRFJ7MRcNBkRLWxk9D,,,,,783c911,Shilin/artifacts/external_validation/raw_coin_metadata/b77PRZ39rF5tWL89aARgsaCsC84K5M4Bq41mq7xpump.json
b79ZDqH443ymthXrvhfQ7GMPSWUDf6vEu7FK2Vcpump,2026-05-24T15:16:45Z,True,4FpNZRnU61ekYytTtAmfPZbnJ8RRZ8eoMKgoD5bA1tjp,,,https://x.com/Badhombre/status/2058341145357263249,,783c911,Shilin/artifacts/external_validation/raw_coin_metadata/b79ZDqH443ymthXrvhfQ7GMPSWUDf6vEu7FK2Vcpump.json
b8cf5sEXe5jXLB5jgPtZUwwNGSEyTXhudra2zhipump,2026-06-01T12:51:29Z,True,FgpmbFvT429tXmKhMC2nUC34CptGoZbtqzxW193rsVus,,,https://x.com/i/trending/2061422234561024408,,783c911,Shilin/artifacts/external_validation/raw_coin_metadata/b8cf5sEXe5jXLB5jgPtZUwwNGSEyTXhudra2zhipump.json
bHUHfmbAyBe7XzsHk69kXaURrumzesEsgSqu12Qpump,2026-05-13T16:47:06Z,True,DER6FkPq2LccwNLT6pw391uAEkw9aVLQdSq71AvDYUxS,,,https://x.com/2xdogsol/status/2054604259505959361,,783c911,Shilin/artifacts/external_validation/raw_coin_metadata/bHUHfmbAyBe7XzsHk69kXaURrumzesEsgSqu12Qpump.json
bNHYBBvJLyDdhoc1oLWdxrx98fD55K5sAzrJYhnpump,2026-05-22T02:40:35Z,True,472RQhbyetRa9Z5PgFaE6t3WmD9qodKneeHRaNquT47s,,,https://x.com/SawyerMerritt/status/2057201539735785746?s=20,,783c911,Shilin/artifacts/external_validation/raw_coin_metadata/bNHYBBvJLyDdhoc1oLWdxrx98fD55K5sAzrJYhnpump.json
bPkYqdZHKmr7o3RVRLKR2tdFeWymb8VQXEUd79bpump,2026-05-14T02:48:31Z,True,9Eny7JBtzLDJ1QmR9RJpyiNGSBfwSwqhua2NQwe4wLrT,,,https://x.com/cb_doge/status/2054752793215594600,,783c911,Shilin/artifacts/external_validation/raw_coin_metadata/bPkYqdZHKmr7o3RVRLKR2tdFeWymb8VQXEUd79bpump.json
bmH8pDTceJ6bgSXhV2qg5Y4Zj2maZvnNTeBcwVcpump,2026-05-23T01:48:33Z,True,87174cBHSrJo5CtDPUC2JSzu17oBgsAKGZMdYDXKQfRD,,,https://x.com/realDonaldTrump/status/2057968277062582378,,783c911,Shilin/artifacts/external_validation/raw_coin_metadata/bmH8pDTceJ6bgSXhV2qg5Y4Zj2maZvnNTeBcwVcpump.json
boorNucAqMV8BhaYmu6hNLiFSHMaTC7pjceGnzRpump,2026-06-04T00:26:22Z,True,5EyD53ZFTnQH1mDppd67NpuTZGtDF36BWqjqQoHwPdMK,,,https://x.com/HalfwayPost/status/2061297843948912839,,783c911,Shilin/artifacts/external_validation/raw_coin_metadata/boorNucAqMV8BhaYmu6hNLiFSHMaTC7pjceGnzRpump.json
c8V6yDtbmCERcRXm1REPYFiEK7zKeJDhhQ8dUqGmine,2026-06-08T15:11:02Z,True,Gn8gtegXefSuNToBwnNGL3dMJZ8oNTj73fggPsr8rdPA,,,https://x.com/playbountycraft,https://bountycraft.net/,783c911,Shilin/artifacts/external_validation/raw_coin_metadata/c8V6yDtbmCERcRXm1REPYFiEK7zKeJDhhQ8dUqGmine.json
cPNpTegVuoSC1nMds8wBmPcJVtijG2s3fsnyhqMpump,2026-05-26T23:07:55Z,True,sfDUG3FhfiTzAEVhQzSvGDkWGojSUFP523SP9tYYzg2,https://t.me/thomasdank,thomasdank,https://x.com/Dank_On_Solana,,783c911,Shilin/artifacts/external_validation/raw_coin_metadata/cPNpTegVuoSC1nMds8wBmPcJVtijG2s3fsnyhqMpump.json
cdGc2bnFkwDfRJMQw3d9FEGUnzKjvcLfhEoSCVepump,2026-05-22T00:57:55Z,True,6JiAhW5yKdh3HtyRCk2RYpihYeuyiAMsTmLd8vuuyyqM,,,https://x.com/elonmusk/status/2057337929589039126,,783c911,Shilin/artifacts/external_validation/raw_coin_metadata/cdGc2bnFkwDfRJMQw3d9FEGUnzKjvcLfhEoSCVepump.json
ce9JbCEWG3tpwUpDHz5KELH8LkRW3e1BvSuudGhpump,2026-06-03T14:43:40Z,True,68LTvYxXCg9rnhThigGtvA2fVea4FLxXSngoCSNJRh5d,,,https://twitter.com/pmarca/status/2062183375889129927,,783c911,Shilin/artifacts/external_validation/raw_coin_metadata/ce9JbCEWG3tpwUpDHz5KELH8LkRW3e1BvSuudGhpump.json
ceYY3G52RkMLbP9Xw5mK83RNt222pLgbHQgAodvpump,2026-05-15T08:34:11Z,True,BMz2ifgF5sGoMi7wX1wdCJtFnVnmWaexGHnkVcgJQvgS,,,https://x.com/cuichenghao/status/2055152905305686104,,783c911,Shilin/artifacts/external_validation/raw_coin_metadata/ceYY3G52RkMLbP9Xw5mK83RNt222pLgbHQgAodvpump.json
cxuvZgT9Ka2FCeZgwHq882AhaZLkKziALFVEgeHpump,2026-05-30T02:59:16Z,True,4DuvGAbQ8NkM74P9w9fwe15vTHfHq3fVjhLS3PDVwnoR,,,,,783c911,Shilin/artifacts/external_validation/raw_coin_metadata/cxuvZgT9Ka2FCeZgwHq882AhaZLkKziALFVEgeHpump.json
d1dUU1kh7An8h2UB86FpXeb5APobD6NUFNNBfNrpump,2026-05-31T00:07:57Z,True,EATqu8qVNpVHXhxfYTsPUxGWZA5wM67ftR4fTnydJtaz,,,https://x.com/EricLDaugh/status/2060781840953139413,,783c911,Shilin/artifacts/external_validation/raw_coin_metadata/d1dUU1kh7An8h2UB86FpXeb5APobD6NUFNNBfNrpump.json
dDhLgMQLHNg9SMm5eqewKeMKp58ZeCbyyGC1thipump,2026-06-04T08:21:42Z,True,6EJTgKssXbP1pWPiB3aFDyVXdWYV4SQ7mMuXzGaAqsmZ,,,https://x.com/WhiteHouse/status/2062318641542988097,,783c911,Shilin/artifacts/external_validation/raw_coin_metadata/dDhLgMQLHNg9SMm5eqewKeMKp58ZeCbyyGC1thipump.json
desVCkHV2BVQC93tm5XdCe9nfKwM66RcFKnKMD1pump,2026-05-23T02:54:33Z,True,7xHhbXwoMma9a4fDcZKPeaQkdcZbJ43mQ5Sc7ed5Y9Hy,,,,https://dotonsol.fun/,783c911,Shilin/artifacts/external_validation/raw_coin_metadata/desVCkHV2BVQC93tm5XdCe9nfKwM66RcFKnKMD1pump.json
diK2uVBpBdst95MCm9e2FECyrvZE3BJ87TfqDM4pump,2026-05-18T15:10:51Z,True,3S8jnec5KpkCmYQ4K6AhdeG9p2bFaYsk8ED6YCNFoBTv,,,https://x.com/cryptorover/status/2055879278596874465,,783c911,Shilin/artifacts/external_validation/raw_coin_metadata/diK2uVBpBdst95MCm9e2FECyrvZE3BJ87TfqDM4pump.json
dxUyy6pkn7wcgtorBMnrSjQUwPG7Z5LVqDeqozepump,2026-05-20T14:29:23Z,True,52eVRFsJNCVASCyDWBcBENZFqx8DKfWpynyu4yziNxcJ,,,https://x.com/telegram/status/2056790887095763337,,783c911,Shilin/artifacts/external_validation/raw_coin_metadata/dxUyy6pkn7wcgtorBMnrSjQUwPG7Z5LVqDeqozepump.json
e22pFQuUQdVyNst5Lgstb4C68mRnmz6u3Q857b5pump,2026-05-27T19:32:22Z,True,EXWsnsJXYc1JDukkbLb4MEDnhej5QJS4HuUMp3oNLgXq,,,https://x.com/solanachunks,https://chunk.wtf,783c911,Shilin/artifacts/external_validation/raw_coin_metadata/e22pFQuUQdVyNst5Lgstb4C68mRnmz6u3Q857b5pump.json
efkWQ8Mu1L4WcA3DjNrbFbE2H1iDQ59QM2QB3Ycpump,2026-05-21T09:56:07Z,True,FQPzBD2SKsxbjFjZ97eNgX4BRXQWeoW2YUNqMw1zGZ6s,https://t.me/APUS_SOL,APUS_SOL,https://x.com/apus_solana,https://apus.best,783c911,Shilin/artifacts/external_validation/raw_coin_metadata/efkWQ8Mu1L4WcA3DjNrbFbE2H1iDQ59QM2QB3Ycpump.json
enR8x9VxNB3SUL5tHAxgzzemFmVKn2UyGVM9rTipump,2026-05-31T00:11:10Z,True,8wJiPTc8P99eXziFuqfqhRzCfJExt8mGxjHysahwTtbF,,,https://x.com/EricLDaugh/status/2060781840953139413,,783c911,Shilin/artifacts/external_validation/raw_coin_metadata/enR8x9VxNB3SUL5tHAxgzzemFmVKn2UyGVM9rTipump.json
erJhtBL3dpeb68tSz1qTRCKYDS2GbqEbH9xXexSpump,2026-05-22T03:56:20Z,True,m9Q8B2guuQUfvcc1aFqVQ4MaZuKTCH41X9Lz9AxTM9p,,,https://x.com/SawyerMerritt/status/2057201539735785746?s=20,,783c911,Shilin/artifacts/external_validation/raw_coin_metadata/erJhtBL3dpeb68tSz1qTRCKYDS2GbqEbH9xXexSpump.json
ezktb9XwEEK2rXn7jHoCkB2evZXQRHYi4vWceZepump,2026-05-16T16:18:50Z,True,8Ho9HoCD5hgn29Xk4q2WK3hZCuDKkrpriazFsiNyoQcV,,,https://x.com/WatcherGuru/status/2055377690522161221,,783c911,Shilin/artifacts/external_validation/raw_coin_metadata/ezktb9XwEEK2rXn7jHoCkB2evZXQRHYi4vWceZepump.json
fEta8U5i2QTPh573xiExXtH3AjcyPaaywdMkYukpump,2026-06-02T10:14:05Z,True,DjAw11U373DnDp14fav7YyUZYaBYgnwPSDq4vvs9ArZn,,,,,783c911,Shilin/artifacts/external_validation/raw_coin_metadata/fEta8U5i2QTPh573xiExXtH3AjcyPaaywdMkYukpump.json
fJhqBAa8RFZZEGjFaJVzqgxfAMUWfakYTTpXmaTpump,2026-05-14T14:16:47Z,True,H6jFSG423X1rZdK5hJPMBrQGR276jw6LZpn9MBqWKCWT,,,https://x.com/toly/status/2054927663031370228,,783c911,Shilin/artifacts/external_validation/raw_coin_metadata/fJhqBAa8RFZZEGjFaJVzqgxfAMUWfakYTTpXmaTpump.json
fXUW7QauevnLxXkdwkqhvckjLD32xqitf2EZ1egpump,2026-05-21T03:25:30Z,True,711QwAPUUNPPGbYbxXyrmmS9pqLEQWMSsUgxWgQ4BFBi,,,,,783c911,Shilin/artifacts/external_validation/raw_coin_metadata/fXUW7QauevnLxXkdwkqhvckjLD32xqitf2EZ1egpump.json
gAhvUSC7XamFqt6gr1JwHU2tEZFYQMEQYEsyKBSpump,2026-05-28T00:30:54Z,True,C7f1Fy8TUcrwL5MyH9pEoUpaw79EFggU8t6ip6jEzEhx,,,https://x.com/wrappedbulls/status/2059794278197436492,https://github.com/wrappedbulls/wrappedbulls,783c911,Shilin/artifacts/external_validation/raw_coin_metadata/gAhvUSC7XamFqt6gr1JwHU2tEZFYQMEQYEsyKBSpump.json
gG6hZgrAMAdDaHXemT3DNxXfNKZadziFmtLcvuEpump,2026-06-09T12:10:09Z,True,DeYpq78SVz63hWSJGPXcX1D3NpdHym71tUUbUdGpozmT,,,https://x.com/WearForbidden/status/2063843200570188212,,783c911,Shilin/artifacts/external_validation/raw_coin_metadata/gG6hZgrAMAdDaHXemT3DNxXfNKZadziFmtLcvuEpump.json
gScbLjUZTckCcnmZngTyJNCo5eGKJQgQZMpL48Vpump,2026-06-01T04:50:16Z,True,3iu4UofbyMBuK1JjCzdBzV73TJnjUzs9WoS3r3tpLnDC,,,https://x.com/TheSourceS0L/status/2061309296717988164,https://www.youtube.com/live/wSp6AiNIrsY,783c911,Shilin/artifacts/external_validation/raw_coin_metadata/gScbLjUZTckCcnmZngTyJNCo5eGKJQgQZMpL48Vpump.json
gThzkC7i8jKbpn4LbfXV3mLPf2omTtHnkVPfkY6pump,2026-05-22T12:02:22Z,True,2bs6KZoT6uEiptvZUfLQiSjFMWNe46aKMWY28765F8FE,,,https://x.com/elonmusk/status/2057327547411570907?s=20,,783c911,Shilin/artifacts/external_validation/raw_coin_metadata/gThzkC7i8jKbpn4LbfXV3mLPf2omTtHnkVPfkY6pump.json
gaCrqRDMJxCg4yfdKHwyhCtX6gH9LVQBNVxR52upump,2026-05-26T14:05:13Z,True,3QNXXgPtARP4GkMrNSX6DFXXWho3y2rH6dXtgQe56mn3,,,https://x.com/GuntherEagleman/status/2059270904811528698,,783c911,Shilin/artifacts/external_validation/raw_coin_metadata/gaCrqRDMJxCg4yfdKHwyhCtX6gH9LVQBNVxR52upump.json
hGvUY77WCT1xRowB1cRbYFfaJAoBsuaWr8xseYbpump,2026-05-14T18:15:30Z,True,8zgziLKaZ2KhmYMQkheWV2vvLuL1vwzjz9kYW9GaLzmp,https://t.me/supermaxsol,supermaxsol,https://x.com/super_maxxing,https://supermaxxing.net/,783c911,Shilin/artifacts/external_validation/raw_coin_metadata/hGvUY77WCT1xRowB1cRbYFfaJAoBsuaWr8xseYbpump.json
hN3We4GugC1HZRwFWahKXTunRoziMCHzpo7FU5jpump,2026-06-10T13:16:10Z,True,8UudH7d2AopxyiQ8XchwweW1RkmFUxWU8Tz6erKeofMF,,,https://x.com/Pumpfun/status/2064344327619334467,https://pumpfunjobs.vercel.app/,783c911,Shilin/artifacts/external_validation/raw_coin_metadata/hN3We4GugC1HZRwFWahKXTunRoziMCHzpo7FU5jpump.json
hd3hyVWW28XtUt6bt4fQbTjdHpTy61rqoKbCq35pump,2026-05-16T16:34:28Z,True,CxMavKcZnf1SwqN8JmhaGVRRft5PFzK5HEY7Lo5zVtDF,,,https://x.com/WatcherGuru/status/2055377690522161221,,783c911,Shilin/artifacts/external_validation/raw_coin_metadata/hd3hyVWW28XtUt6bt4fQbTjdHpTy61rqoKbCq35pump.json
hf34pZHnV4entu9bdp4pFEmeKpivEUeSUhASgWopump,2026-06-08T16:58:46Z,True,91b1Q46q5dif6GNubbRfgMY3XgcuzTofhnssTdpG5Uqw,https://t.me/MumuTheBullPortal,MumuTheBullPortal,https://x.com/mumu_bull,https://mumu.ing,783c911,Shilin/artifacts/external_validation/raw_coin_metadata/hf34pZHnV4entu9bdp4pFEmeKpivEUeSUhASgWopump.json
hjnfbsN6mbGpEYwN1TwAYKeUimTQQQkqy6bz1qVpump,2026-06-07T03:51:16Z,True,DKnMqNNw2MpKMpsVtbHhUc2ACCgCbtBKfkABhN9BcEDG,,,,,783c911,Shilin/artifacts/external_validation/raw_coin_metadata/hjnfbsN6mbGpEYwN1TwAYKeUimTQQQkqy6bz1qVpump.json
hpD6P7mGZDwMAQhK3HSfKFdiLXv3YXrrMQ91kGZpump,2026-05-21T12:46:31Z,True,CtrwVba4N3g1mL5cGfGcHBeX8byiUyAjt6mkUxGThtpd,,,,,783c911,Shilin/artifacts/external_validation/raw_coin_metadata/hpD6P7mGZDwMAQhK3HSfKFdiLXv3YXrrMQ91kGZpump.json
i8Hf3LQ6VbyLxk47D3FM11L7CD3WgFYYmgQjifMpump,2026-05-27T12:42:52Z,True,HYa8pJQvRHyAHU7KQHATVLnH56w1ipDjx5c4KvwaYewj,,,https://x.com/CheddarBigBooty,,783c911,Shilin/artifacts/external_validation/raw_coin_metadata/i8Hf3LQ6VbyLxk47D3FM11L7CD3WgFYYmgQjifMpump.json
iYN6qZZhaRfwDdZ7aRHZAsFpx3mSZ5p9af6BZZspump,2026-06-03T00:26:16Z,True,7Xomxhv9ebbXKeWwTnfqRyWj5zHfgtghUeb6FwLLHvBF,,,,https://ipoor-nu.vercel.app/,783c911,Shilin/artifacts/external_validation/raw_coin_metadata/iYN6qZZhaRfwDdZ7aRHZAsFpx3mSZ5p9af6BZZspump.json
iaud18uMNpSSNV8pyymbWseRQV1dW8PTDAoTZJDpump,2026-05-29T14:10:53Z,True,6j5o7oa6LSczveutQQ6MLsBzSk4f1frB8d1vPe3n9FNQ,,,https://x.com/Kevin_SZN/status/2060363252953932169,,783c911,Shilin/artifacts/external_validation/raw_coin_metadata/iaud18uMNpSSNV8pyymbWseRQV1dW8PTDAoTZJDpump.json
inDu8cufHDvuBWRXGkXf6ETRWrH2VU6Y61X5T6Npump,2026-06-09T02:01:11Z,True,CbgxobxSL4bjj9B9o7oW1uJoqf2vfx9D5VrPe6mpjMpY,,,https://x.com/JotchuaTrump,https://jotchuatrump.xyz,783c911,Shilin/artifacts/external_validation/raw_coin_metadata/inDu8cufHDvuBWRXGkXf6ETRWrH2VU6Y61X5T6Npump.json
itg4dh7xL5NAoGVXU4yXfoF1aWGLJ2Kar7JAw9ipump,2026-05-13T09:06:17Z,True,AJmQqqWivZXEZBahHFAH7iiFooYtdyfYL5hpU3tgZDSG,,,https://x.com/EDDOGGGG/status/2054487394855108749?s=20,https://trumpclub.gettrumpmemes.com/,783c911,Shilin/artifacts/external_validation/raw_coin_metadata/itg4dh7xL5NAoGVXU4yXfoF1aWGLJ2Kar7JAw9ipump.json
iwCmpsUySybMTiRFEckJ9fDx8un5v2sKJ965Mwxpump,2026-05-22T11:57:02Z,True,8TRZPhqWKutG2cZVHGQqsDRmETRnpS8PbkjGsNMVGZWf,,,https://x.com/i/trending/2057743845732003943,,783c911,Shilin/artifacts/external_validation/raw_coin_metadata/iwCmpsUySybMTiRFEckJ9fDx8un5v2sKJ965Mwxpump.json
j8jTjstaeNEg9tVKmMLtp38rmZ4YXtikZTAFZb5pump,2026-06-02T19:36:40Z,True,2rTrWzGsf3hcEc14gHAUSRkLg4QCuQPPLKoiCXA5qFbT,,,,,783c911,Shilin/artifacts/external_validation/raw_coin_metadata/j8jTjstaeNEg9tVKmMLtp38rmZ4YXtikZTAFZb5pump.json
jKK9GUsdb87PA2N81SFxLBkjCrg7s4CQdWCanM5pump,2026-05-21T00:47:31Z,True,EJdomdrEdw1HkKn7z26eeiADbhCujpCQZsxUPWpHAMR8,,,https://x.com/elonmusk/status/2057180153558835572,,783c911,Shilin/artifacts/external_validation/raw_coin_metadata/jKK9GUsdb87PA2N81SFxLBkjCrg7s4CQdWCanM5pump.json
jQgKUkfJxEsi3oKq5fMWvHru2PUMnru56XEb83Rpump,2026-05-23T02:06:55Z,True,6jGVKCRWmP1keFPqAXiMHwW5yaLbRWwhhthkrZuJ7yRw,,,https://x.com/realDonaldTrump/status/2057968277062582378,,783c911,Shilin/artifacts/external_validation/raw_coin_metadata/jQgKUkfJxEsi3oKq5fMWvHru2PUMnru56XEb83Rpump.json
k85BpCNVEcLGCzwgKTi3ho3fRjg5Do8Xpo9VrcMpump,2026-06-05T03:01:25Z,True,54DimoXZZdcfq5KQfn1MVAv6bRDNkt694ckquzgKnbqL,,,https://x.com/savemejrus/status/2062727878505386054?s=20,,783c911,Shilin/artifacts/external_validation/raw_coin_metadata/k85BpCNVEcLGCzwgKTi3ho3fRjg5Do8Xpo9VrcMpump.json
kDEbwoS9Hzn8Wj2jyJ2PSLidbVDBQRGwgQG8Cfopump,2026-06-09T16:51:36Z,True,CyZiQ49S4iPkcj23Jc6aFcj3G18QhoHEoeKCRqtYy6YA,https://t.me/ballr_fi,ballr_fi,https://x.com/Ballr_fi,https://ballr.fi/,783c911,Shilin/artifacts/external_validation/raw_coin_metadata/kDEbwoS9Hzn8Wj2jyJ2PSLidbVDBQRGwgQG8Cfopump.json
kSrKKcfp9dJHWsxdYZuWtpXqXANmptdkTakB4YEpump,2026-05-30T02:32:43Z,True,AY9eFQkvpz1AF5JGvvB8yd9dLGkF3x7kVmWZX8qL1ABn,,,https://x.com/Polymarket/status/2060034216906068131,,783c911,Shilin/artifacts/external_validation/raw_coin_metadata/kSrKKcfp9dJHWsxdYZuWtpXqXANmptdkTakB4YEpump.json
kWqUKK29A3jNKdcF2VTV84RsbpntzHbvr2Z6YpVpump,2026-05-18T08:43:44Z,True,4mWxfPxpAkNsmeo8MV7t6oZU6mZ7DyAutntaLAMWi8go,,,https://x.com/AmericanEthical/status/2056045039202242574,,783c911,Shilin/artifacts/external_validation/raw_coin_metadata/kWqUKK29A3jNKdcF2VTV84RsbpntzHbvr2Z6YpVpump.json
kpYpoxvQXRYg8wTg11F64xvNbMMAykG9sZvxW45pump,2026-05-14T09:12:39Z,True,BofsLHQ93dBjx7n29H44hkJ5T6RhbAFw2yx6WpxpQvNC,,,https://x.com/cb_doge/status/2054839707977298395,,783c911,Shilin/artifacts/external_validation/raw_coin_metadata/kpYpoxvQXRYg8wTg11F64xvNbMMAykG9sZvxW45pump.json
kzahvEPRcHoTmKH1PYobzTT6pB3mMwHzGV7nQtYpump,2026-06-07T00:30:27Z,True,CdwyykpceJ5SsJ9b8wrMAWAYNgyndakPvJWX6jMrXNMH,,,https://x.com/AniTVOfficial/status/2063314816064786518,,783c911,Shilin/artifacts/external_validation/raw_coin_metadata/kzahvEPRcHoTmKH1PYobzTT6pB3mMwHzGV7nQtYpump.json
mEwRGhbt5eUCVNugGCwbmL3iodmFZ3XUPUXdegnGdWn,2026-06-08T23:03:09Z,True,4EGmR2NwkHX8QErzBgeF4oHbmNBMQ5Rhd7Mss7cXGGTe,,,,https://mewr.app/,783c911,Shilin/artifacts/external_validation/raw_coin_metadata/mEwRGhbt5eUCVNugGCwbmL3iodmFZ3XUPUXdegnGdWn.json
mdS3YVysi2rS2PyrBNcsgfrLZUnFNZrdYAFkz33pump,2026-06-04T02:07:10Z,True,5URX8QGFWoQUhTY7RntkcHmhxMQyVk65P15mTNJeVnZP,,,https://x.com/Polymarket/status/2061783664745193776,,783c911,Shilin/artifacts/external_validation/raw_coin_metadata/mdS3YVysi2rS2PyrBNcsgfrLZUnFNZrdYAFkz33pump.json
mx4wa8WgHjvi8SjnDHCdA2g161Lwg49JmdJr3unpump,2026-05-19T21:37:38Z,True,B15MWZXe5XURspRJyjopPbWUsAaLeg395q9N3FHXiCMW,,,https://x.com/enterthefoid,,783c911,Shilin/artifacts/external_validation/raw_coin_metadata/mx4wa8WgHjvi8SjnDHCdA2g161Lwg49JmdJr3unpump.json
mxJ88xMaCaJtgdZidkdNgX4yWQKcCHd1AEmHMrSpump,2026-05-24T14:03:34Z,True,51MZnQPHjWL7gaNjxJY2xY9bDA7iwCKfVmrt5VLT3kou,,,https://x.com/alifarhat79/status/2058541477970468927,,783c911,Shilin/artifacts/external_validation/raw_coin_metadata/mxJ88xMaCaJtgdZidkdNgX4yWQKcCHd1AEmHMrSpump.json
nCSJxYopikXG329sLeztucNiaqaHewUubdZmQWnpump,2026-06-07T23:29:46Z,True,EfwvSzh3XFaKSxzr4zFURuCoYawEcASsCLJ7F6wgaYGs,,,https://x.com/beeple/status/2063456312143331661,,783c911,Shilin/artifacts/external_validation/raw_coin_metadata/nCSJxYopikXG329sLeztucNiaqaHewUubdZmQWnpump.json
nrvZTfbUsfAtwYY242UtFAdd8HmRnCaGK91MFp6pump,2026-05-12T13:49:23Z,True,DyCPCpKX3MTc1mNLFZkyh5ga9eS3VVhDhmW71waq5aSV,,,https://x.com/WhiteHouse/status/2054187989887037809,,783c911,Shilin/artifacts/external_validation/raw_coin_metadata/nrvZTfbUsfAtwYY242UtFAdd8HmRnCaGK91MFp6pump.json
oQn58QkdtNZd6ptMwpF8uC4s7GD9FbhHtvRw3sQpump,2026-05-21T07:09:00Z,True,8RwSs7RT6j13B8J74Dn1yg9coJKZf1UovSesHXyrhTXB,,,,,783c911,Shilin/artifacts/external_validation/raw_coin_metadata/oQn58QkdtNZd6ptMwpF8uC4s7GD9FbhHtvRw3sQpump.json
oUccVjCoHJ54eWkPnMG7o8GEJjpvGwRMvMSpdyhpump,2026-05-12T03:29:22Z,True,FSLhbwNDTpPsR5hqFKfkDZcUqWLDjcqKhh8ujo7qC2V2,,,https://x.com/cryptorover/status/2053830239076200826,,783c911,Shilin/artifacts/external_validation/raw_coin_metadata/oUccVjCoHJ54eWkPnMG7o8GEJjpvGwRMvMSpdyhpump.json
oWH3v1fqE7A8w3GaHtdnGdb5XNYF76D8TMLUV9mpump,2026-05-28T04:00:43Z,True,7URUFsatMGxvBvwH3qTVJ89FWFzr2EvY4P3wCMgXdhRK,https://t.me/PokeLaunch,PokeLaunch,https://x.com/pokelaunchsol,https://pokelaunch.lol/,783c911,Shilin/artifacts/external_validation/raw_coin_metadata/oWH3v1fqE7A8w3GaHtdnGdb5XNYF76D8TMLUV9mpump.json
oaSjD1eonzrbAgQDREcRhDcTkRjHYt2KWP2WHdypump,2026-05-22T11:59:21Z,True,B1rZue34DXDYawnyTXQdcM6Ta4VwrWy4qnGyahrQRJEn,,,https://x.com/elonmusk/status/2057327547411570907?s=20,,783c911,Shilin/artifacts/external_validation/raw_coin_metadata/oaSjD1eonzrbAgQDREcRhDcTkRjHYt2KWP2WHdypump.json
oaUiAEN1gbFKEuVQ8X8dKp1LLoS5MN9Bf6THsJApump,2026-05-12T14:24:22Z,True,43f3tzgdJ7nMd3FLnm4SqGytcxUurCJArcxUSK8yp8qT,,,,https://jailrkc.vercel.app/,783c911,Shilin/artifacts/external_validation/raw_coin_metadata/oaUiAEN1gbFKEuVQ8X8dKp1LLoS5MN9Bf6THsJApump.json
oriKhwNBSyiqeoAzLV9G5pRspnu6pxBK953osd6pump,2026-05-19T01:41:51Z,True,FuAV789SLog6Z8jHJc9ENSenwqaEvDsvAF8zbCHMCVMG,,,https://x.com/cryptorover/status/2055879278596874465,,783c911,Shilin/artifacts/external_validation/raw_coin_metadata/oriKhwNBSyiqeoAzLV9G5pRspnu6pxBK953osd6pump.json
oxDDnSLYs3Mke2fSjgE2GYQC7Fnevm5m1uRc2Papump,2026-05-22T04:22:30Z,True,E1FCvYtZooB3as6uqX3VZcAnbhP6CFr8vdDmYVgS3n2x,,,https://x.com/SawyerMerritt/status/2057201539735785746?s=20,,783c911,Shilin/artifacts/external_validation/raw_coin_metadata/oxDDnSLYs3Mke2fSjgE2GYQC7Fnevm5m1uRc2Papump.json
p6hxSdFLEsifxpFDUNH9nfQgtTJs4c7XmZ3GLqipump,2026-05-24T19:20:34Z,True,BMzZarhcaKjfVQFGnjFoPjdixcp7fyfP2uGu1muDKTVs,,,https://x.com/Drake,,783c911,Shilin/artifacts/external_validation/raw_coin_metadata/p6hxSdFLEsifxpFDUNH9nfQgtTJs4c7XmZ3GLqipump.json
pCSEhuyRKTsUEY9FVFkhjUsehTaZp4G3BB1Hem3pump,2026-06-08T05:47:21Z,True,86Qb3P3J5nZ7W7UsVjNvQ8gmeWruZxxujdZJeVihkr4b,,,,,783c911,Shilin/artifacts/external_validation/raw_coin_metadata/pCSEhuyRKTsUEY9FVFkhjUsehTaZp4G3BB1Hem3pump.json
pHRmWZLHaTCo1jRq6wFEWebUVnfGQTMees8pVrYpump,2026-05-24T13:05:08Z,True,hSU7p7dtcnUFo74Fw11NuBdY6iSRf2oUp4L4FsYXtSu,,,,,783c911,Shilin/artifacts/external_validation/raw_coin_metadata/pHRmWZLHaTCo1jRq6wFEWebUVnfGQTMees8pVrYpump.json
pSwU3VnXkyGGDrdTRCo2rYjceAsTbwniXnxphYepump,2026-05-13T12:18:14Z,True,2Rtee4Poce5H2LteTR35mMTqZAHaLC7GnpEHEXUcNGqD,,,https://x.com/VocalPolitics1/status/2054521021860913374,,783c911,Shilin/artifacts/external_validation/raw_coin_metadata/pSwU3VnXkyGGDrdTRCo2rYjceAsTbwniXnxphYepump.json
pTeePAevrSUKZoLhAm3kfapw1x7TuMKB8nRX6BtrMVZ,2026-05-28T19:22:04Z,True,377QcVmVtpvfZBB4detTSfgoYX6UPa3CmQc5c9NdXRrj,,,https://www.youtube.com/watch?v=kZjFUEAUA3I,,783c911,Shilin/artifacts/external_validation/raw_coin_metadata/pTeePAevrSUKZoLhAm3kfapw1x7TuMKB8nRX6BtrMVZ.json
pitdKshXVLdtxBArat1GUFCKrAidpKo1MKrByRupump,2026-05-13T19:59:01Z,True,6EPEWHodabeCiLZ7boVuNY2JzDEDJoJpZ2Ck2t6mD9oU,,,,,783c911,Shilin/artifacts/external_validation/raw_coin_metadata/pitdKshXVLdtxBArat1GUFCKrAidpKo1MKrByRupump.json
q2yC2PPhZqjru2c6UWZfKJqJUtG1xJGTJKx8oy2pump,2026-06-10T03:26:37Z,True,5L9bQY93nNdU13NKEDXzUYc2BAESJ1MMzWWtDXjHAkTQ,,,https://x.com/pumpilians_,https://pumpilians.io,783c911,Shilin/artifacts/external_validation/raw_coin_metadata/q2yC2PPhZqjru2c6UWZfKJqJUtG1xJGTJKx8oy2pump.json
q5tadqL3jPc2r32debYQG1ewicbmGGUd4JviFzHpump,2026-06-02T09:31:28Z,True,2BPrY3WyNe2ZK5y53sptRSNDvQdZxjnhBVVzyCfyj2t2,,,https://x.com/search?q=Pride%20Month&src=recent_search_click,,783c911,Shilin/artifacts/external_validation/raw_coin_metadata/q5tadqL3jPc2r32debYQG1ewicbmGGUd4JviFzHpump.json
q8CppCqZ7MdGQPcsVtic8dT8jDEHGTy8HnzWZ6Qpump,2026-05-27T23:20:09Z,True,GyQqG1Bar19uu5B4NtuybcKpDn3jDpPVCcABVxGZqhZ8,,,https://x.com/WatcherGuru/status/2059759598437797964,,783c911,Shilin/artifacts/external_validation/raw_coin_metadata/q8CppCqZ7MdGQPcsVtic8dT8jDEHGTy8HnzWZ6Qpump.json
qDi5bW8WFg2i8MsoQ7urKPLKksMDQZmg9WJS4AZpump,2026-05-14T08:14:09Z,True,DgndQNbvVoaHVgygRKeT6yMsYm8JUjLuNDoWsMQ6hTwp,,,https://x.com/elonmusk/status/2054795370803429861,,783c911,Shilin/artifacts/external_validation/raw_coin_metadata/qDi5bW8WFg2i8MsoQ7urKPLKksMDQZmg9WJS4AZpump.json
qKnAEPCLEBjTqhXop9NMwJsHsfU1YsLtbBxzbCzpump,2026-06-01T01:39:36Z,True,3VvQBXDU2xzRSgZsNwLDcGibUKzLNaf4ZZdQSiUFRpUf,,,https://x.com/elonmusk/status/2060913203542913258,,783c911,Shilin/artifacts/external_validation/raw_coin_metadata/qKnAEPCLEBjTqhXop9NMwJsHsfU1YsLtbBxzbCzpump.json
rWDq6Niqd7YXqbtZ8DLimF6wfGHE4Z4GGJiWrRupump,2026-06-08T14:29:42Z,True,BUYpc6ZX6m5p9zsF7etAtwUkS1xMRYdWHqt5k9jUfnhC,,,,,783c911,Shilin/artifacts/external_validation/raw_coin_metadata/rWDq6Niqd7YXqbtZ8DLimF6wfGHE4Z4GGJiWrRupump.json
rgWQjoKD1pPruUPCajw5n6rY1J51pBuhSQ9TNbCpump,2026-05-21T03:19:44Z,True,9N8S5MSeLVicjFecqVUmaz2Jq21ytKr4LmkUh9rrLbgH,,,,,783c911,Shilin/artifacts/external_validation/raw_coin_metadata/rgWQjoKD1pPruUPCajw5n6rY1J51pBuhSQ9TNbCpump.json
rhSLtwy7wdENBUh11XLXeMztVcGJiAQ5TTDE4oepump,2026-05-27T16:51:19Z,True,J8HhRHVLuVNjRduBEixnLs7eJtw5z7P5koJkn2EzR8Lb,,,https://x.com/enterthefoid,,783c911,Shilin/artifacts/external_validation/raw_coin_metadata/rhSLtwy7wdENBUh11XLXeMztVcGJiAQ5TTDE4oepump.json
rrudD16KdgrCdVZCaDWho9FdDMbeur3yEkFpq6hpump,2026-05-20T02:32:54Z,True,9DW47UBNQZ2SjnjtM34L75w7oQrV5NKqGM8n2WEcg17L,,,https://x.com/bpthaber/status/2056673655501774995,,783c911,Shilin/artifacts/external_validation/raw_coin_metadata/rrudD16KdgrCdVZCaDWho9FdDMbeur3yEkFpq6hpump.json
sAzW8rsBSNwcQJVLMtg3VukEJrm3r7c4mYvtrMApump,2026-05-23T02:26:49Z,True,9ZrPcsDaYuSDuUqcWhgY2sETmJ83SMpu83gjLfKS5dtf,,,https://x.com/realDonaldTrump/status/2057968277062582378,,783c911,Shilin/artifacts/external_validation/raw_coin_metadata/sAzW8rsBSNwcQJVLMtg3VukEJrm3r7c4mYvtrMApump.json
sN3gUT5RTYRhNbSdiy3NSC1i29kgdRYUZjdzJm9pump,2026-05-27T01:16:18Z,True,7K9Sfa9nhhJ9UqJyTxpqQ2pxUo9VXgBLEYHeWBk53PFm,,,https://x.com/GoblinmaxxSol,,783c911,Shilin/artifacts/external_validation/raw_coin_metadata/sN3gUT5RTYRhNbSdiy3NSC1i29kgdRYUZjdzJm9pump.json
say3qN2iF9wRWN6SXDq6LSypNLGi98TJCg7HdtQpump,2026-05-19T03:56:45Z,True,AN87YmmofnEkvtdqXuiTg947SunZUSg24FMUpHUjpsq4,,,,https://www.cosmos.so/jamiec/discomorphism/canvas,783c911,Shilin/artifacts/external_validation/raw_coin_metadata/say3qN2iF9wRWN6SXDq6LSypNLGi98TJCg7HdtQpump.json
skwxX4B3MMq77uiBVY7mpN6Xrndz5LjFHEHW68Npump,2026-06-07T23:35:31Z,True,HfwNNLb2kVoa6gRCrErey85kuwmyVL4hDYGMSwCmkE2r,,,https://x.com/doomermemes_?s=21,,783c911,Shilin/artifacts/external_validation/raw_coin_metadata/skwxX4B3MMq77uiBVY7mpN6Xrndz5LjFHEHW68Npump.json
szzbU4Eb4PG4AfbgeSCZJHZtdAr1fZuHHXDDGcnpump,2026-05-25T08:27:04Z,True,8oDwnGQbjPjbz27ferg3owb4j2p7WRDmkdWCvyGxqzjb,,,https://x.com/Badhombre/status/2058341145357263249,,783c911,Shilin/artifacts/external_validation/raw_coin_metadata/szzbU4Eb4PG4AfbgeSCZJHZtdAr1fZuHHXDDGcnpump.json
t7wCEoj3HD7ZehxhBQNGkSkqmmirkq3KVAxeepspump,2026-05-31T01:23:16Z,True,DxYbTkgAsnDPjePDCHtGyXMTq4T69eMANda9CXbu87ru,,,https://x.com/EricLDaugh/status/2060781840953139413,,783c911,Shilin/artifacts/external_validation/raw_coin_metadata/t7wCEoj3HD7ZehxhBQNGkSkqmmirkq3KVAxeepspump.json
tF1XyhK4EhBRtzgNQnASKY4JnoQ2antssbJuXkdpump,2026-05-14T12:39:36Z,True,CzjFt8S7eP83WGvBzam32SMzbHnHBHRCxYLpQF1ArGwX,,,https://x.com/cb_doge/status/2054839707977298395,,783c911,Shilin/artifacts/external_validation/raw_coin_metadata/tF1XyhK4EhBRtzgNQnASKY4JnoQ2antssbJuXkdpump.json
tkRePQgX2H3a4dogcmYaPNpJ5rP34F5mmChGpHrpump,2026-06-06T18:22:02Z,True,9JTaFZMCprzxXe1dcU6RpkHYBrAouG4pfL3CgfjxDxWA,,,https://x.com/justfwy,,783c911,Shilin/artifacts/external_validation/raw_coin_metadata/tkRePQgX2H3a4dogcmYaPNpJ5rP34F5mmChGpHrpump.json
tn9HJBHpSUn6WQ9emBTMepGX25cqea3omzaMNCfpump,2026-05-21T09:57:40Z,True,Ef7ikYBBf52g3V4mKnttV3CAg2qeLN9KcGeYUfwBdYva,,,,,783c911,Shilin/artifacts/external_validation/raw_coin_metadata/tn9HJBHpSUn6WQ9emBTMepGX25cqea3omzaMNCfpump.json
tnGkhEazSiae11QfL4hnYskNqou5aifsGCYHgwypump,2026-05-23T02:08:31Z,True,3BtSgHQ89ZUMpmNs3woagskEbhiyk61fDDmkUxiXoYfq,,,https://x.com/XFreeze/status/2057533817783509496,,783c911,Shilin/artifacts/external_validation/raw_coin_metadata/tnGkhEazSiae11QfL4hnYskNqou5aifsGCYHgwypump.json
u27VxqGjnaM9kyMwcBRQtj1HaCzqomLpzmsMerupump,2026-05-31T00:40:20Z,True,2xwKjpNjxmNGVmR69JKQYoUezixxRMRooz53EFmrPrtx,,,https://x.com/EricLDaugh/status/2060781840953139413,,783c911,Shilin/artifacts/external_validation/raw_coin_metadata/u27VxqGjnaM9kyMwcBRQtj1HaCzqomLpzmsMerupump.json
uU4HhkbdeQ9FREvcjpvn9niuXNep4Pj6ngnAuPKpump,2026-05-19T00:22:34Z,True,GN5n9gHccnvuynqENhhXsXPhYjwWomhMK51iDeqQp7iV,,,https://x.com/WhiteHouse/status/2056441450124943475,,783c911,Shilin/artifacts/external_validation/raw_coin_metadata/uU4HhkbdeQ9FREvcjpvn9niuXNep4Pj6ngnAuPKpump.json
ue6sNF6zvxxpsBKCXhUJSHHpieUDQVXWVYd7PF1pump,2026-05-21T10:00:49Z,True,GCjE9yLDtRdw47JdcKgrTa18gCGci6QXfStyfgXNYdoR,,,,,783c911,Shilin/artifacts/external_validation/raw_coin_metadata/ue6sNF6zvxxpsBKCXhUJSHHpieUDQVXWVYd7PF1pump.json
uidS7gReVyhCWkQFUZapyuMmCjQc8zX344VwoCnpump,2026-06-10T08:25:10Z,True,9LhG7Bofm7jexjA1inhqAEQonKb5zTjwkzwEHabsCs2j,,,https://x.com/NeneKiyoMother,,783c911,Shilin/artifacts/external_validation/raw_coin_metadata/uidS7gReVyhCWkQFUZapyuMmCjQc8zX344VwoCnpump.json
uzAW6duqbifcp4y9pVnCjeRNSmb9amgnVkGcQmbpump,2026-05-30T13:01:10Z,True,AZkAvfPUFBkR7Q7Ubx27d5skusP12QecKZUJPy2W7zbw,,,https://x.com/SnazzyLabs/status/2060157313760350426,,783c911,Shilin/artifacts/external_validation/raw_coin_metadata/uzAW6duqbifcp4y9pVnCjeRNSmb9amgnVkGcQmbpump.json
vFrzvbABcQ3oMJdnJjgdSvvjPv8BpUNSRRCyz7Apump,2026-05-25T05:26:14Z,True,8RRYTy1iSWruXyzVWaavVJ3zGRSiDMpgQNcyjWswtnkB,,,,,783c911,Shilin/artifacts/external_validation/raw_coin_metadata/vFrzvbABcQ3oMJdnJjgdSvvjPv8BpUNSRRCyz7Apump.json
vgxUL6vwYYriqrSFWnD4ZBV4xBxpMJCXkwhctQcpump,2026-05-13T01:20:51Z,True,CSWDw8WqaYqzYjK5xgD51wBzbEFzTCXpxP5y4D9MsuZx,,,https://x.com/WhiteHouse/status/2054335002796576940,,783c911,Shilin/artifacts/external_validation/raw_coin_metadata/vgxUL6vwYYriqrSFWnD4ZBV4xBxpMJCXkwhctQcpump.json
w9t8MxFqyTNtfED7fg5az7J7DeBhKJhwAZ4NgbUpump,2026-06-04T13:58:17Z,True,DKeUvusBsJWP4u7kh2MpuVsK4cvag2qhe7ycsBCBnNVm,,,,https://ttyl.vercel.app,783c911,Shilin/artifacts/external_validation/raw_coin_metadata/w9t8MxFqyTNtfED7fg5az7J7DeBhKJhwAZ4NgbUpump.json
wXfe7vz2t8an9Ca5dy72ChU54fRvtefDRmb4rzUpump,2026-06-03T03:07:35Z,True,CtRkPnnT7sVqSmndSXus4RPPRLjup5nwPiSmvUd6XfC8,,,https://x.com/Polymarket/status/2061783664745193776,,783c911,Shilin/artifacts/external_validation/raw_coin_metadata/wXfe7vz2t8an9Ca5dy72ChU54fRvtefDRmb4rzUpump.json
wjsv8vXAxjzax4UC68kGSAziqMAAWiwwmgbdXocpump,2026-05-16T20:54:18Z,True,3gpJaRJwNQ5JowNPXXvzjnKCCadygzrs3H7145MTRCZH,,,https://x.com/btctrollonsol,https://www.btctroll.lol/,783c911,Shilin/artifacts/external_validation/raw_coin_metadata/wjsv8vXAxjzax4UC68kGSAziqMAAWiwwmgbdXocpump.json
wtMhxMiGWyi6seRZJfGetjhspp6qtu33w8LjYzwpump,2026-05-17T02:11:13Z,True,4offy7AnhSPZrEsVKRZkwDRSsqGmcEB7sCj7g82xd6Y2,,,https://x.com/WhiteHouse/status/2055785300148764859,,783c911,Shilin/artifacts/external_validation/raw_coin_metadata/wtMhxMiGWyi6seRZJfGetjhspp6qtu33w8LjYzwpump.json
xKQun3WwYQcpmsX9KurzkohCvExcyyi454MF8BsvTFs,2026-05-31T18:19:56Z,True,8EzkjBX6s3mfF2UtvdTjr9NGHVxit9KXjSxiSNuuYEyv,,,https://x.com/RT_com/status/2061149820673274286,https://eaglehub.today/margaret-swan-obituary-atlanta-georgia-66/,783c911,Shilin/artifacts/external_validation/raw_coin_metadata/xKQun3WwYQcpmsX9KurzkohCvExcyyi454MF8BsvTFs.json
xZdRgTtzaaAkvwfaYGv5JDsh6hkBjosLScAvK3opump,2026-05-28T04:48:18Z,True,CdYL5JKULDTAHMEetmRjUvYRGUeTecWhkk3gPzMGYW8z,,,https://x.com/EricLDaugh/status/2059756739906670836,,783c911,Shilin/artifacts/external_validation/raw_coin_metadata/xZdRgTtzaaAkvwfaYGv5JDsh6hkBjosLScAvK3opump.json
xbWiahzFEqZ4p7vYCBLgD7pnAifvfHE7sqrcCiUpump,2026-05-14T01:05:46Z,True,7wJZniruZ43HWz6bG11C9GijB8yaq9huPabg2oKQd7dQ,,,https://x.com/CuiMao/status/2054407640198041720,,783c911,Shilin/artifacts/external_validation/raw_coin_metadata/xbWiahzFEqZ4p7vYCBLgD7pnAifvfHE7sqrcCiUpump.json
xhzfa9zC1iZZGPyBvFS4QUWQELQmKwBxrbP5A4spump,2026-06-09T12:28:52Z,True,7n7txhTV5CiagoCFeGY1VH92qjkk72Pnoydwuquqrepu,,,https://x.com/kanyewest/status/2064117715338469767,,783c911,Shilin/artifacts/external_validation/raw_coin_metadata/xhzfa9zC1iZZGPyBvFS4QUWQELQmKwBxrbP5A4spump.json
xmTwCpyT1n6i63LqB3dRsW3ZuUKyMMpq5RMGfGmpump,2026-05-12T13:27:40Z,True,4aaQSVavC9axLf2EC3TCx2BprSkWSBXzxdyYRD1KMCYk,,,https://x.com/WhiteHouse/status/2054187989887037809,,783c911,Shilin/artifacts/external_validation/raw_coin_metadata/xmTwCpyT1n6i63LqB3dRsW3ZuUKyMMpq5RMGfGmpump.json
y477kZWyxoMdMhTzhxVyRqZrSnHccJ9W9NrxFV5pump,2026-05-30T05:57:41Z,True,A1Rb5Mtnor8oGvwBQ21BknGgHrQT2B5VaBBnXtxFRECq,,,,https://justcomma.xyz/,783c911,Shilin/artifacts/external_validation/raw_coin_metadata/y477kZWyxoMdMhTzhxVyRqZrSnHccJ9W9NrxFV5pump.json
y6S12mLosvvpmox7xkUdAaaseDuHESduMAm48Rfpump,2026-06-05T03:31:10Z,True,4u41aphMXwRbLLze1hgfDwBHEtxPgkGcAAZdE2JA3c8Y,,,,,783c911,Shilin/artifacts/external_validation/raw_coin_metadata/y6S12mLosvvpmox7xkUdAaaseDuHESduMAm48Rfpump.json
yDRxGE73BQoZxJsScpLGmKoHWwZQwQLZkqc3517pump,2026-06-10T01:10:11Z,True,ArdKsFKQ7GWgXFQ9b6WxBm91J8kFFDfon8EBLTupufVg,,,https://x.com/CalltoActivism/status/2064162965100609620,,783c911,Shilin/artifacts/external_validation/raw_coin_metadata/yDRxGE73BQoZxJsScpLGmKoHWwZQwQLZkqc3517pump.json
yDfnbotaBrkNxwYYhtg6idpQBb1G5roh6iSMRKcpump,2026-06-01T08:59:02Z,True,GuRgf2QDZKLGW16ehUMUvra78mACDZVzDfewkM8GGtzj,https://t.me/Icepin_SOL,Icepin_SOL,https://x.com/Icepinsol,https://icepin.fun/,783c911,Shilin/artifacts/external_validation/raw_coin_metadata/yDfnbotaBrkNxwYYhtg6idpQBb1G5roh6iSMRKcpump.json
yKTt93ZEjR6fmtysU41Vyt63vWtrkgxjCfiVMH4pump,2026-05-12T02:14:31Z,True,J8BUsUdPqZeFpbmof5eKCGbTnbHkYSPyp9QkWc1K9D1S,,,,https://dballs.bolt.host,783c911,Shilin/artifacts/external_validation/raw_coin_metadata/yKTt93ZEjR6fmtysU41Vyt63vWtrkgxjCfiVMH4pump.json
yQYGGvVSkQTZfEiE7npPLbisL3veuKb41qH5pQr46KA,2026-06-04T15:08:03Z,True,HN6zz2KaUHVFmqfyjMHgDwBKtfsC7CVjiRxQYGFpfqwk,,,https://x.com/EricBalchunas/status/2062551560723234938,https://axiom.trade/pulse?chain=sol,783c911,Shilin/artifacts/external_validation/raw_coin_metadata/yQYGGvVSkQTZfEiE7npPLbisL3veuKb41qH5pQr46KA.json
yt7nU8phBoqSjWD7bqxSnYUBanxR5M7KdRgUdqdpump,2026-05-27T13:41:11Z,True,71gA9TTTzjstJyPQPW3RcvtKQtyPJeH5v45vQ9dyCReG,,,https://x.com/duanwangye66/status/2059571765970624542?s=20,https://degenweather.vercel.app/,783c911,Shilin/artifacts/external_validation/raw_coin_metadata/yt7nU8phBoqSjWD7bqxSnYUBanxR5M7KdRgUdqdpump.json
yws5bdKFUJERxK8neiLv1XXcBdou8TWsitAgRqBpump,2026-06-02T19:16:13Z,True,D4dFoJoqAnWZB5Tzm2yg9kJGgEuFRpfQNFjEnPaVZfZN,,,https://twitter.com/Pumpfun/status/2061889520316854275,,783c911,Shilin/artifacts/external_validation/raw_coin_metadata/yws5bdKFUJERxK8neiLv1XXcBdou8TWsitAgRqBpump.json
z7X7sA8hz7eC9CH1bQM4gcp2KFRbqTxJAgUn6tcpump,2026-05-22T04:35:57Z,True,7dYQX99Qhv4gie3rz6asDcqJEA24TzQNfJvq7NxGXPcw,,,https://x.com/SawyerMerritt/status/2057201539735785746?s=20,,783c911,Shilin/artifacts/external_validation/raw_coin_metadata/z7X7sA8hz7eC9CH1bQM4gcp2KFRbqTxJAgUn6tcpump.json
zGyPFLyRbKBTbAaGd3PuWZEKQ13WENyAk4aGWPfpump,2026-06-01T10:00:31Z,True,DjqsSzVzprypULD1g8nWe5tDBqFChs21WMNSKUZXrd2H,,,https://x.com/makeitrun_meme/status/2061386982782025877,https://www.runnersolana.sbs/,783c911,Shilin/artifacts/external_validation/raw_coin_metadata/zGyPFLyRbKBTbAaGd3PuWZEKQ13WENyAk4aGWPfpump.json
zg3LSiJTH1JvThEek5dyjih9cmvgCpvV3vzoM8apump,2026-05-16T12:05:42Z,True,3GsiHtBhnoogHu8o2U1yZW58st8G5MhN2MTk4peQZkQW,,,https://x.com/WatcherGuru/status/2055377690522161221,,783c911,Shilin/artifacts/external_validation/raw_coin_metadata/zg3LSiJTH1JvThEek5dyjih9cmvgCpvV3vzoM8apump.json
zk1rbbUJhXxKpVctSCe6AdGGujGJ17twEJQ3Nv3pump,2026-06-04T14:20:20Z,True,E4TGZHyfJaFP1JSAsdEnAqxA9Fy4gYct5528nhDNwTcE,,,https://x.com/itimaliasof/status/2062160788471640208,,783c911,Shilin/artifacts/external_validation/raw_coin_metadata/zk1rbbUJhXxKpVctSCe6AdGGujGJ17twEJQ3Nv3pump.json
zvNXKKCoujJf9NAB1sGRn7hufbpP56Mvf7fMmJvjCAP,2026-05-19T10:19:49Z,True,7FvJLyAM5AMfxjSR9oPDRDVXwhENYj27EfisQafarGMs,,,https://x.com/cooldevisback/status/2056681180942959008?s=20,https://capcat.io/,783c911,Shilin/artifacts/external_validation/raw_coin_metadata/zvNXKKCoujJf9NAB1sGRn7hufbpP56Mvf7fMmJvjCAP.json
